INFO:regular_website_pipeline:  🤖 Starting DeepSeek analysis...
INFO:simple_llm_analysis:  ⏳ Initializing DeepSeek client...
INFO:simple_llm_analysis:  ⏱️ DeepSeek client initialized in 1.73 seconds
INFO:httpx:HTTP Request: POST https://api.deepseek.com/chat/completions "HTTP/1.1 200 OK"
INFO:regular_website_pipeline:  ✓ Analysis complete. Found 1 opportunities.
INFO:regular_website_pipeline:  🤖 Starting DeepSeek analysis...
INFO:simple_llm_analysis:  ⏳ Initializing DeepSeek client...
INFO:simple_llm_analysis:  ⏱️ DeepSeek client initialized in 1.36 seconds
INFO:httpx:HTTP Request: POST https://api.deepseek.com/chat/completions "HTTP/1.1 200 OK"
INFO:regular_website_pipeline:  ✓ Analysis complete. Found 1 opportunities.
ERROR:asyncio:Task exception was never retrieved
future: <Task finished name='Task-59' coro=<AsyncClient.aclose() done, defined at C:\Users\jimcr\AppData\Roaming\Python\Python313\site-packages\httpx\_client.py:1996> exception=RuntimeError('Event loop is closed')>
Traceback (most recent call last):
  File "C:\Users\jimcr\AppData\Roaming\Python\Python313\site-packages\httpx\_client.py", line 2003, in aclose
    await self._transport.aclose()
  File "C:\Users\jimcr\AppData\Roaming\Python\Python313\site-packages\httpx\_transports\default.py", line 383, in aclose
    await self._pool.aclose()
  File "C:\Users\jimcr\AppData\Roaming\Python\Python313\site-packages\httpcore\_async\connection_pool.py", line 353, in aclose
    await self._close_connections(closing_connections)
  File "C:\Users\jimcr\AppData\Roaming\Python\Python313\site-packages\httpcore\_async\connection_pool.py", line 345, in _close_connections
    await connection.aclose()
  File "C:\Users\jimcr\AppData\Roaming\Python\Python313\site-packages\httpcore\_async\connection.py", line 173, in aclose
    await self._connection.aclose()
  File "C:\Users\jimcr\AppData\Roaming\Python\Python313\site-packages\httpcore\_async\http11.py", line 258, in aclose
    await self._network_stream.aclose()
  File "C:\Users\jimcr\AppData\Roaming\Python\Python313\site-packages\httpcore\_backends\anyio.py", line 53, in aclose
    await self._stream.aclose()
  File "C:\Users\jimcr\AppData\Roaming\Python\Python313\site-packages\anyio\streams\tls.py", line 236, in aclose
    await self.transport_stream.aclose()
  File "C:\Users\jimcr\AppData\Roaming\Python\Python313\site-packages\anyio\_backends\_asyncio.py", line 1344, in aclose
    self._transport.close()
    ~~~~~~~~~~~~~~~~~~~~~^^
  File "C:\Python313\Lib\asyncio\proactor_events.py", line 109, in close
    self._loop.call_soon(self._call_connection_lost, None)
    ~~~~~~~~~~~~~~~~~~~~^^^^^^^^^^^^^^^^^^^^^^^^^^^^^^^^^^
  File "C:\Python313\Lib\asyncio\base_events.py", line 828, in call_soon
    self._check_closed()
    ~~~~~~~~~~~~~~~~~~^^
  File "C:\Python313\Lib\asyncio\base_events.py", line 551, in _check_closed
    raise RuntimeError('Event loop is closed')
RuntimeError: Event loop is closed
INFO:regular_website_pipeline:  🤖 Starting DeepSeek analysis...
INFO:simple_llm_analysis:  ⏳ Initializing DeepSeek client...
INFO:simple_llm_analysis:  ⏱️ DeepSeek client initialized in 1.75 seconds
INFO:httpx:HTTP Request: POST https://api.deepseek.com/chat/completions "HTTP/1.1 200 OK"
INFO:regular_website_pipeline:  ✓ Analysis complete. Found 3 opportunities.
ERROR:asyncio:Task exception was never retrieved
future: <Task finished name='Task-83' coro=<AsyncClient.aclose() done, defined at C:\Users\jimcr\AppData\Roaming\Python\Python313\site-packages\httpx\_client.py:1996> exception=RuntimeError('Event loop is closed')>
Traceback (most recent call last):
  File "C:\Users\jimcr\AppData\Roaming\Python\Python313\site-packages\httpx\_client.py", line 2003, in aclose
    await self._transport.aclose()
  File "C:\Users\jimcr\AppData\Roaming\Python\Python313\site-packages\httpx\_transports\default.py", line 383, in aclose
    await self._pool.aclose()
  File "C:\Users\jimcr\AppData\Roaming\Python\Python313\site-packages\httpcore\_async\connection_pool.py", line 353, in aclose
    await self._close_connections(closing_connections)
  File "C:\Users\jimcr\AppData\Roaming\Python\Python313\site-packages\httpcore\_async\connection_pool.py", line 345, in _close_connections
    await connection.aclose()
  File "C:\Users\jimcr\AppData\Roaming\Python\Python313\site-packages\httpcore\_async\connection.py", line 173, in aclose
    await self._connection.aclose()
  File "C:\Users\jimcr\AppData\Roaming\Python\Python313\site-packages\httpcore\_async\http11.py", line 258, in aclose
    await self._network_stream.aclose()
  File "C:\Users\jimcr\AppData\Roaming\Python\Python313\site-packages\httpcore\_backends\anyio.py", line 53, in aclose
    await self._stream.aclose()
  File "C:\Users\jimcr\AppData\Roaming\Python\Python313\site-packages\anyio\streams\tls.py", line 236, in aclose
    await self.transport_stream.aclose()
  File "C:\Users\jimcr\AppData\Roaming\Python\Python313\site-packages\anyio\_backends\_asyncio.py", line 1344, in aclose
    self._transport.close()
    ~~~~~~~~~~~~~~~~~~~~~^^
  File "C:\Python313\Lib\asyncio\proactor_events.py", line 109, in close
    self._loop.call_soon(self._call_connection_lost, None)
    ~~~~~~~~~~~~~~~~~~~~^^^^^^^^^^^^^^^^^^^^^^^^^^^^^^^^^^
  File "C:\Python313\Lib\asyncio\base_events.py", line 828, in call_soon
    self._check_closed()
    ~~~~~~~~~~~~~~~~~~^^
  File "C:\Python313\Lib\asyncio\base_events.py", line 551, in _check_closed
    raise RuntimeError('Event loop is closed')
RuntimeError: Event loop is closed
INFO:regular_website_pipeline:  🤖 Starting DeepSeek analysis...
INFO:simple_llm_analysis:  ⏳ Initializing DeepSeek client...
INFO:simple_llm_analysis:  ⏱️ DeepSeek client initialized in 1.56 seconds
INFO:httpx:HTTP Request: POST https://api.deepseek.com/chat/completions "HTTP/1.1 200 OK"
INFO:regular_website_pipeline:  ✓ Analysis complete. Found 1 opportunities.
ERROR:asyncio:Task exception was never retrieved
future: <Task finished name='Task-108' coro=<AsyncClient.aclose() done, defined at C:\Users\jimcr\AppData\Roaming\Python\Python313\site-packages\httpx\_client.py:1996> exception=RuntimeError('Event loop is closed')>
Traceback (most recent call last):
  File "C:\Users\jimcr\AppData\Roaming\Python\Python313\site-packages\httpx\_client.py", line 2003, in aclose
    await self._transport.aclose()
  File "C:\Users\jimcr\AppData\Roaming\Python\Python313\site-packages\httpx\_transports\default.py", line 383, in aclose
    await self._pool.aclose()
  File "C:\Users\jimcr\AppData\Roaming\Python\Python313\site-packages\httpcore\_async\connection_pool.py", line 353, in aclose
    await self._close_connections(closing_connections)
  File "C:\Users\jimcr\AppData\Roaming\Python\Python313\site-packages\httpcore\_async\connection_pool.py", line 345, in _close_connections
    await connection.aclose()
  File "C:\Users\jimcr\AppData\Roaming\Python\Python313\site-packages\httpcore\_async\connection.py", line 173, in aclose
    await self._connection.aclose()
  File "C:\Users\jimcr\AppData\Roaming\Python\Python313\site-packages\httpcore\_async\http11.py", line 258, in aclose
    await self._network_stream.aclose()
  File "C:\Users\jimcr\AppData\Roaming\Python\Python313\site-packages\httpcore\_backends\anyio.py", line 53, in aclose
    await self._stream.aclose()
  File "C:\Users\jimcr\AppData\Roaming\Python\Python313\site-packages\anyio\streams\tls.py", line 236, in aclose
    await self.transport_stream.aclose()
  File "C:\Users\jimcr\AppData\Roaming\Python\Python313\site-packages\anyio\_backends\_asyncio.py", line 1344, in aclose
    self._transport.close()
    ~~~~~~~~~~~~~~~~~~~~~^^
  File "C:\Python313\Lib\asyncio\proactor_events.py", line 109, in close
    self._loop.call_soon(self._call_connection_lost, None)
    ~~~~~~~~~~~~~~~~~~~~^^^^^^^^^^^^^^^^^^^^^^^^^^^^^^^^^^
  File "C:\Python313\Lib\asyncio\base_events.py", line 828, in call_soon
    self._check_closed()
    ~~~~~~~~~~~~~~~~~~^^
  File "C:\Python313\Lib\asyncio\base_events.py", line 551, in _check_closed
    raise RuntimeError('Event loop is closed')
RuntimeError: Event loop is closed
INFO:regular_website_pipeline:  🤖 Starting DeepSeek analysis...
INFO:simple_llm_analysis:  ⏳ Initializing DeepSeek client...
INFO:simple_llm_analysis:  ⏱️ DeepSeek client initialized in 2.06 seconds
INFO:httpx:HTTP Request: POST https://api.deepseek.com/chat/completions "HTTP/1.1 200 OK"
INFO:regular_website_pipeline:  ✓ Analysis complete. Found 2 opportunities.
ERROR:asyncio:Task exception was never retrieved
future: <Task finished name='Task-152' coro=<AsyncClient.aclose() done, defined at C:\Users\jimcr\AppData\Roaming\Python\Python313\site-packages\httpx\_client.py:1996> exception=RuntimeError('Event loop is closed')>
Traceback (most recent call last):
  File "C:\Users\jimcr\AppData\Roaming\Python\Python313\site-packages\httpx\_client.py", line 2003, in aclose
    await self._transport.aclose()
  File "C:\Users\jimcr\AppData\Roaming\Python\Python313\site-packages\httpx\_transports\default.py", line 383, in aclose
    await self._pool.aclose()
  File "C:\Users\jimcr\AppData\Roaming\Python\Python313\site-packages\httpcore\_async\connection_pool.py", line 353, in aclose
    await self._close_connections(closing_connections)
  File "C:\Users\jimcr\AppData\Roaming\Python\Python313\site-packages\httpcore\_async\connection_pool.py", line 345, in _close_connections
    await connection.aclose()
  File "C:\Users\jimcr\AppData\Roaming\Python\Python313\site-packages\httpcore\_async\connection.py", line 173, in aclose
    await self._connection.aclose()
  File "C:\Users\jimcr\AppData\Roaming\Python\Python313\site-packages\httpcore\_async\http11.py", line 258, in aclose
    await self._network_stream.aclose()
  File "C:\Users\jimcr\AppData\Roaming\Python\Python313\site-packages\httpcore\_backends\anyio.py", line 53, in aclose
    await self._stream.aclose()
  File "C:\Users\jimcr\AppData\Roaming\Python\Python313\site-packages\anyio\streams\tls.py", line 236, in aclose
    await self.transport_stream.aclose()
  File "C:\Users\jimcr\AppData\Roaming\Python\Python313\site-packages\anyio\_backends\_asyncio.py", line 1344, in aclose
    self._transport.close()
    ~~~~~~~~~~~~~~~~~~~~~^^
  File "C:\Python313\Lib\asyncio\proactor_events.py", line 109, in close
    self._loop.call_soon(self._call_connection_lost, None)
    ~~~~~~~~~~~~~~~~~~~~^^^^^^^^^^^^^^^^^^^^^^^^^^^^^^^^^^
  File "C:\Python313\Lib\asyncio\base_events.py", line 828, in call_soon
    self._check_closed()
    ~~~~~~~~~~~~~~~~~~^^
  File "C:\Python313\Lib\asyncio\base_events.py", line 551, in _check_closed
    raise RuntimeError('Event loop is closed')
RuntimeError: Event loop is closed
ERROR:asyncio:Task exception was never retrieved
future: <Task finished name='Task-155' coro=<AsyncClient.aclose() done, defined at C:\Users\jimcr\AppData\Roaming\Python\Python313\site-packages\httpx\_client.py:1996> exception=RuntimeError('Event loop is closed')>
Traceback (most recent call last):
  File "C:\Users\jimcr\AppData\Roaming\Python\Python313\site-packages\httpx\_client.py", line 2003, in aclose
    await self._transport.aclose()
  File "C:\Users\jimcr\AppData\Roaming\Python\Python313\site-packages\httpx\_transports\default.py", line 383, in aclose
    await self._pool.aclose()
  File "C:\Users\jimcr\AppData\Roaming\Python\Python313\site-packages\httpcore\_async\connection_pool.py", line 353, in aclose
    await self._close_connections(closing_connections)
  File "C:\Users\jimcr\AppData\Roaming\Python\Python313\site-packages\httpcore\_async\connection_pool.py", line 345, in _close_connections
    await connection.aclose()
  File "C:\Users\jimcr\AppData\Roaming\Python\Python313\site-packages\httpcore\_async\connection.py", line 173, in aclose
    await self._connection.aclose()
  File "C:\Users\jimcr\AppData\Roaming\Python\Python313\site-packages\httpcore\_async\http11.py", line 258, in aclose
    await self._network_stream.aclose()
  File "C:\Users\jimcr\AppData\Roaming\Python\Python313\site-packages\httpcore\_backends\anyio.py", line 53, in aclose
    await self._stream.aclose()
  File "C:\Users\jimcr\AppData\Roaming\Python\Python313\site-packages\anyio\streams\tls.py", line 236, in aclose
    await self.transport_stream.aclose()
  File "C:\Users\jimcr\AppData\Roaming\Python\Python313\site-packages\anyio\_backends\_asyncio.py", line 1344, in aclose
    self._transport.close()
    ~~~~~~~~~~~~~~~~~~~~~^^
  File "C:\Python313\Lib\asyncio\proactor_events.py", line 109, in close
    self._loop.call_soon(self._call_connection_lost, None)
    ~~~~~~~~~~~~~~~~~~~~^^^^^^^^^^^^^^^^^^^^^^^^^^^^^^^^^^
  File "C:\Python313\Lib\asyncio\base_events.py", line 828, in call_soon
    self._check_closed()
    ~~~~~~~~~~~~~~~~~~^^
  File "C:\Python313\Lib\asyncio\base_events.py", line 551, in _check_closed
    raise RuntimeError('Event loop is closed')
RuntimeError: Event loop is closed
INFO:regular_website_pipeline:  🤖 Starting DeepSeek analysis...
INFO:simple_llm_analysis:  ⏳ Initializing DeepSeek client...
INFO:simple_llm_analysis:  ⏱️ DeepSeek client initialized in 1.55 seconds
INFO:httpx:HTTP Request: POST https://api.deepseek.com/chat/completions "HTTP/1.1 200 OK"
INFO:regular_website_pipeline:  ✓ Analysis complete. Found 2 opportunities.
ERROR:asyncio:Task exception was never retrieved
future: <Task finished name='Task-170' coro=<AsyncClient.aclose() done, defined at C:\Users\jimcr\AppData\Roaming\Python\Python313\site-packages\httpx\_client.py:1996> exception=RuntimeError('Event loop is closed')>
Traceback (most recent call last):
  File "C:\Users\jimcr\AppData\Roaming\Python\Python313\site-packages\httpx\_client.py", line 2003, in aclose
    await self._transport.aclose()
  File "C:\Users\jimcr\AppData\Roaming\Python\Python313\site-packages\httpx\_transports\default.py", line 383, in aclose
    await self._pool.aclose()
  File "C:\Users\jimcr\AppData\Roaming\Python\Python313\site-packages\httpcore\_async\connection_pool.py", line 353, in aclose
    await self._close_connections(closing_connections)
  File "C:\Users\jimcr\AppData\Roaming\Python\Python313\site-packages\httpcore\_async\connection_pool.py", line 345, in _close_connections
    await connection.aclose()
  File "C:\Users\jimcr\AppData\Roaming\Python\Python313\site-packages\httpcore\_async\connection.py", line 173, in aclose
    await self._connection.aclose()
  File "C:\Users\jimcr\AppData\Roaming\Python\Python313\site-packages\httpcore\_async\http11.py", line 258, in aclose
    await self._network_stream.aclose()
  File "C:\Users\jimcr\AppData\Roaming\Python\Python313\site-packages\httpcore\_backends\anyio.py", line 53, in aclose
    await self._stream.aclose()
  File "C:\Users\jimcr\AppData\Roaming\Python\Python313\site-packages\anyio\streams\tls.py", line 236, in aclose
    await self.transport_stream.aclose()
  File "C:\Users\jimcr\AppData\Roaming\Python\Python313\site-packages\anyio\_backends\_asyncio.py", line 1344, in aclose
    self._transport.close()
    ~~~~~~~~~~~~~~~~~~~~~^^
  File "C:\Python313\Lib\asyncio\proactor_events.py", line 109, in close
    self._loop.call_soon(self._call_connection_lost, None)
    ~~~~~~~~~~~~~~~~~~~~^^^^^^^^^^^^^^^^^^^^^^^^^^^^^^^^^^
  File "C:\Python313\Lib\asyncio\base_events.py", line 828, in call_soon
    self._check_closed()
    ~~~~~~~~~~~~~~~~~~^^
  File "C:\Python313\Lib\asyncio\base_events.py", line 551, in _check_closed
    raise RuntimeError('Event loop is closed')
RuntimeError: Event loop is closed
INFO:regular_website_pipeline:  🤖 Starting DeepSeek analysis...
INFO:simple_llm_analysis:  ⏳ Initializing DeepSeek client...
INFO:simple_llm_analysis:  ⏱️ DeepSeek client initialized in 1.47 seconds
INFO:httpx:HTTP Request: POST https://api.deepseek.com/chat/completions "HTTP/1.1 200 OK"
INFO:regular_website_pipeline:  ✓ Analysis complete. Found 3 opportunities.
ERROR:asyncio:Task exception was never retrieved
future: <Task finished name='Task-209' coro=<AsyncClient.aclose() done, defined at C:\Users\jimcr\AppData\Roaming\Python\Python313\site-packages\httpx\_client.py:1996> exception=RuntimeError('Event loop is closed')>
Traceback (most recent call last):
  File "C:\Users\jimcr\AppData\Roaming\Python\Python313\site-packages\httpx\_client.py", line 2003, in aclose
    await self._transport.aclose()
  File "C:\Users\jimcr\AppData\Roaming\Python\Python313\site-packages\httpx\_transports\default.py", line 383, in aclose
    await self._pool.aclose()
  File "C:\Users\jimcr\AppData\Roaming\Python\Python313\site-packages\httpcore\_async\connection_pool.py", line 353, in aclose
    await self._close_connections(closing_connections)
  File "C:\Users\jimcr\AppData\Roaming\Python\Python313\site-packages\httpcore\_async\connection_pool.py", line 345, in _close_connections
    await connection.aclose()
  File "C:\Users\jimcr\AppData\Roaming\Python\Python313\site-packages\httpcore\_async\connection.py", line 173, in aclose
    await self._connection.aclose()
  File "C:\Users\jimcr\AppData\Roaming\Python\Python313\site-packages\httpcore\_async\http11.py", line 258, in aclose
    await self._network_stream.aclose()
  File "C:\Users\jimcr\AppData\Roaming\Python\Python313\site-packages\httpcore\_backends\anyio.py", line 53, in aclose
    await self._stream.aclose()
  File "C:\Users\jimcr\AppData\Roaming\Python\Python313\site-packages\anyio\streams\tls.py", line 236, in aclose
    await self.transport_stream.aclose()
  File "C:\Users\jimcr\AppData\Roaming\Python\Python313\site-packages\anyio\_backends\_asyncio.py", line 1344, in aclose
    self._transport.close()
    ~~~~~~~~~~~~~~~~~~~~~^^
  File "C:\Python313\Lib\asyncio\proactor_events.py", line 109, in close
    self._loop.call_soon(self._call_connection_lost, None)
    ~~~~~~~~~~~~~~~~~~~~^^^^^^^^^^^^^^^^^^^^^^^^^^^^^^^^^^
  File "C:\Python313\Lib\asyncio\base_events.py", line 828, in call_soon
    self._check_closed()
    ~~~~~~~~~~~~~~~~~~^^
  File "C:\Python313\Lib\asyncio\base_events.py", line 551, in _check_closed
    raise RuntimeError('Event loop is closed')
RuntimeError: Event loop is closed
INFO:regular_website_pipeline:  🤖 Starting DeepSeek analysis...
INFO:simple_llm_analysis:  ⏳ Initializing DeepSeek client...
INFO:simple_llm_analysis:  ⏱️ DeepSeek client initialized in 2.66 seconds
INFO:httpx:HTTP Request: POST https://api.deepseek.com/chat/completions "HTTP/1.1 200 OK"
INFO:regular_website_pipeline:  ✓ Analysis complete. Found 0 opportunities.
ERROR:asyncio:Task exception was never retrieved
future: <Task finished name='Task-233' coro=<AsyncClient.aclose() done, defined at C:\Users\jimcr\AppData\Roaming\Python\Python313\site-packages\httpx\_client.py:1996> exception=RuntimeError('Event loop is closed')>
Traceback (most recent call last):
  File "C:\Users\jimcr\AppData\Roaming\Python\Python313\site-packages\httpx\_client.py", line 2003, in aclose
    await self._transport.aclose()
  File "C:\Users\jimcr\AppData\Roaming\Python\Python313\site-packages\httpx\_transports\default.py", line 383, in aclose
    await self._pool.aclose()
  File "C:\Users\jimcr\AppData\Roaming\Python\Python313\site-packages\httpcore\_async\connection_pool.py", line 353, in aclose
    await self._close_connections(closing_connections)
  File "C:\Users\jimcr\AppData\Roaming\Python\Python313\site-packages\httpcore\_async\connection_pool.py", line 345, in _close_connections
    await connection.aclose()
  File "C:\Users\jimcr\AppData\Roaming\Python\Python313\site-packages\httpcore\_async\connection.py", line 173, in aclose
    await self._connection.aclose()
  File "C:\Users\jimcr\AppData\Roaming\Python\Python313\site-packages\httpcore\_async\http11.py", line 258, in aclose
    await self._network_stream.aclose()
  File "C:\Users\jimcr\AppData\Roaming\Python\Python313\site-packages\httpcore\_backends\anyio.py", line 53, in aclose
    await self._stream.aclose()
  File "C:\Users\jimcr\AppData\Roaming\Python\Python313\site-packages\anyio\streams\tls.py", line 236, in aclose
    await self.transport_stream.aclose()
  File "C:\Users\jimcr\AppData\Roaming\Python\Python313\site-packages\anyio\_backends\_asyncio.py", line 1344, in aclose
    self._transport.close()
    ~~~~~~~~~~~~~~~~~~~~~^^
  File "C:\Python313\Lib\asyncio\proactor_events.py", line 109, in close
    self._loop.call_soon(self._call_connection_lost, None)
    ~~~~~~~~~~~~~~~~~~~~^^^^^^^^^^^^^^^^^^^^^^^^^^^^^^^^^^
  File "C:\Python313\Lib\asyncio\base_events.py", line 828, in call_soon
    self._check_closed()
    ~~~~~~~~~~~~~~~~~~^^
  File "C:\Python313\Lib\asyncio\base_events.py", line 551, in _check_closed
    raise RuntimeError('Event loop is closed')
RuntimeError: Event loop is closed
INFO:regular_website_pipeline:  🤖 Starting DeepSeek analysis...
INFO:simple_llm_analysis:  ⏳ Initializing DeepSeek client...
INFO:simple_llm_analysis:  ⏱️ DeepSeek client initialized in 1.50 seconds
INFO:httpx:HTTP Request: POST https://api.deepseek.com/chat/completions "HTTP/1.1 200 OK"
INFO:regular_website_pipeline:  ✓ Analysis complete. Found 2 opportunities.
ERROR:asyncio:Task exception was never retrieved
future: <Task finished name='Task-261' coro=<AsyncClient.aclose() done, defined at C:\Users\jimcr\AppData\Roaming\Python\Python313\site-packages\httpx\_client.py:1996> exception=RuntimeError('Event loop is closed')>
Traceback (most recent call last):
  File "C:\Users\jimcr\AppData\Roaming\Python\Python313\site-packages\httpx\_client.py", line 2003, in aclose
    await self._transport.aclose()
  File "C:\Users\jimcr\AppData\Roaming\Python\Python313\site-packages\httpx\_transports\default.py", line 383, in aclose
    await self._pool.aclose()
  File "C:\Users\jimcr\AppData\Roaming\Python\Python313\site-packages\httpcore\_async\connection_pool.py", line 353, in aclose
    await self._close_connections(closing_connections)
  File "C:\Users\jimcr\AppData\Roaming\Python\Python313\site-packages\httpcore\_async\connection_pool.py", line 345, in _close_connections
    await connection.aclose()
  File "C:\Users\jimcr\AppData\Roaming\Python\Python313\site-packages\httpcore\_async\connection.py", line 173, in aclose
    await self._connection.aclose()
  File "C:\Users\jimcr\AppData\Roaming\Python\Python313\site-packages\httpcore\_async\http11.py", line 258, in aclose
    await self._network_stream.aclose()
  File "C:\Users\jimcr\AppData\Roaming\Python\Python313\site-packages\httpcore\_backends\anyio.py", line 53, in aclose
    await self._stream.aclose()
  File "C:\Users\jimcr\AppData\Roaming\Python\Python313\site-packages\anyio\streams\tls.py", line 236, in aclose
    await self.transport_stream.aclose()
  File "C:\Users\jimcr\AppData\Roaming\Python\Python313\site-packages\anyio\_backends\_asyncio.py", line 1344, in aclose
    self._transport.close()
    ~~~~~~~~~~~~~~~~~~~~~^^
  File "C:\Python313\Lib\asyncio\proactor_events.py", line 109, in close
    self._loop.call_soon(self._call_connection_lost, None)
    ~~~~~~~~~~~~~~~~~~~~^^^^^^^^^^^^^^^^^^^^^^^^^^^^^^^^^^
  File "C:\Python313\Lib\asyncio\base_events.py", line 828, in call_soon
    self._check_closed()
    ~~~~~~~~~~~~~~~~~~^^
  File "C:\Python313\Lib\asyncio\base_events.py", line 551, in _check_closed
    raise RuntimeError('Event loop is closed')
RuntimeError: Event loop is closed
INFO:regular_website_pipeline:  🤖 Starting DeepSeek analysis...
INFO:simple_llm_analysis:  ⏳ Initializing DeepSeek client...
INFO:simple_llm_analysis:  ⏱️ DeepSeek client initialized in 1.79 seconds
INFO:httpx:HTTP Request: POST https://api.deepseek.com/chat/completions "HTTP/1.1 200 OK"
INFO:regular_website_pipeline:  ✓ Analysis complete. Found 1 opportunities.
ERROR:asyncio:Task exception was never retrieved
future: <Task finished name='Task-284' coro=<AsyncClient.aclose() done, defined at C:\Users\jimcr\AppData\Roaming\Python\Python313\site-packages\httpx\_client.py:1996> exception=RuntimeError('Event loop is closed')>
Traceback (most recent call last):
  File "C:\Users\jimcr\AppData\Roaming\Python\Python313\site-packages\httpx\_client.py", line 2003, in aclose
    await self._transport.aclose()
  File "C:\Users\jimcr\AppData\Roaming\Python\Python313\site-packages\httpx\_transports\default.py", line 383, in aclose
    await self._pool.aclose()
  File "C:\Users\jimcr\AppData\Roaming\Python\Python313\site-packages\httpcore\_async\connection_pool.py", line 353, in aclose
    await self._close_connections(closing_connections)
  File "C:\Users\jimcr\AppData\Roaming\Python\Python313\site-packages\httpcore\_async\connection_pool.py", line 345, in _close_connections
    await connection.aclose()
  File "C:\Users\jimcr\AppData\Roaming\Python\Python313\site-packages\httpcore\_async\connection.py", line 173, in aclose
    await self._connection.aclose()
  File "C:\Users\jimcr\AppData\Roaming\Python\Python313\site-packages\httpcore\_async\http11.py", line 258, in aclose
    await self._network_stream.aclose()
  File "C:\Users\jimcr\AppData\Roaming\Python\Python313\site-packages\httpcore\_backends\anyio.py", line 53, in aclose
    await self._stream.aclose()
  File "C:\Users\jimcr\AppData\Roaming\Python\Python313\site-packages\anyio\streams\tls.py", line 236, in aclose
    await self.transport_stream.aclose()
  File "C:\Users\jimcr\AppData\Roaming\Python\Python313\site-packages\anyio\_backends\_asyncio.py", line 1344, in aclose
    self._transport.close()
    ~~~~~~~~~~~~~~~~~~~~~^^
  File "C:\Python313\Lib\asyncio\proactor_events.py", line 109, in close
    self._loop.call_soon(self._call_connection_lost, None)
    ~~~~~~~~~~~~~~~~~~~~^^^^^^^^^^^^^^^^^^^^^^^^^^^^^^^^^^
  File "C:\Python313\Lib\asyncio\base_events.py", line 828, in call_soon
    self._check_closed()
    ~~~~~~~~~~~~~~~~~~^^
  File "C:\Python313\Lib\asyncio\base_events.py", line 551, in _check_closed
    raise RuntimeError('Event loop is closed')
RuntimeError: Event loop is closed
INFO:regular_website_pipeline:  🤖 Starting DeepSeek analysis...
INFO:simple_llm_analysis:  ⏳ Initializing DeepSeek client...
INFO:simple_llm_analysis:  ⏱️ DeepSeek client initialized in 1.93 seconds
INFO:httpx:HTTP Request: POST https://api.deepseek.com/chat/completions "HTTP/1.1 200 OK"
INFO:regular_website_pipeline:  ✓ Analysis complete. Found 1 opportunities.
ERROR:asyncio:Task exception was never retrieved
future: <Task finished name='Task-307' coro=<AsyncClient.aclose() done, defined at C:\Users\jimcr\AppData\Roaming\Python\Python313\site-packages\httpx\_client.py:1996> exception=RuntimeError('Event loop is closed')>
Traceback (most recent call last):
  File "C:\Users\jimcr\AppData\Roaming\Python\Python313\site-packages\httpx\_client.py", line 2003, in aclose
    await self._transport.aclose()
  File "C:\Users\jimcr\AppData\Roaming\Python\Python313\site-packages\httpx\_transports\default.py", line 383, in aclose
    await self._pool.aclose()
  File "C:\Users\jimcr\AppData\Roaming\Python\Python313\site-packages\httpcore\_async\connection_pool.py", line 353, in aclose
    await self._close_connections(closing_connections)
  File "C:\Users\jimcr\AppData\Roaming\Python\Python313\site-packages\httpcore\_async\connection_pool.py", line 345, in _close_connections
    await connection.aclose()
  File "C:\Users\jimcr\AppData\Roaming\Python\Python313\site-packages\httpcore\_async\connection.py", line 173, in aclose
    await self._connection.aclose()
  File "C:\Users\jimcr\AppData\Roaming\Python\Python313\site-packages\httpcore\_async\http11.py", line 258, in aclose
    await self._network_stream.aclose()
  File "C:\Users\jimcr\AppData\Roaming\Python\Python313\site-packages\httpcore\_backends\anyio.py", line 53, in aclose
    await self._stream.aclose()
  File "C:\Users\jimcr\AppData\Roaming\Python\Python313\site-packages\anyio\streams\tls.py", line 236, in aclose
    await self.transport_stream.aclose()
  File "C:\Users\jimcr\AppData\Roaming\Python\Python313\site-packages\anyio\_backends\_asyncio.py", line 1344, in aclose
    self._transport.close()
    ~~~~~~~~~~~~~~~~~~~~~^^
  File "C:\Python313\Lib\asyncio\proactor_events.py", line 109, in close
    self._loop.call_soon(self._call_connection_lost, None)
    ~~~~~~~~~~~~~~~~~~~~^^^^^^^^^^^^^^^^^^^^^^^^^^^^^^^^^^
  File "C:\Python313\Lib\asyncio\base_events.py", line 828, in call_soon
    self._check_closed()
    ~~~~~~~~~~~~~~~~~~^^
  File "C:\Python313\Lib\asyncio\base_events.py", line 551, in _check_closed
    raise RuntimeError('Event loop is closed')
RuntimeError: Event loop is closed
INFO:regular_website_pipeline:  🤖 Starting DeepSeek analysis...
INFO:simple_llm_analysis:  ⏳ Initializing DeepSeek client...
INFO:simple_llm_analysis:  ⏱️ DeepSeek client initialized in 1.92 seconds
INFO:httpx:HTTP Request: POST https://api.deepseek.com/chat/completions "HTTP/1.1 200 OK"
INFO:regular_website_pipeline:  ✓ Analysis complete. Found 1 opportunities.
ERROR:asyncio:Task exception was never retrieved
future: <Task finished name='Task-331' coro=<AsyncClient.aclose() done, defined at C:\Users\jimcr\AppData\Roaming\Python\Python313\site-packages\httpx\_client.py:1996> exception=RuntimeError('Event loop is closed')>
Traceback (most recent call last):
  File "C:\Users\jimcr\AppData\Roaming\Python\Python313\site-packages\httpx\_client.py", line 2003, in aclose
    await self._transport.aclose()
  File "C:\Users\jimcr\AppData\Roaming\Python\Python313\site-packages\httpx\_transports\default.py", line 383, in aclose
    await self._pool.aclose()
  File "C:\Users\jimcr\AppData\Roaming\Python\Python313\site-packages\httpcore\_async\connection_pool.py", line 353, in aclose
    await self._close_connections(closing_connections)
  File "C:\Users\jimcr\AppData\Roaming\Python\Python313\site-packages\httpcore\_async\connection_pool.py", line 345, in _close_connections
    await connection.aclose()
  File "C:\Users\jimcr\AppData\Roaming\Python\Python313\site-packages\httpcore\_async\connection.py", line 173, in aclose
    await self._connection.aclose()
  File "C:\Users\jimcr\AppData\Roaming\Python\Python313\site-packages\httpcore\_async\http11.py", line 258, in aclose
    await self._network_stream.aclose()
  File "C:\Users\jimcr\AppData\Roaming\Python\Python313\site-packages\httpcore\_backends\anyio.py", line 53, in aclose
    await self._stream.aclose()
  File "C:\Users\jimcr\AppData\Roaming\Python\Python313\site-packages\anyio\streams\tls.py", line 236, in aclose
    await self.transport_stream.aclose()
  File "C:\Users\jimcr\AppData\Roaming\Python\Python313\site-packages\anyio\_backends\_asyncio.py", line 1344, in aclose
    self._transport.close()
    ~~~~~~~~~~~~~~~~~~~~~^^
  File "C:\Python313\Lib\asyncio\proactor_events.py", line 109, in close
    self._loop.call_soon(self._call_connection_lost, None)
    ~~~~~~~~~~~~~~~~~~~~^^^^^^^^^^^^^^^^^^^^^^^^^^^^^^^^^^
  File "C:\Python313\Lib\asyncio\base_events.py", line 828, in call_soon
    self._check_closed()
    ~~~~~~~~~~~~~~~~~~^^
  File "C:\Python313\Lib\asyncio\base_events.py", line 551, in _check_closed
    raise RuntimeError('Event loop is closed')
RuntimeError: Event loop is closed
INFO:regular_website_pipeline:  🤖 Starting DeepSeek analysis...
INFO:simple_llm_analysis:  ⏳ Initializing DeepSeek client...
INFO:simple_llm_analysis:  ⏱️ DeepSeek client initialized in 2.06 seconds
INFO:httpx:HTTP Request: POST https://api.deepseek.com/chat/completions "HTTP/1.1 200 OK"
INFO:regular_website_pipeline:  ✓ Analysis complete. Found 1 opportunities.
ERROR:asyncio:Task exception was never retrieved
future: <Task finished name='Task-354' coro=<AsyncClient.aclose() done, defined at C:\Users\jimcr\AppData\Roaming\Python\Python313\site-packages\httpx\_client.py:1996> exception=RuntimeError('Event loop is closed')>
Traceback (most recent call last):
  File "C:\Users\jimcr\AppData\Roaming\Python\Python313\site-packages\httpx\_client.py", line 2003, in aclose
    await self._transport.aclose()
  File "C:\Users\jimcr\AppData\Roaming\Python\Python313\site-packages\httpx\_transports\default.py", line 383, in aclose
    await self._pool.aclose()
  File "C:\Users\jimcr\AppData\Roaming\Python\Python313\site-packages\httpcore\_async\connection_pool.py", line 353, in aclose
    await self._close_connections(closing_connections)
  File "C:\Users\jimcr\AppData\Roaming\Python\Python313\site-packages\httpcore\_async\connection_pool.py", line 345, in _close_connections
    await connection.aclose()
  File "C:\Users\jimcr\AppData\Roaming\Python\Python313\site-packages\httpcore\_async\connection.py", line 173, in aclose
    await self._connection.aclose()
  File "C:\Users\jimcr\AppData\Roaming\Python\Python313\site-packages\httpcore\_async\http11.py", line 258, in aclose
    await self._network_stream.aclose()
  File "C:\Users\jimcr\AppData\Roaming\Python\Python313\site-packages\httpcore\_backends\anyio.py", line 53, in aclose
    await self._stream.aclose()
  File "C:\Users\jimcr\AppData\Roaming\Python\Python313\site-packages\anyio\streams\tls.py", line 236, in aclose
    await self.transport_stream.aclose()
  File "C:\Users\jimcr\AppData\Roaming\Python\Python313\site-packages\anyio\_backends\_asyncio.py", line 1344, in aclose
    self._transport.close()
    ~~~~~~~~~~~~~~~~~~~~~^^
  File "C:\Python313\Lib\asyncio\proactor_events.py", line 109, in close
    self._loop.call_soon(self._call_connection_lost, None)
    ~~~~~~~~~~~~~~~~~~~~^^^^^^^^^^^^^^^^^^^^^^^^^^^^^^^^^^
  File "C:\Python313\Lib\asyncio\base_events.py", line 828, in call_soon
    self._check_closed()
    ~~~~~~~~~~~~~~~~~~^^
  File "C:\Python313\Lib\asyncio\base_events.py", line 551, in _check_closed
    raise RuntimeError('Event loop is closed')
RuntimeError: Event loop is closed
INFO:regular_website_pipeline:  🤖 Starting DeepSeek analysis...
INFO:simple_llm_analysis:  ⏳ Initializing DeepSeek client...
INFO:simple_llm_analysis:  ⏱️ DeepSeek client initialized in 1.31 seconds
INFO:httpx:HTTP Request: POST https://api.deepseek.com/chat/completions "HTTP/1.1 200 OK"
INFO:regular_website_pipeline:  ✓ Analysis complete. Found 0 opportunities.
ERROR:asyncio:Task exception was never retrieved
future: <Task finished name='Task-378' coro=<AsyncClient.aclose() done, defined at C:\Users\jimcr\AppData\Roaming\Python\Python313\site-packages\httpx\_client.py:1996> exception=RuntimeError('Event loop is closed')>
Traceback (most recent call last):
  File "C:\Users\jimcr\AppData\Roaming\Python\Python313\site-packages\httpx\_client.py", line 2003, in aclose
    await self._transport.aclose()
  File "C:\Users\jimcr\AppData\Roaming\Python\Python313\site-packages\httpx\_transports\default.py", line 383, in aclose
    await self._pool.aclose()
  File "C:\Users\jimcr\AppData\Roaming\Python\Python313\site-packages\httpcore\_async\connection_pool.py", line 353, in aclose
    await self._close_connections(closing_connections)
  File "C:\Users\jimcr\AppData\Roaming\Python\Python313\site-packages\httpcore\_async\connection_pool.py", line 345, in _close_connections
    await connection.aclose()
  File "C:\Users\jimcr\AppData\Roaming\Python\Python313\site-packages\httpcore\_async\connection.py", line 173, in aclose
    await self._connection.aclose()
  File "C:\Users\jimcr\AppData\Roaming\Python\Python313\site-packages\httpcore\_async\http11.py", line 258, in aclose
    await self._network_stream.aclose()
  File "C:\Users\jimcr\AppData\Roaming\Python\Python313\site-packages\httpcore\_backends\anyio.py", line 53, in aclose
    await self._stream.aclose()
  File "C:\Users\jimcr\AppData\Roaming\Python\Python313\site-packages\anyio\streams\tls.py", line 236, in aclose
    await self.transport_stream.aclose()
  File "C:\Users\jimcr\AppData\Roaming\Python\Python313\site-packages\anyio\_backends\_asyncio.py", line 1344, in aclose
    self._transport.close()
    ~~~~~~~~~~~~~~~~~~~~~^^
  File "C:\Python313\Lib\asyncio\proactor_events.py", line 109, in close
    self._loop.call_soon(self._call_connection_lost, None)
    ~~~~~~~~~~~~~~~~~~~~^^^^^^^^^^^^^^^^^^^^^^^^^^^^^^^^^^
  File "C:\Python313\Lib\asyncio\base_events.py", line 828, in call_soon
    self._check_closed()
    ~~~~~~~~~~~~~~~~~~^^
  File "C:\Python313\Lib\asyncio\base_events.py", line 551, in _check_closed
    raise RuntimeError('Event loop is closed')
RuntimeError: Event loop is closed
INFO:regular_website_pipeline:  🤖 Starting DeepSeek analysis...
INFO:simple_llm_analysis:  ⏳ Initializing DeepSeek client...
INFO:simple_llm_analysis:  ⏱️ DeepSeek client initialized in 1.40 seconds
INFO:httpx:HTTP Request: POST https://api.deepseek.com/chat/completions "HTTP/1.1 200 OK"
INFO:regular_website_pipeline:  ✓ Analysis complete. Found 4 opportunities.
ERROR:asyncio:Task exception was never retrieved
future: <Task finished name='Task-409' coro=<AsyncClient.aclose() done, defined at C:\Users\jimcr\AppData\Roaming\Python\Python313\site-packages\httpx\_client.py:1996> exception=RuntimeError('Event loop is closed')>
Traceback (most recent call last):
  File "C:\Users\jimcr\AppData\Roaming\Python\Python313\site-packages\httpx\_client.py", line 2003, in aclose
    await self._transport.aclose()
  File "C:\Users\jimcr\AppData\Roaming\Python\Python313\site-packages\httpx\_transports\default.py", line 383, in aclose
    await self._pool.aclose()
  File "C:\Users\jimcr\AppData\Roaming\Python\Python313\site-packages\httpcore\_async\connection_pool.py", line 353, in aclose
    await self._close_connections(closing_connections)
  File "C:\Users\jimcr\AppData\Roaming\Python\Python313\site-packages\httpcore\_async\connection_pool.py", line 345, in _close_connections
    await connection.aclose()
  File "C:\Users\jimcr\AppData\Roaming\Python\Python313\site-packages\httpcore\_async\connection.py", line 173, in aclose
    await self._connection.aclose()
  File "C:\Users\jimcr\AppData\Roaming\Python\Python313\site-packages\httpcore\_async\http11.py", line 258, in aclose
    await self._network_stream.aclose()
  File "C:\Users\jimcr\AppData\Roaming\Python\Python313\site-packages\httpcore\_backends\anyio.py", line 53, in aclose
    await self._stream.aclose()
  File "C:\Users\jimcr\AppData\Roaming\Python\Python313\site-packages\anyio\streams\tls.py", line 236, in aclose
    await self.transport_stream.aclose()
  File "C:\Users\jimcr\AppData\Roaming\Python\Python313\site-packages\anyio\_backends\_asyncio.py", line 1344, in aclose
    self._transport.close()
    ~~~~~~~~~~~~~~~~~~~~~^^
  File "C:\Python313\Lib\asyncio\proactor_events.py", line 109, in close
    self._loop.call_soon(self._call_connection_lost, None)
    ~~~~~~~~~~~~~~~~~~~~^^^^^^^^^^^^^^^^^^^^^^^^^^^^^^^^^^
  File "C:\Python313\Lib\asyncio\base_events.py", line 828, in call_soon
    self._check_closed()
    ~~~~~~~~~~~~~~~~~~^^
  File "C:\Python313\Lib\asyncio\base_events.py", line 551, in _check_closed
    raise RuntimeError('Event loop is closed')
RuntimeError: Event loop is closed
INFO:regular_website_pipeline:  🤖 Starting DeepSeek analysis...
INFO:simple_llm_analysis:  ⏳ Initializing DeepSeek client...
INFO:simple_llm_analysis:  ⏱️ DeepSeek client initialized in 1.08 seconds
INFO:httpx:HTTP Request: POST https://api.deepseek.com/chat/completions "HTTP/1.1 200 OK"
INFO:regular_website_pipeline:  ✓ Analysis complete. Found 1 opportunities.
ERROR:asyncio:Task exception was never retrieved
future: <Task finished name='Task-436' coro=<AsyncClient.aclose() done, defined at C:\Users\jimcr\AppData\Roaming\Python\Python313\site-packages\httpx\_client.py:1996> exception=RuntimeError('Event loop is closed')>
Traceback (most recent call last):
  File "C:\Users\jimcr\AppData\Roaming\Python\Python313\site-packages\httpx\_client.py", line 2003, in aclose
    await self._transport.aclose()
  File "C:\Users\jimcr\AppData\Roaming\Python\Python313\site-packages\httpx\_transports\default.py", line 383, in aclose
    await self._pool.aclose()
  File "C:\Users\jimcr\AppData\Roaming\Python\Python313\site-packages\httpcore\_async\connection_pool.py", line 353, in aclose
    await self._close_connections(closing_connections)
  File "C:\Users\jimcr\AppData\Roaming\Python\Python313\site-packages\httpcore\_async\connection_pool.py", line 345, in _close_connections
    await connection.aclose()
  File "C:\Users\jimcr\AppData\Roaming\Python\Python313\site-packages\httpcore\_async\connection.py", line 173, in aclose
    await self._connection.aclose()
  File "C:\Users\jimcr\AppData\Roaming\Python\Python313\site-packages\httpcore\_async\http11.py", line 258, in aclose
    await self._network_stream.aclose()
  File "C:\Users\jimcr\AppData\Roaming\Python\Python313\site-packages\httpcore\_backends\anyio.py", line 53, in aclose
    await self._stream.aclose()
  File "C:\Users\jimcr\AppData\Roaming\Python\Python313\site-packages\anyio\streams\tls.py", line 236, in aclose
    await self.transport_stream.aclose()
  File "C:\Users\jimcr\AppData\Roaming\Python\Python313\site-packages\anyio\_backends\_asyncio.py", line 1344, in aclose
    self._transport.close()
    ~~~~~~~~~~~~~~~~~~~~~^^
  File "C:\Python313\Lib\asyncio\proactor_events.py", line 109, in close
    self._loop.call_soon(self._call_connection_lost, None)
    ~~~~~~~~~~~~~~~~~~~~^^^^^^^^^^^^^^^^^^^^^^^^^^^^^^^^^^
  File "C:\Python313\Lib\asyncio\base_events.py", line 828, in call_soon
    self._check_closed()
    ~~~~~~~~~~~~~~~~~~^^
  File "C:\Python313\Lib\asyncio\base_events.py", line 551, in _check_closed
    raise RuntimeError('Event loop is closed')
RuntimeError: Event loop is closed
INFO:regular_website_pipeline:  🤖 Starting DeepSeek analysis...
INFO:simple_llm_analysis:  ⏳ Initializing DeepSeek client...
INFO:simple_llm_analysis:  ⏱️ DeepSeek client initialized in 1.55 seconds
INFO:httpx:HTTP Request: POST https://api.deepseek.com/chat/completions "HTTP/1.1 200 OK"
INFO:regular_website_pipeline:  ✓ Analysis complete. Found 1 opportunities.
ERROR:asyncio:Task exception was never retrieved
future: <Task finished name='Task-464' coro=<AsyncClient.aclose() done, defined at C:\Users\jimcr\AppData\Roaming\Python\Python313\site-packages\httpx\_client.py:1996> exception=RuntimeError('Event loop is closed')>
Traceback (most recent call last):
  File "C:\Users\jimcr\AppData\Roaming\Python\Python313\site-packages\httpx\_client.py", line 2003, in aclose
    await self._transport.aclose()
  File "C:\Users\jimcr\AppData\Roaming\Python\Python313\site-packages\httpx\_transports\default.py", line 383, in aclose
    await self._pool.aclose()
  File "C:\Users\jimcr\AppData\Roaming\Python\Python313\site-packages\httpcore\_async\connection_pool.py", line 353, in aclose
    await self._close_connections(closing_connections)
  File "C:\Users\jimcr\AppData\Roaming\Python\Python313\site-packages\httpcore\_async\connection_pool.py", line 345, in _close_connections
    await connection.aclose()
  File "C:\Users\jimcr\AppData\Roaming\Python\Python313\site-packages\httpcore\_async\connection.py", line 173, in aclose
    await self._connection.aclose()
  File "C:\Users\jimcr\AppData\Roaming\Python\Python313\site-packages\httpcore\_async\http11.py", line 258, in aclose
    await self._network_stream.aclose()
  File "C:\Users\jimcr\AppData\Roaming\Python\Python313\site-packages\httpcore\_backends\anyio.py", line 53, in aclose
    await self._stream.aclose()
  File "C:\Users\jimcr\AppData\Roaming\Python\Python313\site-packages\anyio\streams\tls.py", line 236, in aclose
    await self.transport_stream.aclose()
  File "C:\Users\jimcr\AppData\Roaming\Python\Python313\site-packages\anyio\_backends\_asyncio.py", line 1344, in aclose
    self._transport.close()
    ~~~~~~~~~~~~~~~~~~~~~^^
  File "C:\Python313\Lib\asyncio\proactor_events.py", line 109, in close
    self._loop.call_soon(self._call_connection_lost, None)
    ~~~~~~~~~~~~~~~~~~~~^^^^^^^^^^^^^^^^^^^^^^^^^^^^^^^^^^
  File "C:\Python313\Lib\asyncio\base_events.py", line 828, in call_soon
    self._check_closed()
    ~~~~~~~~~~~~~~~~~~^^
  File "C:\Python313\Lib\asyncio\base_events.py", line 551, in _check_closed
    raise RuntimeError('Event loop is closed')
RuntimeError: Event loop is closed
INFO:regular_website_pipeline:  🤖 Starting DeepSeek analysis...
INFO:simple_llm_analysis:  ⏳ Initializing DeepSeek client...
INFO:simple_llm_analysis:  ⏱️ DeepSeek client initialized in 1.87 seconds
INFO:httpx:HTTP Request: POST https://api.deepseek.com/chat/completions "HTTP/1.1 200 OK"
INFO:regular_website_pipeline:  ✓ Analysis complete. Found 1 opportunities.
ERROR:asyncio:Task exception was never retrieved
future: <Task finished name='Task-488' coro=<AsyncClient.aclose() done, defined at C:\Users\jimcr\AppData\Roaming\Python\Python313\site-packages\httpx\_client.py:1996> exception=RuntimeError('Event loop is closed')>
Traceback (most recent call last):
  File "C:\Users\jimcr\AppData\Roaming\Python\Python313\site-packages\httpx\_client.py", line 2003, in aclose
    await self._transport.aclose()
  File "C:\Users\jimcr\AppData\Roaming\Python\Python313\site-packages\httpx\_transports\default.py", line 383, in aclose
    await self._pool.aclose()
  File "C:\Users\jimcr\AppData\Roaming\Python\Python313\site-packages\httpcore\_async\connection_pool.py", line 353, in aclose
    await self._close_connections(closing_connections)
  File "C:\Users\jimcr\AppData\Roaming\Python\Python313\site-packages\httpcore\_async\connection_pool.py", line 345, in _close_connections
    await connection.aclose()
  File "C:\Users\jimcr\AppData\Roaming\Python\Python313\site-packages\httpcore\_async\connection.py", line 173, in aclose
    await self._connection.aclose()
  File "C:\Users\jimcr\AppData\Roaming\Python\Python313\site-packages\httpcore\_async\http11.py", line 258, in aclose
    await self._network_stream.aclose()
  File "C:\Users\jimcr\AppData\Roaming\Python\Python313\site-packages\httpcore\_backends\anyio.py", line 53, in aclose
    await self._stream.aclose()
  File "C:\Users\jimcr\AppData\Roaming\Python\Python313\site-packages\anyio\streams\tls.py", line 236, in aclose
    await self.transport_stream.aclose()
  File "C:\Users\jimcr\AppData\Roaming\Python\Python313\site-packages\anyio\_backends\_asyncio.py", line 1344, in aclose
    self._transport.close()
    ~~~~~~~~~~~~~~~~~~~~~^^
  File "C:\Python313\Lib\asyncio\proactor_events.py", line 109, in close
    self._loop.call_soon(self._call_connection_lost, None)
    ~~~~~~~~~~~~~~~~~~~~^^^^^^^^^^^^^^^^^^^^^^^^^^^^^^^^^^
  File "C:\Python313\Lib\asyncio\base_events.py", line 828, in call_soon
    self._check_closed()
    ~~~~~~~~~~~~~~~~~~^^
  File "C:\Python313\Lib\asyncio\base_events.py", line 551, in _check_closed
    raise RuntimeError('Event loop is closed')
RuntimeError: Event loop is closed
INFO:regular_website_pipeline:  🤖 Starting DeepSeek analysis...
INFO:simple_llm_analysis:  ⏳ Initializing DeepSeek client...
INFO:simple_llm_analysis:  ⏱️ DeepSeek client initialized in 1.31 seconds
INFO:httpx:HTTP Request: POST https://api.deepseek.com/chat/completions "HTTP/1.1 200 OK"
INFO:regular_website_pipeline:  ✓ Analysis complete. Found 1 opportunities.
ERROR:asyncio:Task exception was never retrieved
future: <Task finished name='Task-512' coro=<AsyncClient.aclose() done, defined at C:\Users\jimcr\AppData\Roaming\Python\Python313\site-packages\httpx\_client.py:1996> exception=RuntimeError('Event loop is closed')>
Traceback (most recent call last):
  File "C:\Users\jimcr\AppData\Roaming\Python\Python313\site-packages\httpx\_client.py", line 2003, in aclose
    await self._transport.aclose()
  File "C:\Users\jimcr\AppData\Roaming\Python\Python313\site-packages\httpx\_transports\default.py", line 383, in aclose
    await self._pool.aclose()
  File "C:\Users\jimcr\AppData\Roaming\Python\Python313\site-packages\httpcore\_async\connection_pool.py", line 353, in aclose
    await self._close_connections(closing_connections)
  File "C:\Users\jimcr\AppData\Roaming\Python\Python313\site-packages\httpcore\_async\connection_pool.py", line 345, in _close_connections
    await connection.aclose()
  File "C:\Users\jimcr\AppData\Roaming\Python\Python313\site-packages\httpcore\_async\connection.py", line 173, in aclose
    await self._connection.aclose()
  File "C:\Users\jimcr\AppData\Roaming\Python\Python313\site-packages\httpcore\_async\http11.py", line 258, in aclose
    await self._network_stream.aclose()
  File "C:\Users\jimcr\AppData\Roaming\Python\Python313\site-packages\httpcore\_backends\anyio.py", line 53, in aclose
    await self._stream.aclose()
  File "C:\Users\jimcr\AppData\Roaming\Python\Python313\site-packages\anyio\streams\tls.py", line 236, in aclose
    await self.transport_stream.aclose()
  File "C:\Users\jimcr\AppData\Roaming\Python\Python313\site-packages\anyio\_backends\_asyncio.py", line 1344, in aclose
    self._transport.close()
    ~~~~~~~~~~~~~~~~~~~~~^^
  File "C:\Python313\Lib\asyncio\proactor_events.py", line 109, in close
    self._loop.call_soon(self._call_connection_lost, None)
    ~~~~~~~~~~~~~~~~~~~~^^^^^^^^^^^^^^^^^^^^^^^^^^^^^^^^^^
  File "C:\Python313\Lib\asyncio\base_events.py", line 828, in call_soon
    self._check_closed()
    ~~~~~~~~~~~~~~~~~~^^
  File "C:\Python313\Lib\asyncio\base_events.py", line 551, in _check_closed
    raise RuntimeError('Event loop is closed')
RuntimeError: Event loop is closed
INFO:regular_website_pipeline:  🤖 Starting DeepSeek analysis...
INFO:simple_llm_analysis:  ⏳ Initializing DeepSeek client...
INFO:simple_llm_analysis:  ⏱️ DeepSeek client initialized in 1.28 seconds
INFO:httpx:HTTP Request: POST https://api.deepseek.com/chat/completions "HTTP/1.1 200 OK"
INFO:regular_website_pipeline:  ✓ Analysis complete. Found 1 opportunities.
ERROR:asyncio:Task exception was never retrieved
future: <Task finished name='Task-537' coro=<AsyncClient.aclose() done, defined at C:\Users\jimcr\AppData\Roaming\Python\Python313\site-packages\httpx\_client.py:1996> exception=RuntimeError('Event loop is closed')>
Traceback (most recent call last):
  File "C:\Users\jimcr\AppData\Roaming\Python\Python313\site-packages\httpx\_client.py", line 2003, in aclose
    await self._transport.aclose()
  File "C:\Users\jimcr\AppData\Roaming\Python\Python313\site-packages\httpx\_transports\default.py", line 383, in aclose
    await self._pool.aclose()
  File "C:\Users\jimcr\AppData\Roaming\Python\Python313\site-packages\httpcore\_async\connection_pool.py", line 353, in aclose
    await self._close_connections(closing_connections)
  File "C:\Users\jimcr\AppData\Roaming\Python\Python313\site-packages\httpcore\_async\connection_pool.py", line 345, in _close_connections
    await connection.aclose()
  File "C:\Users\jimcr\AppData\Roaming\Python\Python313\site-packages\httpcore\_async\connection.py", line 173, in aclose
    await self._connection.aclose()
  File "C:\Users\jimcr\AppData\Roaming\Python\Python313\site-packages\httpcore\_async\http11.py", line 258, in aclose
    await self._network_stream.aclose()
  File "C:\Users\jimcr\AppData\Roaming\Python\Python313\site-packages\httpcore\_backends\anyio.py", line 53, in aclose
    await self._stream.aclose()
  File "C:\Users\jimcr\AppData\Roaming\Python\Python313\site-packages\anyio\streams\tls.py", line 236, in aclose
    await self.transport_stream.aclose()
  File "C:\Users\jimcr\AppData\Roaming\Python\Python313\site-packages\anyio\_backends\_asyncio.py", line 1344, in aclose
    self._transport.close()
    ~~~~~~~~~~~~~~~~~~~~~^^
  File "C:\Python313\Lib\asyncio\proactor_events.py", line 109, in close
    self._loop.call_soon(self._call_connection_lost, None)
    ~~~~~~~~~~~~~~~~~~~~^^^^^^^^^^^^^^^^^^^^^^^^^^^^^^^^^^
  File "C:\Python313\Lib\asyncio\base_events.py", line 828, in call_soon
    self._check_closed()
    ~~~~~~~~~~~~~~~~~~^^
  File "C:\Python313\Lib\asyncio\base_events.py", line 551, in _check_closed
    raise RuntimeError('Event loop is closed')
RuntimeError: Event loop is closed
INFO:regular_website_pipeline:  🤖 Starting DeepSeek analysis...
INFO:simple_llm_analysis:  ⏳ Initializing DeepSeek client...
INFO:simple_llm_analysis:  ⏱️ DeepSeek client initialized in 1.70 seconds
INFO:httpx:HTTP Request: POST https://api.deepseek.com/chat/completions "HTTP/1.1 200 OK"
INFO:regular_website_pipeline:  ✓ Analysis complete. Found 1 opportunities.
ERROR:asyncio:Task exception was never retrieved
future: <Task finished name='Task-568' coro=<AsyncClient.aclose() done, defined at C:\Users\jimcr\AppData\Roaming\Python\Python313\site-packages\httpx\_client.py:1996> exception=RuntimeError('Event loop is closed')>
Traceback (most recent call last):
  File "C:\Users\jimcr\AppData\Roaming\Python\Python313\site-packages\httpx\_client.py", line 2003, in aclose
    await self._transport.aclose()
  File "C:\Users\jimcr\AppData\Roaming\Python\Python313\site-packages\httpx\_transports\default.py", line 383, in aclose
    await self._pool.aclose()
  File "C:\Users\jimcr\AppData\Roaming\Python\Python313\site-packages\httpcore\_async\connection_pool.py", line 353, in aclose
    await self._close_connections(closing_connections)
  File "C:\Users\jimcr\AppData\Roaming\Python\Python313\site-packages\httpcore\_async\connection_pool.py", line 345, in _close_connections
    await connection.aclose()
  File "C:\Users\jimcr\AppData\Roaming\Python\Python313\site-packages\httpcore\_async\connection.py", line 173, in aclose
    await self._connection.aclose()
  File "C:\Users\jimcr\AppData\Roaming\Python\Python313\site-packages\httpcore\_async\http11.py", line 258, in aclose
    await self._network_stream.aclose()
  File "C:\Users\jimcr\AppData\Roaming\Python\Python313\site-packages\httpcore\_backends\anyio.py", line 53, in aclose
    await self._stream.aclose()
  File "C:\Users\jimcr\AppData\Roaming\Python\Python313\site-packages\anyio\streams\tls.py", line 236, in aclose
    await self.transport_stream.aclose()
  File "C:\Users\jimcr\AppData\Roaming\Python\Python313\site-packages\anyio\_backends\_asyncio.py", line 1344, in aclose
    self._transport.close()
    ~~~~~~~~~~~~~~~~~~~~~^^
  File "C:\Python313\Lib\asyncio\proactor_events.py", line 109, in close
    self._loop.call_soon(self._call_connection_lost, None)
    ~~~~~~~~~~~~~~~~~~~~^^^^^^^^^^^^^^^^^^^^^^^^^^^^^^^^^^
  File "C:\Python313\Lib\asyncio\base_events.py", line 828, in call_soon
    self._check_closed()
    ~~~~~~~~~~~~~~~~~~^^
  File "C:\Python313\Lib\asyncio\base_events.py", line 551, in _check_closed
    raise RuntimeError('Event loop is closed')
RuntimeError: Event loop is closed
INFO:regular_website_pipeline:  🤖 Starting DeepSeek analysis...
INFO:simple_llm_analysis:  ⏳ Initializing DeepSeek client...
INFO:simple_llm_analysis:  ⏱️ DeepSeek client initialized in 1.63 seconds
INFO:httpx:HTTP Request: POST https://api.deepseek.com/chat/completions "HTTP/1.1 200 OK"
INFO:regular_website_pipeline:  ✓ Analysis complete. Found 2 opportunities.
ERROR:asyncio:Task exception was never retrieved
future: <Task finished name='Task-599' coro=<AsyncClient.aclose() done, defined at C:\Users\jimcr\AppData\Roaming\Python\Python313\site-packages\httpx\_client.py:1996> exception=RuntimeError('Event loop is closed')>
Traceback (most recent call last):
  File "C:\Users\jimcr\AppData\Roaming\Python\Python313\site-packages\httpx\_client.py", line 2003, in aclose
    await self._transport.aclose()
  File "C:\Users\jimcr\AppData\Roaming\Python\Python313\site-packages\httpx\_transports\default.py", line 383, in aclose
    await self._pool.aclose()
  File "C:\Users\jimcr\AppData\Roaming\Python\Python313\site-packages\httpcore\_async\connection_pool.py", line 353, in aclose
    await self._close_connections(closing_connections)
  File "C:\Users\jimcr\AppData\Roaming\Python\Python313\site-packages\httpcore\_async\connection_pool.py", line 345, in _close_connections
    await connection.aclose()
  File "C:\Users\jimcr\AppData\Roaming\Python\Python313\site-packages\httpcore\_async\connection.py", line 173, in aclose
    await self._connection.aclose()
  File "C:\Users\jimcr\AppData\Roaming\Python\Python313\site-packages\httpcore\_async\http11.py", line 258, in aclose
    await self._network_stream.aclose()
  File "C:\Users\jimcr\AppData\Roaming\Python\Python313\site-packages\httpcore\_backends\anyio.py", line 53, in aclose
    await self._stream.aclose()
  File "C:\Users\jimcr\AppData\Roaming\Python\Python313\site-packages\anyio\streams\tls.py", line 236, in aclose
    await self.transport_stream.aclose()
  File "C:\Users\jimcr\AppData\Roaming\Python\Python313\site-packages\anyio\_backends\_asyncio.py", line 1344, in aclose
    self._transport.close()
    ~~~~~~~~~~~~~~~~~~~~~^^
  File "C:\Python313\Lib\asyncio\proactor_events.py", line 109, in close
    self._loop.call_soon(self._call_connection_lost, None)
    ~~~~~~~~~~~~~~~~~~~~^^^^^^^^^^^^^^^^^^^^^^^^^^^^^^^^^^
  File "C:\Python313\Lib\asyncio\base_events.py", line 828, in call_soon
    self._check_closed()
    ~~~~~~~~~~~~~~~~~~^^
  File "C:\Python313\Lib\asyncio\base_events.py", line 551, in _check_closed
    raise RuntimeError('Event loop is closed')
RuntimeError: Event loop is closed
INFO:regular_website_pipeline:  🤖 Starting DeepSeek analysis...
INFO:simple_llm_analysis:  ⏳ Initializing DeepSeek client...
INFO:simple_llm_analysis:  ⏱️ DeepSeek client initialized in 1.39 seconds
INFO:httpx:HTTP Request: POST https://api.deepseek.com/chat/completions "HTTP/1.1 200 OK"
INFO:regular_website_pipeline:  ✓ Analysis complete. Found 1 opportunities.
ERROR:asyncio:Task exception was never retrieved
future: <Task finished name='Task-623' coro=<AsyncClient.aclose() done, defined at C:\Users\jimcr\AppData\Roaming\Python\Python313\site-packages\httpx\_client.py:1996> exception=RuntimeError('Event loop is closed')>
Traceback (most recent call last):
  File "C:\Users\jimcr\AppData\Roaming\Python\Python313\site-packages\httpx\_client.py", line 2003, in aclose
    await self._transport.aclose()
  File "C:\Users\jimcr\AppData\Roaming\Python\Python313\site-packages\httpx\_transports\default.py", line 383, in aclose
    await self._pool.aclose()
  File "C:\Users\jimcr\AppData\Roaming\Python\Python313\site-packages\httpcore\_async\connection_pool.py", line 353, in aclose
    await self._close_connections(closing_connections)
  File "C:\Users\jimcr\AppData\Roaming\Python\Python313\site-packages\httpcore\_async\connection_pool.py", line 345, in _close_connections
    await connection.aclose()
  File "C:\Users\jimcr\AppData\Roaming\Python\Python313\site-packages\httpcore\_async\connection.py", line 173, in aclose
    await self._connection.aclose()
  File "C:\Users\jimcr\AppData\Roaming\Python\Python313\site-packages\httpcore\_async\http11.py", line 258, in aclose
    await self._network_stream.aclose()
  File "C:\Users\jimcr\AppData\Roaming\Python\Python313\site-packages\httpcore\_backends\anyio.py", line 53, in aclose
    await self._stream.aclose()
  File "C:\Users\jimcr\AppData\Roaming\Python\Python313\site-packages\anyio\streams\tls.py", line 236, in aclose
    await self.transport_stream.aclose()
  File "C:\Users\jimcr\AppData\Roaming\Python\Python313\site-packages\anyio\_backends\_asyncio.py", line 1344, in aclose
    self._transport.close()
    ~~~~~~~~~~~~~~~~~~~~~^^
  File "C:\Python313\Lib\asyncio\proactor_events.py", line 109, in close
    self._loop.call_soon(self._call_connection_lost, None)
    ~~~~~~~~~~~~~~~~~~~~^^^^^^^^^^^^^^^^^^^^^^^^^^^^^^^^^^
  File "C:\Python313\Lib\asyncio\base_events.py", line 828, in call_soon
    self._check_closed()
    ~~~~~~~~~~~~~~~~~~^^
  File "C:\Python313\Lib\asyncio\base_events.py", line 551, in _check_closed
    raise RuntimeError('Event loop is closed')
RuntimeError: Event loop is closed
INFO:regular_website_pipeline:  🤖 Starting DeepSeek analysis...
INFO:simple_llm_analysis:  ⏳ Initializing DeepSeek client...
INFO:simple_llm_analysis:  ⏱️ DeepSeek client initialized in 1.37 seconds
INFO:httpx:HTTP Request: POST https://api.deepseek.com/chat/completions "HTTP/1.1 200 OK"
INFO:regular_website_pipeline:  ✓ Analysis complete. Found 4 opportunities.
ERROR:asyncio:Task exception was never retrieved
future: <Task finished name='Task-654' coro=<AsyncClient.aclose() done, defined at C:\Users\jimcr\AppData\Roaming\Python\Python313\site-packages\httpx\_client.py:1996> exception=RuntimeError('Event loop is closed')>
Traceback (most recent call last):
  File "C:\Users\jimcr\AppData\Roaming\Python\Python313\site-packages\httpx\_client.py", line 2003, in aclose
    await self._transport.aclose()
  File "C:\Users\jimcr\AppData\Roaming\Python\Python313\site-packages\httpx\_transports\default.py", line 383, in aclose
    await self._pool.aclose()
  File "C:\Users\jimcr\AppData\Roaming\Python\Python313\site-packages\httpcore\_async\connection_pool.py", line 353, in aclose
    await self._close_connections(closing_connections)
  File "C:\Users\jimcr\AppData\Roaming\Python\Python313\site-packages\httpcore\_async\connection_pool.py", line 345, in _close_connections
    await connection.aclose()
  File "C:\Users\jimcr\AppData\Roaming\Python\Python313\site-packages\httpcore\_async\connection.py", line 173, in aclose
    await self._connection.aclose()
  File "C:\Users\jimcr\AppData\Roaming\Python\Python313\site-packages\httpcore\_async\http11.py", line 258, in aclose
    await self._network_stream.aclose()
  File "C:\Users\jimcr\AppData\Roaming\Python\Python313\site-packages\httpcore\_backends\anyio.py", line 53, in aclose
    await self._stream.aclose()
  File "C:\Users\jimcr\AppData\Roaming\Python\Python313\site-packages\anyio\streams\tls.py", line 236, in aclose
    await self.transport_stream.aclose()
  File "C:\Users\jimcr\AppData\Roaming\Python\Python313\site-packages\anyio\_backends\_asyncio.py", line 1344, in aclose
    self._transport.close()
    ~~~~~~~~~~~~~~~~~~~~~^^
  File "C:\Python313\Lib\asyncio\proactor_events.py", line 109, in close
    self._loop.call_soon(self._call_connection_lost, None)
    ~~~~~~~~~~~~~~~~~~~~^^^^^^^^^^^^^^^^^^^^^^^^^^^^^^^^^^
  File "C:\Python313\Lib\asyncio\base_events.py", line 828, in call_soon
    self._check_closed()
    ~~~~~~~~~~~~~~~~~~^^
  File "C:\Python313\Lib\asyncio\base_events.py", line 551, in _check_closed
    raise RuntimeError('Event loop is closed')
RuntimeError: Event loop is closed
INFO:regular_website_pipeline:  🤖 Starting DeepSeek analysis...
INFO:simple_llm_analysis:  ⏳ Initializing DeepSeek client...
INFO:simple_llm_analysis:  ⏱️ DeepSeek client initialized in 1.17 seconds
INFO:httpx:HTTP Request: POST https://api.deepseek.com/chat/completions "HTTP/1.1 200 OK"
INFO:regular_website_pipeline:  ✓ Analysis complete. Found 0 opportunities.
ERROR:asyncio:Task exception was never retrieved
future: <Task finished name='Task-685' coro=<AsyncClient.aclose() done, defined at C:\Users\jimcr\AppData\Roaming\Python\Python313\site-packages\httpx\_client.py:1996> exception=RuntimeError('Event loop is closed')>
Traceback (most recent call last):
  File "C:\Users\jimcr\AppData\Roaming\Python\Python313\site-packages\httpx\_client.py", line 2003, in aclose
    await self._transport.aclose()
  File "C:\Users\jimcr\AppData\Roaming\Python\Python313\site-packages\httpx\_transports\default.py", line 383, in aclose
    await self._pool.aclose()
  File "C:\Users\jimcr\AppData\Roaming\Python\Python313\site-packages\httpcore\_async\connection_pool.py", line 353, in aclose
    await self._close_connections(closing_connections)
  File "C:\Users\jimcr\AppData\Roaming\Python\Python313\site-packages\httpcore\_async\connection_pool.py", line 345, in _close_connections
    await connection.aclose()
  File "C:\Users\jimcr\AppData\Roaming\Python\Python313\site-packages\httpcore\_async\connection.py", line 173, in aclose
    await self._connection.aclose()
  File "C:\Users\jimcr\AppData\Roaming\Python\Python313\site-packages\httpcore\_async\http11.py", line 258, in aclose
    await self._network_stream.aclose()
  File "C:\Users\jimcr\AppData\Roaming\Python\Python313\site-packages\httpcore\_backends\anyio.py", line 53, in aclose
    await self._stream.aclose()
  File "C:\Users\jimcr\AppData\Roaming\Python\Python313\site-packages\anyio\streams\tls.py", line 236, in aclose
    await self.transport_stream.aclose()
  File "C:\Users\jimcr\AppData\Roaming\Python\Python313\site-packages\anyio\_backends\_asyncio.py", line 1344, in aclose
    self._transport.close()
    ~~~~~~~~~~~~~~~~~~~~~^^
  File "C:\Python313\Lib\asyncio\proactor_events.py", line 109, in close
    self._loop.call_soon(self._call_connection_lost, None)
    ~~~~~~~~~~~~~~~~~~~~^^^^^^^^^^^^^^^^^^^^^^^^^^^^^^^^^^
  File "C:\Python313\Lib\asyncio\base_events.py", line 828, in call_soon
    self._check_closed()
    ~~~~~~~~~~~~~~~~~~^^
  File "C:\Python313\Lib\asyncio\base_events.py", line 551, in _check_closed
    raise RuntimeError('Event loop is closed')
RuntimeError: Event loop is closed
INFO:regular_website_pipeline:  🤖 Starting DeepSeek analysis...
INFO:simple_llm_analysis:  ⏳ Initializing DeepSeek client...
INFO:simple_llm_analysis:  ⏱️ DeepSeek client initialized in 1.67 seconds
INFO:httpx:HTTP Request: POST https://api.deepseek.com/chat/completions "HTTP/1.1 200 OK"
INFO:regular_website_pipeline:  ✓ Analysis complete. Found 0 opportunities.
ERROR:asyncio:Task exception was never retrieved
future: <Task finished name='Task-716' coro=<AsyncClient.aclose() done, defined at C:\Users\jimcr\AppData\Roaming\Python\Python313\site-packages\httpx\_client.py:1996> exception=RuntimeError('Event loop is closed')>
Traceback (most recent call last):
  File "C:\Users\jimcr\AppData\Roaming\Python\Python313\site-packages\httpx\_client.py", line 2003, in aclose
    await self._transport.aclose()
  File "C:\Users\jimcr\AppData\Roaming\Python\Python313\site-packages\httpx\_transports\default.py", line 383, in aclose
    await self._pool.aclose()
  File "C:\Users\jimcr\AppData\Roaming\Python\Python313\site-packages\httpcore\_async\connection_pool.py", line 353, in aclose
    await self._close_connections(closing_connections)
  File "C:\Users\jimcr\AppData\Roaming\Python\Python313\site-packages\httpcore\_async\connection_pool.py", line 345, in _close_connections
    await connection.aclose()
  File "C:\Users\jimcr\AppData\Roaming\Python\Python313\site-packages\httpcore\_async\connection.py", line 173, in aclose
    await self._connection.aclose()
  File "C:\Users\jimcr\AppData\Roaming\Python\Python313\site-packages\httpcore\_async\http11.py", line 258, in aclose
    await self._network_stream.aclose()
  File "C:\Users\jimcr\AppData\Roaming\Python\Python313\site-packages\httpcore\_backends\anyio.py", line 53, in aclose
    await self._stream.aclose()
  File "C:\Users\jimcr\AppData\Roaming\Python\Python313\site-packages\anyio\streams\tls.py", line 236, in aclose
    await self.transport_stream.aclose()
  File "C:\Users\jimcr\AppData\Roaming\Python\Python313\site-packages\anyio\_backends\_asyncio.py", line 1344, in aclose
    self._transport.close()
    ~~~~~~~~~~~~~~~~~~~~~^^
  File "C:\Python313\Lib\asyncio\proactor_events.py", line 109, in close
    self._loop.call_soon(self._call_connection_lost, None)
    ~~~~~~~~~~~~~~~~~~~~^^^^^^^^^^^^^^^^^^^^^^^^^^^^^^^^^^
  File "C:\Python313\Lib\asyncio\base_events.py", line 828, in call_soon
    self._check_closed()
    ~~~~~~~~~~~~~~~~~~^^
  File "C:\Python313\Lib\asyncio\base_events.py", line 551, in _check_closed
    raise RuntimeError('Event loop is closed')
RuntimeError: Event loop is closed
INFO:regular_website_pipeline:  🤖 Starting DeepSeek analysis...
INFO:simple_llm_analysis:  ⏳ Initializing DeepSeek client...
INFO:simple_llm_analysis:  ⏱️ DeepSeek client initialized in 1.64 seconds
INFO:httpx:HTTP Request: POST https://api.deepseek.com/chat/completions "HTTP/1.1 200 OK"
INFO:regular_website_pipeline:  ✓ Analysis complete. Found 1 opportunities.
ERROR:asyncio:Task exception was never retrieved
future: <Task finished name='Task-744' coro=<AsyncClient.aclose() done, defined at C:\Users\jimcr\AppData\Roaming\Python\Python313\site-packages\httpx\_client.py:1996> exception=RuntimeError('Event loop is closed')>
Traceback (most recent call last):
  File "C:\Users\jimcr\AppData\Roaming\Python\Python313\site-packages\httpx\_client.py", line 2003, in aclose
    await self._transport.aclose()
  File "C:\Users\jimcr\AppData\Roaming\Python\Python313\site-packages\httpx\_transports\default.py", line 383, in aclose
    await self._pool.aclose()
  File "C:\Users\jimcr\AppData\Roaming\Python\Python313\site-packages\httpcore\_async\connection_pool.py", line 353, in aclose
    await self._close_connections(closing_connections)
  File "C:\Users\jimcr\AppData\Roaming\Python\Python313\site-packages\httpcore\_async\connection_pool.py", line 345, in _close_connections
    await connection.aclose()
  File "C:\Users\jimcr\AppData\Roaming\Python\Python313\site-packages\httpcore\_async\connection.py", line 173, in aclose
    await self._connection.aclose()
  File "C:\Users\jimcr\AppData\Roaming\Python\Python313\site-packages\httpcore\_async\http11.py", line 258, in aclose
    await self._network_stream.aclose()
  File "C:\Users\jimcr\AppData\Roaming\Python\Python313\site-packages\httpcore\_backends\anyio.py", line 53, in aclose
    await self._stream.aclose()
  File "C:\Users\jimcr\AppData\Roaming\Python\Python313\site-packages\anyio\streams\tls.py", line 236, in aclose
    await self.transport_stream.aclose()
  File "C:\Users\jimcr\AppData\Roaming\Python\Python313\site-packages\anyio\_backends\_asyncio.py", line 1344, in aclose
    self._transport.close()
    ~~~~~~~~~~~~~~~~~~~~~^^
  File "C:\Python313\Lib\asyncio\proactor_events.py", line 109, in close
    self._loop.call_soon(self._call_connection_lost, None)
    ~~~~~~~~~~~~~~~~~~~~^^^^^^^^^^^^^^^^^^^^^^^^^^^^^^^^^^
  File "C:\Python313\Lib\asyncio\base_events.py", line 828, in call_soon
    self._check_closed()
    ~~~~~~~~~~~~~~~~~~^^
  File "C:\Python313\Lib\asyncio\base_events.py", line 551, in _check_closed
    raise RuntimeError('Event loop is closed')
RuntimeError: Event loop is closed
INFO:regular_website_pipeline:  🤖 Starting DeepSeek analysis...
INFO:simple_llm_analysis:  ⏳ Initializing DeepSeek client...
INFO:simple_llm_analysis:  ⏱️ DeepSeek client initialized in 1.69 seconds
INFO:httpx:HTTP Request: POST https://api.deepseek.com/chat/completions "HTTP/1.1 200 OK"
INFO:regular_website_pipeline:  ✓ Analysis complete. Found 0 opportunities.
ERROR:asyncio:Task exception was never retrieved
future: <Task finished name='Task-772' coro=<AsyncClient.aclose() done, defined at C:\Users\jimcr\AppData\Roaming\Python\Python313\site-packages\httpx\_client.py:1996> exception=RuntimeError('Event loop is closed')>
Traceback (most recent call last):
  File "C:\Users\jimcr\AppData\Roaming\Python\Python313\site-packages\httpx\_client.py", line 2003, in aclose
    await self._transport.aclose()
  File "C:\Users\jimcr\AppData\Roaming\Python\Python313\site-packages\httpx\_transports\default.py", line 383, in aclose
    await self._pool.aclose()
  File "C:\Users\jimcr\AppData\Roaming\Python\Python313\site-packages\httpcore\_async\connection_pool.py", line 353, in aclose
    await self._close_connections(closing_connections)
  File "C:\Users\jimcr\AppData\Roaming\Python\Python313\site-packages\httpcore\_async\connection_pool.py", line 345, in _close_connections
    await connection.aclose()
  File "C:\Users\jimcr\AppData\Roaming\Python\Python313\site-packages\httpcore\_async\connection.py", line 173, in aclose
    await self._connection.aclose()
  File "C:\Users\jimcr\AppData\Roaming\Python\Python313\site-packages\httpcore\_async\http11.py", line 258, in aclose
    await self._network_stream.aclose()
  File "C:\Users\jimcr\AppData\Roaming\Python\Python313\site-packages\httpcore\_backends\anyio.py", line 53, in aclose
    await self._stream.aclose()
  File "C:\Users\jimcr\AppData\Roaming\Python\Python313\site-packages\anyio\streams\tls.py", line 236, in aclose
    await self.transport_stream.aclose()
  File "C:\Users\jimcr\AppData\Roaming\Python\Python313\site-packages\anyio\_backends\_asyncio.py", line 1344, in aclose
    self._transport.close()
    ~~~~~~~~~~~~~~~~~~~~~^^
  File "C:\Python313\Lib\asyncio\proactor_events.py", line 109, in close
    self._loop.call_soon(self._call_connection_lost, None)
    ~~~~~~~~~~~~~~~~~~~~^^^^^^^^^^^^^^^^^^^^^^^^^^^^^^^^^^
  File "C:\Python313\Lib\asyncio\base_events.py", line 828, in call_soon
    self._check_closed()
    ~~~~~~~~~~~~~~~~~~^^
  File "C:\Python313\Lib\asyncio\base_events.py", line 551, in _check_closed
    raise RuntimeError('Event loop is closed')
RuntimeError: Event loop is closed
INFO:regular_website_pipeline:  🤖 Starting DeepSeek analysis...
INFO:simple_llm_analysis:  ⏳ Initializing DeepSeek client...
INFO:simple_llm_analysis:  ⏱️ DeepSeek client initialized in 1.51 seconds
INFO:httpx:HTTP Request: POST https://api.deepseek.com/chat/completions "HTTP/1.1 200 OK"
INFO:regular_website_pipeline:  ✓ Analysis complete. Found 1 opportunities.
ERROR:asyncio:Task exception was never retrieved
future: <Task finished name='Task-803' coro=<AsyncClient.aclose() done, defined at C:\Users\jimcr\AppData\Roaming\Python\Python313\site-packages\httpx\_client.py:1996> exception=RuntimeError('Event loop is closed')>
Traceback (most recent call last):
  File "C:\Users\jimcr\AppData\Roaming\Python\Python313\site-packages\httpx\_client.py", line 2003, in aclose
    await self._transport.aclose()
  File "C:\Users\jimcr\AppData\Roaming\Python\Python313\site-packages\httpx\_transports\default.py", line 383, in aclose
    await self._pool.aclose()
  File "C:\Users\jimcr\AppData\Roaming\Python\Python313\site-packages\httpcore\_async\connection_pool.py", line 353, in aclose
    await self._close_connections(closing_connections)
  File "C:\Users\jimcr\AppData\Roaming\Python\Python313\site-packages\httpcore\_async\connection_pool.py", line 345, in _close_connections
    await connection.aclose()
  File "C:\Users\jimcr\AppData\Roaming\Python\Python313\site-packages\httpcore\_async\connection.py", line 173, in aclose
    await self._connection.aclose()
  File "C:\Users\jimcr\AppData\Roaming\Python\Python313\site-packages\httpcore\_async\http11.py", line 258, in aclose
    await self._network_stream.aclose()
  File "C:\Users\jimcr\AppData\Roaming\Python\Python313\site-packages\httpcore\_backends\anyio.py", line 53, in aclose
    await self._stream.aclose()
  File "C:\Users\jimcr\AppData\Roaming\Python\Python313\site-packages\anyio\streams\tls.py", line 236, in aclose
    await self.transport_stream.aclose()
  File "C:\Users\jimcr\AppData\Roaming\Python\Python313\site-packages\anyio\_backends\_asyncio.py", line 1344, in aclose
    self._transport.close()
    ~~~~~~~~~~~~~~~~~~~~~^^
  File "C:\Python313\Lib\asyncio\proactor_events.py", line 109, in close
    self._loop.call_soon(self._call_connection_lost, None)
    ~~~~~~~~~~~~~~~~~~~~^^^^^^^^^^^^^^^^^^^^^^^^^^^^^^^^^^
  File "C:\Python313\Lib\asyncio\base_events.py", line 828, in call_soon
    self._check_closed()
    ~~~~~~~~~~~~~~~~~~^^
  File "C:\Python313\Lib\asyncio\base_events.py", line 551, in _check_closed
    raise RuntimeError('Event loop is closed')
RuntimeError: Event loop is closed
INFO:regular_website_pipeline:  🤖 Starting DeepSeek analysis...
INFO:simple_llm_analysis:  ⏳ Initializing DeepSeek client...
INFO:simple_llm_analysis:  ⏱️ DeepSeek client initialized in 1.88 seconds
INFO:httpx:HTTP Request: POST https://api.deepseek.com/chat/completions "HTTP/1.1 200 OK"
INFO:regular_website_pipeline:  ✓ Analysis complete. Found 4 opportunities.
ERROR:asyncio:Task exception was never retrieved
future: <Task finished name='Task-834' coro=<AsyncClient.aclose() done, defined at C:\Users\jimcr\AppData\Roaming\Python\Python313\site-packages\httpx\_client.py:1996> exception=RuntimeError('Event loop is closed')>
Traceback (most recent call last):
  File "C:\Users\jimcr\AppData\Roaming\Python\Python313\site-packages\httpx\_client.py", line 2003, in aclose
    await self._transport.aclose()
  File "C:\Users\jimcr\AppData\Roaming\Python\Python313\site-packages\httpx\_transports\default.py", line 383, in aclose
    await self._pool.aclose()
  File "C:\Users\jimcr\AppData\Roaming\Python\Python313\site-packages\httpcore\_async\connection_pool.py", line 353, in aclose
    await self._close_connections(closing_connections)
  File "C:\Users\jimcr\AppData\Roaming\Python\Python313\site-packages\httpcore\_async\connection_pool.py", line 345, in _close_connections
    await connection.aclose()
  File "C:\Users\jimcr\AppData\Roaming\Python\Python313\site-packages\httpcore\_async\connection.py", line 173, in aclose
    await self._connection.aclose()
  File "C:\Users\jimcr\AppData\Roaming\Python\Python313\site-packages\httpcore\_async\http11.py", line 258, in aclose
    await self._network_stream.aclose()
  File "C:\Users\jimcr\AppData\Roaming\Python\Python313\site-packages\httpcore\_backends\anyio.py", line 53, in aclose
    await self._stream.aclose()
  File "C:\Users\jimcr\AppData\Roaming\Python\Python313\site-packages\anyio\streams\tls.py", line 236, in aclose
    await self.transport_stream.aclose()
  File "C:\Users\jimcr\AppData\Roaming\Python\Python313\site-packages\anyio\_backends\_asyncio.py", line 1344, in aclose
    self._transport.close()
    ~~~~~~~~~~~~~~~~~~~~~^^
  File "C:\Python313\Lib\asyncio\proactor_events.py", line 109, in close
    self._loop.call_soon(self._call_connection_lost, None)
    ~~~~~~~~~~~~~~~~~~~~^^^^^^^^^^^^^^^^^^^^^^^^^^^^^^^^^^
  File "C:\Python313\Lib\asyncio\base_events.py", line 828, in call_soon
    self._check_closed()
    ~~~~~~~~~~~~~~~~~~^^
  File "C:\Python313\Lib\asyncio\base_events.py", line 551, in _check_closed
    raise RuntimeError('Event loop is closed')
RuntimeError: Event loop is closed
INFO:regular_website_pipeline:  🤖 Starting DeepSeek analysis...
INFO:simple_llm_analysis:  ⏳ Initializing DeepSeek client...
INFO:simple_llm_analysis:  ⏱️ DeepSeek client initialized in 1.77 seconds
INFO:httpx:HTTP Request: POST https://api.deepseek.com/chat/completions "HTTP/1.1 200 OK"
INFO:regular_website_pipeline:  ✓ Analysis complete. Found 2 opportunities.
ERROR:asyncio:Task exception was never retrieved
future: <Task finished name='Task-864' coro=<AsyncClient.aclose() done, defined at C:\Users\jimcr\AppData\Roaming\Python\Python313\site-packages\httpx\_client.py:1996> exception=RuntimeError('Event loop is closed')>
Traceback (most recent call last):
  File "C:\Users\jimcr\AppData\Roaming\Python\Python313\site-packages\httpx\_client.py", line 2003, in aclose
    await self._transport.aclose()
  File "C:\Users\jimcr\AppData\Roaming\Python\Python313\site-packages\httpx\_transports\default.py", line 383, in aclose
    await self._pool.aclose()
  File "C:\Users\jimcr\AppData\Roaming\Python\Python313\site-packages\httpcore\_async\connection_pool.py", line 353, in aclose
    await self._close_connections(closing_connections)
  File "C:\Users\jimcr\AppData\Roaming\Python\Python313\site-packages\httpcore\_async\connection_pool.py", line 345, in _close_connections
    await connection.aclose()
  File "C:\Users\jimcr\AppData\Roaming\Python\Python313\site-packages\httpcore\_async\connection.py", line 173, in aclose
    await self._connection.aclose()
  File "C:\Users\jimcr\AppData\Roaming\Python\Python313\site-packages\httpcore\_async\http11.py", line 258, in aclose
    await self._network_stream.aclose()
  File "C:\Users\jimcr\AppData\Roaming\Python\Python313\site-packages\httpcore\_backends\anyio.py", line 53, in aclose
    await self._stream.aclose()
  File "C:\Users\jimcr\AppData\Roaming\Python\Python313\site-packages\anyio\streams\tls.py", line 236, in aclose
    await self.transport_stream.aclose()
  File "C:\Users\jimcr\AppData\Roaming\Python\Python313\site-packages\anyio\_backends\_asyncio.py", line 1344, in aclose
    self._transport.close()
    ~~~~~~~~~~~~~~~~~~~~~^^
  File "C:\Python313\Lib\asyncio\proactor_events.py", line 109, in close
    self._loop.call_soon(self._call_connection_lost, None)
    ~~~~~~~~~~~~~~~~~~~~^^^^^^^^^^^^^^^^^^^^^^^^^^^^^^^^^^
  File "C:\Python313\Lib\asyncio\base_events.py", line 828, in call_soon
    self._check_closed()
    ~~~~~~~~~~~~~~~~~~^^
  File "C:\Python313\Lib\asyncio\base_events.py", line 551, in _check_closed
    raise RuntimeError('Event loop is closed')
RuntimeError: Event loop is closed
INFO:regular_website_pipeline:  🤖 Starting DeepSeek analysis...
INFO:simple_llm_analysis:  ⏳ Initializing DeepSeek client...
INFO:simple_llm_analysis:  ⏱️ DeepSeek client initialized in 1.39 seconds
INFO:httpx:HTTP Request: POST https://api.deepseek.com/chat/completions "HTTP/1.1 200 OK"
INFO:regular_website_pipeline:  ✓ Analysis complete. Found 1 opportunities.
ERROR:asyncio:Task exception was never retrieved
future: <Task finished name='Task-888' coro=<AsyncClient.aclose() done, defined at C:\Users\jimcr\AppData\Roaming\Python\Python313\site-packages\httpx\_client.py:1996> exception=RuntimeError('Event loop is closed')>
Traceback (most recent call last):
  File "C:\Users\jimcr\AppData\Roaming\Python\Python313\site-packages\httpx\_client.py", line 2003, in aclose
    await self._transport.aclose()
  File "C:\Users\jimcr\AppData\Roaming\Python\Python313\site-packages\httpx\_transports\default.py", line 383, in aclose
    await self._pool.aclose()
  File "C:\Users\jimcr\AppData\Roaming\Python\Python313\site-packages\httpcore\_async\connection_pool.py", line 353, in aclose
    await self._close_connections(closing_connections)
  File "C:\Users\jimcr\AppData\Roaming\Python\Python313\site-packages\httpcore\_async\connection_pool.py", line 345, in _close_connections
    await connection.aclose()
  File "C:\Users\jimcr\AppData\Roaming\Python\Python313\site-packages\httpcore\_async\connection.py", line 173, in aclose
    await self._connection.aclose()
  File "C:\Users\jimcr\AppData\Roaming\Python\Python313\site-packages\httpcore\_async\http11.py", line 258, in aclose
    await self._network_stream.aclose()
  File "C:\Users\jimcr\AppData\Roaming\Python\Python313\site-packages\httpcore\_backends\anyio.py", line 53, in aclose
    await self._stream.aclose()
  File "C:\Users\jimcr\AppData\Roaming\Python\Python313\site-packages\anyio\streams\tls.py", line 236, in aclose
    await self.transport_stream.aclose()
  File "C:\Users\jimcr\AppData\Roaming\Python\Python313\site-packages\anyio\_backends\_asyncio.py", line 1344, in aclose
    self._transport.close()
    ~~~~~~~~~~~~~~~~~~~~~^^
  File "C:\Python313\Lib\asyncio\proactor_events.py", line 109, in close
    self._loop.call_soon(self._call_connection_lost, None)
    ~~~~~~~~~~~~~~~~~~~~^^^^^^^^^^^^^^^^^^^^^^^^^^^^^^^^^^
  File "C:\Python313\Lib\asyncio\base_events.py", line 828, in call_soon
    self._check_closed()
    ~~~~~~~~~~~~~~~~~~^^
  File "C:\Python313\Lib\asyncio\base_events.py", line 551, in _check_closed
    raise RuntimeError('Event loop is closed')
RuntimeError: Event loop is closed
INFO:regular_website_pipeline:  🤖 Starting DeepSeek analysis...
INFO:simple_llm_analysis:  ⏳ Initializing DeepSeek client...
INFO:simple_llm_analysis:  ⏱️ DeepSeek client initialized in 1.36 seconds
INFO:httpx:HTTP Request: POST https://api.deepseek.com/chat/completions "HTTP/1.1 200 OK"
INFO:regular_website_pipeline:  ✓ Analysis complete. Found 0 opportunities.
ERROR:asyncio:Task exception was never retrieved
future: <Task finished name='Task-919' coro=<AsyncClient.aclose() done, defined at C:\Users\jimcr\AppData\Roaming\Python\Python313\site-packages\httpx\_client.py:1996> exception=RuntimeError('Event loop is closed')>
Traceback (most recent call last):
  File "C:\Users\jimcr\AppData\Roaming\Python\Python313\site-packages\httpx\_client.py", line 2003, in aclose
    await self._transport.aclose()
  File "C:\Users\jimcr\AppData\Roaming\Python\Python313\site-packages\httpx\_transports\default.py", line 383, in aclose
    await self._pool.aclose()
  File "C:\Users\jimcr\AppData\Roaming\Python\Python313\site-packages\httpcore\_async\connection_pool.py", line 353, in aclose
    await self._close_connections(closing_connections)
  File "C:\Users\jimcr\AppData\Roaming\Python\Python313\site-packages\httpcore\_async\connection_pool.py", line 345, in _close_connections
    await connection.aclose()
  File "C:\Users\jimcr\AppData\Roaming\Python\Python313\site-packages\httpcore\_async\connection.py", line 173, in aclose
    await self._connection.aclose()
  File "C:\Users\jimcr\AppData\Roaming\Python\Python313\site-packages\httpcore\_async\http11.py", line 258, in aclose
    await self._network_stream.aclose()
  File "C:\Users\jimcr\AppData\Roaming\Python\Python313\site-packages\httpcore\_backends\anyio.py", line 53, in aclose
    await self._stream.aclose()
  File "C:\Users\jimcr\AppData\Roaming\Python\Python313\site-packages\anyio\streams\tls.py", line 236, in aclose
    await self.transport_stream.aclose()
  File "C:\Users\jimcr\AppData\Roaming\Python\Python313\site-packages\anyio\_backends\_asyncio.py", line 1344, in aclose
    self._transport.close()
    ~~~~~~~~~~~~~~~~~~~~~^^
  File "C:\Python313\Lib\asyncio\proactor_events.py", line 109, in close
    self._loop.call_soon(self._call_connection_lost, None)
    ~~~~~~~~~~~~~~~~~~~~^^^^^^^^^^^^^^^^^^^^^^^^^^^^^^^^^^
  File "C:\Python313\Lib\asyncio\base_events.py", line 828, in call_soon
    self._check_closed()
    ~~~~~~~~~~~~~~~~~~^^
  File "C:\Python313\Lib\asyncio\base_events.py", line 551, in _check_closed
    raise RuntimeError('Event loop is closed')
RuntimeError: Event loop is closed
INFO:regular_website_pipeline:  🤖 Starting DeepSeek analysis...
INFO:simple_llm_analysis:  ⏳ Initializing DeepSeek client...
INFO:simple_llm_analysis:  ⏱️ DeepSeek client initialized in 1.80 seconds
INFO:httpx:HTTP Request: POST https://api.deepseek.com/chat/completions "HTTP/1.1 200 OK"
INFO:regular_website_pipeline:  ✓ Analysis complete. Found 1 opportunities.
ERROR:asyncio:Task exception was never retrieved
future: <Task finished name='Task-944' coro=<AsyncClient.aclose() done, defined at C:\Users\jimcr\AppData\Roaming\Python\Python313\site-packages\httpx\_client.py:1996> exception=RuntimeError('Event loop is closed')>
Traceback (most recent call last):
  File "C:\Users\jimcr\AppData\Roaming\Python\Python313\site-packages\httpx\_client.py", line 2003, in aclose
    await self._transport.aclose()
  File "C:\Users\jimcr\AppData\Roaming\Python\Python313\site-packages\httpx\_transports\default.py", line 383, in aclose
    await self._pool.aclose()
  File "C:\Users\jimcr\AppData\Roaming\Python\Python313\site-packages\httpcore\_async\connection_pool.py", line 353, in aclose
    await self._close_connections(closing_connections)
  File "C:\Users\jimcr\AppData\Roaming\Python\Python313\site-packages\httpcore\_async\connection_pool.py", line 345, in _close_connections
    await connection.aclose()
  File "C:\Users\jimcr\AppData\Roaming\Python\Python313\site-packages\httpcore\_async\connection.py", line 173, in aclose
    await self._connection.aclose()
  File "C:\Users\jimcr\AppData\Roaming\Python\Python313\site-packages\httpcore\_async\http11.py", line 258, in aclose
    await self._network_stream.aclose()
  File "C:\Users\jimcr\AppData\Roaming\Python\Python313\site-packages\httpcore\_backends\anyio.py", line 53, in aclose
    await self._stream.aclose()
  File "C:\Users\jimcr\AppData\Roaming\Python\Python313\site-packages\anyio\streams\tls.py", line 236, in aclose
    await self.transport_stream.aclose()
  File "C:\Users\jimcr\AppData\Roaming\Python\Python313\site-packages\anyio\_backends\_asyncio.py", line 1344, in aclose
    self._transport.close()
    ~~~~~~~~~~~~~~~~~~~~~^^
  File "C:\Python313\Lib\asyncio\proactor_events.py", line 109, in close
    self._loop.call_soon(self._call_connection_lost, None)
    ~~~~~~~~~~~~~~~~~~~~^^^^^^^^^^^^^^^^^^^^^^^^^^^^^^^^^^
  File "C:\Python313\Lib\asyncio\base_events.py", line 828, in call_soon
    self._check_closed()
    ~~~~~~~~~~~~~~~~~~^^
  File "C:\Python313\Lib\asyncio\base_events.py", line 551, in _check_closed
    raise RuntimeError('Event loop is closed')
RuntimeError: Event loop is closed
INFO:regular_website_pipeline:  🤖 Starting DeepSeek analysis...
INFO:simple_llm_analysis:  ⏳ Initializing DeepSeek client...
INFO:simple_llm_analysis:  ⏱️ DeepSeek client initialized in 2.26 seconds
INFO:httpx:HTTP Request: POST https://api.deepseek.com/chat/completions "HTTP/1.1 200 OK"
INFO:regular_website_pipeline:  ✓ Analysis complete. Found 1 opportunities.
ERROR:asyncio:Task exception was never retrieved
future: <Task finished name='Task-968' coro=<AsyncClient.aclose() done, defined at C:\Users\jimcr\AppData\Roaming\Python\Python313\site-packages\httpx\_client.py:1996> exception=RuntimeError('Event loop is closed')>
Traceback (most recent call last):
  File "C:\Users\jimcr\AppData\Roaming\Python\Python313\site-packages\httpx\_client.py", line 2003, in aclose
    await self._transport.aclose()
  File "C:\Users\jimcr\AppData\Roaming\Python\Python313\site-packages\httpx\_transports\default.py", line 383, in aclose
    await self._pool.aclose()
  File "C:\Users\jimcr\AppData\Roaming\Python\Python313\site-packages\httpcore\_async\connection_pool.py", line 353, in aclose
    await self._close_connections(closing_connections)
  File "C:\Users\jimcr\AppData\Roaming\Python\Python313\site-packages\httpcore\_async\connection_pool.py", line 345, in _close_connections
    await connection.aclose()
  File "C:\Users\jimcr\AppData\Roaming\Python\Python313\site-packages\httpcore\_async\connection.py", line 173, in aclose
    await self._connection.aclose()
  File "C:\Users\jimcr\AppData\Roaming\Python\Python313\site-packages\httpcore\_async\http11.py", line 258, in aclose
    await self._network_stream.aclose()
  File "C:\Users\jimcr\AppData\Roaming\Python\Python313\site-packages\httpcore\_backends\anyio.py", line 53, in aclose
    await self._stream.aclose()
  File "C:\Users\jimcr\AppData\Roaming\Python\Python313\site-packages\anyio\streams\tls.py", line 236, in aclose
    await self.transport_stream.aclose()
  File "C:\Users\jimcr\AppData\Roaming\Python\Python313\site-packages\anyio\_backends\_asyncio.py", line 1344, in aclose
    self._transport.close()
    ~~~~~~~~~~~~~~~~~~~~~^^
  File "C:\Python313\Lib\asyncio\proactor_events.py", line 109, in close
    self._loop.call_soon(self._call_connection_lost, None)
    ~~~~~~~~~~~~~~~~~~~~^^^^^^^^^^^^^^^^^^^^^^^^^^^^^^^^^^
  File "C:\Python313\Lib\asyncio\base_events.py", line 828, in call_soon
    self._check_closed()
    ~~~~~~~~~~~~~~~~~~^^
  File "C:\Python313\Lib\asyncio\base_events.py", line 551, in _check_closed
    raise RuntimeError('Event loop is closed')
RuntimeError: Event loop is closed
INFO:regular_website_pipeline:  🤖 Starting DeepSeek analysis...
INFO:simple_llm_analysis:  ⏳ Initializing DeepSeek client...
INFO:simple_llm_analysis:  ⏱️ DeepSeek client initialized in 1.55 seconds
INFO:httpx:HTTP Request: POST https://api.deepseek.com/chat/completions "HTTP/1.1 200 OK"
INFO:regular_website_pipeline:  ✓ Analysis complete. Found 0 opportunities.
ERROR:asyncio:Task exception was never retrieved
future: <Task finished name='Task-992' coro=<AsyncClient.aclose() done, defined at C:\Users\jimcr\AppData\Roaming\Python\Python313\site-packages\httpx\_client.py:1996> exception=RuntimeError('Event loop is closed')>
Traceback (most recent call last):
  File "C:\Users\jimcr\AppData\Roaming\Python\Python313\site-packages\httpx\_client.py", line 2003, in aclose
    await self._transport.aclose()
  File "C:\Users\jimcr\AppData\Roaming\Python\Python313\site-packages\httpx\_transports\default.py", line 383, in aclose
    await self._pool.aclose()
  File "C:\Users\jimcr\AppData\Roaming\Python\Python313\site-packages\httpcore\_async\connection_pool.py", line 353, in aclose
    await self._close_connections(closing_connections)
  File "C:\Users\jimcr\AppData\Roaming\Python\Python313\site-packages\httpcore\_async\connection_pool.py", line 345, in _close_connections
    await connection.aclose()
  File "C:\Users\jimcr\AppData\Roaming\Python\Python313\site-packages\httpcore\_async\connection.py", line 173, in aclose
    await self._connection.aclose()
  File "C:\Users\jimcr\AppData\Roaming\Python\Python313\site-packages\httpcore\_async\http11.py", line 258, in aclose
    await self._network_stream.aclose()
  File "C:\Users\jimcr\AppData\Roaming\Python\Python313\site-packages\httpcore\_backends\anyio.py", line 53, in aclose
    await self._stream.aclose()
  File "C:\Users\jimcr\AppData\Roaming\Python\Python313\site-packages\anyio\streams\tls.py", line 236, in aclose
    await self.transport_stream.aclose()
  File "C:\Users\jimcr\AppData\Roaming\Python\Python313\site-packages\anyio\_backends\_asyncio.py", line 1344, in aclose
    self._transport.close()
    ~~~~~~~~~~~~~~~~~~~~~^^
  File "C:\Python313\Lib\asyncio\proactor_events.py", line 109, in close
    self._loop.call_soon(self._call_connection_lost, None)
    ~~~~~~~~~~~~~~~~~~~~^^^^^^^^^^^^^^^^^^^^^^^^^^^^^^^^^^
  File "C:\Python313\Lib\asyncio\base_events.py", line 828, in call_soon
    self._check_closed()
    ~~~~~~~~~~~~~~~~~~^^
  File "C:\Python313\Lib\asyncio\base_events.py", line 551, in _check_closed
    raise RuntimeError('Event loop is closed')
RuntimeError: Event loop is closed
INFO:regular_website_pipeline:  🤖 Starting DeepSeek analysis...
INFO:simple_llm_analysis:  ⏳ Initializing DeepSeek client...
INFO:simple_llm_analysis:  ⏱️ DeepSeek client initialized in 1.39 seconds
INFO:httpx:HTTP Request: POST https://api.deepseek.com/chat/completions "HTTP/1.1 200 OK"
INFO:regular_website_pipeline:  ✓ Analysis complete. Found 1 opportunities.
ERROR:asyncio:Task exception was never retrieved
future: <Task finished name='Task-1023' coro=<AsyncClient.aclose() done, defined at C:\Users\jimcr\AppData\Roaming\Python\Python313\site-packages\httpx\_client.py:1996> exception=RuntimeError('Event loop is closed')>
Traceback (most recent call last):
  File "C:\Users\jimcr\AppData\Roaming\Python\Python313\site-packages\httpx\_client.py", line 2003, in aclose
    await self._transport.aclose()
  File "C:\Users\jimcr\AppData\Roaming\Python\Python313\site-packages\httpx\_transports\default.py", line 383, in aclose
    await self._pool.aclose()
  File "C:\Users\jimcr\AppData\Roaming\Python\Python313\site-packages\httpcore\_async\connection_pool.py", line 353, in aclose
    await self._close_connections(closing_connections)
  File "C:\Users\jimcr\AppData\Roaming\Python\Python313\site-packages\httpcore\_async\connection_pool.py", line 345, in _close_connections
    await connection.aclose()
  File "C:\Users\jimcr\AppData\Roaming\Python\Python313\site-packages\httpcore\_async\connection.py", line 173, in aclose
    await self._connection.aclose()
  File "C:\Users\jimcr\AppData\Roaming\Python\Python313\site-packages\httpcore\_async\http11.py", line 258, in aclose
    await self._network_stream.aclose()
  File "C:\Users\jimcr\AppData\Roaming\Python\Python313\site-packages\httpcore\_backends\anyio.py", line 53, in aclose
    await self._stream.aclose()
  File "C:\Users\jimcr\AppData\Roaming\Python\Python313\site-packages\anyio\streams\tls.py", line 236, in aclose
    await self.transport_stream.aclose()
  File "C:\Users\jimcr\AppData\Roaming\Python\Python313\site-packages\anyio\_backends\_asyncio.py", line 1344, in aclose
    self._transport.close()
    ~~~~~~~~~~~~~~~~~~~~~^^
  File "C:\Python313\Lib\asyncio\proactor_events.py", line 109, in close
    self._loop.call_soon(self._call_connection_lost, None)
    ~~~~~~~~~~~~~~~~~~~~^^^^^^^^^^^^^^^^^^^^^^^^^^^^^^^^^^
  File "C:\Python313\Lib\asyncio\base_events.py", line 828, in call_soon
    self._check_closed()
    ~~~~~~~~~~~~~~~~~~^^
  File "C:\Python313\Lib\asyncio\base_events.py", line 551, in _check_closed
    raise RuntimeError('Event loop is closed')
RuntimeError: Event loop is closed
INFO:regular_website_pipeline:  🤖 Starting DeepSeek analysis...
INFO:simple_llm_analysis:  ⏳ Initializing DeepSeek client...
INFO:simple_llm_analysis:  ⏱️ DeepSeek client initialized in 1.76 seconds
INFO:httpx:HTTP Request: POST https://api.deepseek.com/chat/completions "HTTP/1.1 200 OK"
INFO:regular_website_pipeline:  ✓ Analysis complete. Found 3 opportunities.
ERROR:asyncio:Task exception was never retrieved
future: <Task finished name='Task-1054' coro=<AsyncClient.aclose() done, defined at C:\Users\jimcr\AppData\Roaming\Python\Python313\site-packages\httpx\_client.py:1996> exception=RuntimeError('Event loop is closed')>
Traceback (most recent call last):
  File "C:\Users\jimcr\AppData\Roaming\Python\Python313\site-packages\httpx\_client.py", line 2003, in aclose
    await self._transport.aclose()
  File "C:\Users\jimcr\AppData\Roaming\Python\Python313\site-packages\httpx\_transports\default.py", line 383, in aclose
    await self._pool.aclose()
  File "C:\Users\jimcr\AppData\Roaming\Python\Python313\site-packages\httpcore\_async\connection_pool.py", line 353, in aclose
    await self._close_connections(closing_connections)
  File "C:\Users\jimcr\AppData\Roaming\Python\Python313\site-packages\httpcore\_async\connection_pool.py", line 345, in _close_connections
    await connection.aclose()
  File "C:\Users\jimcr\AppData\Roaming\Python\Python313\site-packages\httpcore\_async\connection.py", line 173, in aclose
    await self._connection.aclose()
  File "C:\Users\jimcr\AppData\Roaming\Python\Python313\site-packages\httpcore\_async\http11.py", line 258, in aclose
    await self._network_stream.aclose()
  File "C:\Users\jimcr\AppData\Roaming\Python\Python313\site-packages\httpcore\_backends\anyio.py", line 53, in aclose
    await self._stream.aclose()
  File "C:\Users\jimcr\AppData\Roaming\Python\Python313\site-packages\anyio\streams\tls.py", line 236, in aclose
    await self.transport_stream.aclose()
  File "C:\Users\jimcr\AppData\Roaming\Python\Python313\site-packages\anyio\_backends\_asyncio.py", line 1344, in aclose
    self._transport.close()
    ~~~~~~~~~~~~~~~~~~~~~^^
  File "C:\Python313\Lib\asyncio\proactor_events.py", line 109, in close
    self._loop.call_soon(self._call_connection_lost, None)
    ~~~~~~~~~~~~~~~~~~~~^^^^^^^^^^^^^^^^^^^^^^^^^^^^^^^^^^
  File "C:\Python313\Lib\asyncio\base_events.py", line 828, in call_soon
    self._check_closed()
    ~~~~~~~~~~~~~~~~~~^^
  File "C:\Python313\Lib\asyncio\base_events.py", line 551, in _check_closed
    raise RuntimeError('Event loop is closed')
RuntimeError: Event loop is closed
INFO:regular_website_pipeline:  🤖 Starting DeepSeek analysis...
INFO:simple_llm_analysis:  ⏳ Initializing DeepSeek client...
INFO:simple_llm_analysis:  ⏱️ DeepSeek client initialized in 1.48 seconds
INFO:httpx:HTTP Request: POST https://api.deepseek.com/chat/completions "HTTP/1.1 200 OK"
INFO:regular_website_pipeline:  ✓ Analysis complete. Found 1 opportunities.
ERROR:asyncio:Task exception was never retrieved
future: <Task finished name='Task-1080' coro=<AsyncClient.aclose() done, defined at C:\Users\jimcr\AppData\Roaming\Python\Python313\site-packages\httpx\_client.py:1996> exception=RuntimeError('Event loop is closed')>
Traceback (most recent call last):
  File "C:\Users\jimcr\AppData\Roaming\Python\Python313\site-packages\httpx\_client.py", line 2003, in aclose
    await self._transport.aclose()
  File "C:\Users\jimcr\AppData\Roaming\Python\Python313\site-packages\httpx\_transports\default.py", line 383, in aclose
    await self._pool.aclose()
  File "C:\Users\jimcr\AppData\Roaming\Python\Python313\site-packages\httpcore\_async\connection_pool.py", line 353, in aclose
    await self._close_connections(closing_connections)
  File "C:\Users\jimcr\AppData\Roaming\Python\Python313\site-packages\httpcore\_async\connection_pool.py", line 345, in _close_connections
    await connection.aclose()
  File "C:\Users\jimcr\AppData\Roaming\Python\Python313\site-packages\httpcore\_async\connection.py", line 173, in aclose
    await self._connection.aclose()
  File "C:\Users\jimcr\AppData\Roaming\Python\Python313\site-packages\httpcore\_async\http11.py", line 258, in aclose
    await self._network_stream.aclose()
  File "C:\Users\jimcr\AppData\Roaming\Python\Python313\site-packages\httpcore\_backends\anyio.py", line 53, in aclose
    await self._stream.aclose()
  File "C:\Users\jimcr\AppData\Roaming\Python\Python313\site-packages\anyio\streams\tls.py", line 236, in aclose
    await self.transport_stream.aclose()
  File "C:\Users\jimcr\AppData\Roaming\Python\Python313\site-packages\anyio\_backends\_asyncio.py", line 1344, in aclose
    self._transport.close()
    ~~~~~~~~~~~~~~~~~~~~~^^
  File "C:\Python313\Lib\asyncio\proactor_events.py", line 109, in close
    self._loop.call_soon(self._call_connection_lost, None)
    ~~~~~~~~~~~~~~~~~~~~^^^^^^^^^^^^^^^^^^^^^^^^^^^^^^^^^^
  File "C:\Python313\Lib\asyncio\base_events.py", line 828, in call_soon
    self._check_closed()
    ~~~~~~~~~~~~~~~~~~^^
  File "C:\Python313\Lib\asyncio\base_events.py", line 551, in _check_closed
    raise RuntimeError('Event loop is closed')
RuntimeError: Event loop is closed
INFO:regular_website_pipeline:  🤖 Starting DeepSeek analysis...
INFO:simple_llm_analysis:  ⏳ Initializing DeepSeek client...
INFO:simple_llm_analysis:  ⏱️ DeepSeek client initialized in 1.56 seconds
INFO:httpx:HTTP Request: POST https://api.deepseek.com/chat/completions "HTTP/1.1 200 OK"
INFO:regular_website_pipeline:  ✓ Analysis complete. Found 1 opportunities.
ERROR:asyncio:Task exception was never retrieved
future: <Task finished name='Task-1103' coro=<AsyncClient.aclose() done, defined at C:\Users\jimcr\AppData\Roaming\Python\Python313\site-packages\httpx\_client.py:1996> exception=RuntimeError('Event loop is closed')>
Traceback (most recent call last):
  File "C:\Users\jimcr\AppData\Roaming\Python\Python313\site-packages\httpx\_client.py", line 2003, in aclose
    await self._transport.aclose()
  File "C:\Users\jimcr\AppData\Roaming\Python\Python313\site-packages\httpx\_transports\default.py", line 383, in aclose
    await self._pool.aclose()
  File "C:\Users\jimcr\AppData\Roaming\Python\Python313\site-packages\httpcore\_async\connection_pool.py", line 353, in aclose
    await self._close_connections(closing_connections)
  File "C:\Users\jimcr\AppData\Roaming\Python\Python313\site-packages\httpcore\_async\connection_pool.py", line 345, in _close_connections
    await connection.aclose()
  File "C:\Users\jimcr\AppData\Roaming\Python\Python313\site-packages\httpcore\_async\connection.py", line 173, in aclose
    await self._connection.aclose()
  File "C:\Users\jimcr\AppData\Roaming\Python\Python313\site-packages\httpcore\_async\http11.py", line 258, in aclose
    await self._network_stream.aclose()
  File "C:\Users\jimcr\AppData\Roaming\Python\Python313\site-packages\httpcore\_backends\anyio.py", line 53, in aclose
    await self._stream.aclose()
  File "C:\Users\jimcr\AppData\Roaming\Python\Python313\site-packages\anyio\streams\tls.py", line 236, in aclose
    await self.transport_stream.aclose()
  File "C:\Users\jimcr\AppData\Roaming\Python\Python313\site-packages\anyio\_backends\_asyncio.py", line 1344, in aclose
    self._transport.close()
    ~~~~~~~~~~~~~~~~~~~~~^^
  File "C:\Python313\Lib\asyncio\proactor_events.py", line 109, in close
    self._loop.call_soon(self._call_connection_lost, None)
    ~~~~~~~~~~~~~~~~~~~~^^^^^^^^^^^^^^^^^^^^^^^^^^^^^^^^^^
  File "C:\Python313\Lib\asyncio\base_events.py", line 828, in call_soon
    self._check_closed()
    ~~~~~~~~~~~~~~~~~~^^
  File "C:\Python313\Lib\asyncio\base_events.py", line 551, in _check_closed
    raise RuntimeError('Event loop is closed')
RuntimeError: Event loop is closed
INFO:regular_website_pipeline:  🤖 Starting DeepSeek analysis...
INFO:simple_llm_analysis:  ⏳ Initializing DeepSeek client...
INFO:simple_llm_analysis:  ⏱️ DeepSeek client initialized in 1.52 seconds
INFO:httpx:HTTP Request: POST https://api.deepseek.com/chat/completions "HTTP/1.1 200 OK"
INFO:regular_website_pipeline:  ✓ Analysis complete. Found 2 opportunities.
ERROR:asyncio:Task exception was never retrieved
future: <Task finished name='Task-1134' coro=<AsyncClient.aclose() done, defined at C:\Users\jimcr\AppData\Roaming\Python\Python313\site-packages\httpx\_client.py:1996> exception=RuntimeError('Event loop is closed')>
Traceback (most recent call last):
  File "C:\Users\jimcr\AppData\Roaming\Python\Python313\site-packages\httpx\_client.py", line 2003, in aclose
    await self._transport.aclose()
  File "C:\Users\jimcr\AppData\Roaming\Python\Python313\site-packages\httpx\_transports\default.py", line 383, in aclose
    await self._pool.aclose()
  File "C:\Users\jimcr\AppData\Roaming\Python\Python313\site-packages\httpcore\_async\connection_pool.py", line 353, in aclose
    await self._close_connections(closing_connections)
  File "C:\Users\jimcr\AppData\Roaming\Python\Python313\site-packages\httpcore\_async\connection_pool.py", line 345, in _close_connections
    await connection.aclose()
  File "C:\Users\jimcr\AppData\Roaming\Python\Python313\site-packages\httpcore\_async\connection.py", line 173, in aclose
    await self._connection.aclose()
  File "C:\Users\jimcr\AppData\Roaming\Python\Python313\site-packages\httpcore\_async\http11.py", line 258, in aclose
    await self._network_stream.aclose()
  File "C:\Users\jimcr\AppData\Roaming\Python\Python313\site-packages\httpcore\_backends\anyio.py", line 53, in aclose
    await self._stream.aclose()
  File "C:\Users\jimcr\AppData\Roaming\Python\Python313\site-packages\anyio\streams\tls.py", line 236, in aclose
    await self.transport_stream.aclose()
  File "C:\Users\jimcr\AppData\Roaming\Python\Python313\site-packages\anyio\_backends\_asyncio.py", line 1344, in aclose
    self._transport.close()
    ~~~~~~~~~~~~~~~~~~~~~^^
  File "C:\Python313\Lib\asyncio\proactor_events.py", line 109, in close
    self._loop.call_soon(self._call_connection_lost, None)
    ~~~~~~~~~~~~~~~~~~~~^^^^^^^^^^^^^^^^^^^^^^^^^^^^^^^^^^
  File "C:\Python313\Lib\asyncio\base_events.py", line 828, in call_soon
    self._check_closed()
    ~~~~~~~~~~~~~~~~~~^^
  File "C:\Python313\Lib\asyncio\base_events.py", line 551, in _check_closed
    raise RuntimeError('Event loop is closed')
RuntimeError: Event loop is closed
INFO:regular_website_pipeline:  🤖 Starting DeepSeek analysis...
INFO:simple_llm_analysis:  ⏳ Initializing DeepSeek client...
INFO:simple_llm_analysis:  ⏱️ DeepSeek client initialized in 1.74 seconds
INFO:httpx:HTTP Request: POST https://api.deepseek.com/chat/completions "HTTP/1.1 200 OK"
INFO:regular_website_pipeline:  ✓ Analysis complete. Found 1 opportunities.
ERROR:asyncio:Task exception was never retrieved
future: <Task finished name='Task-1158' coro=<AsyncClient.aclose() done, defined at C:\Users\jimcr\AppData\Roaming\Python\Python313\site-packages\httpx\_client.py:1996> exception=RuntimeError('Event loop is closed')>
Traceback (most recent call last):
  File "C:\Users\jimcr\AppData\Roaming\Python\Python313\site-packages\httpx\_client.py", line 2003, in aclose
    await self._transport.aclose()
  File "C:\Users\jimcr\AppData\Roaming\Python\Python313\site-packages\httpx\_transports\default.py", line 383, in aclose
    await self._pool.aclose()
  File "C:\Users\jimcr\AppData\Roaming\Python\Python313\site-packages\httpcore\_async\connection_pool.py", line 353, in aclose
    await self._close_connections(closing_connections)
  File "C:\Users\jimcr\AppData\Roaming\Python\Python313\site-packages\httpcore\_async\connection_pool.py", line 345, in _close_connections
    await connection.aclose()
  File "C:\Users\jimcr\AppData\Roaming\Python\Python313\site-packages\httpcore\_async\connection.py", line 173, in aclose
    await self._connection.aclose()
  File "C:\Users\jimcr\AppData\Roaming\Python\Python313\site-packages\httpcore\_async\http11.py", line 258, in aclose
    await self._network_stream.aclose()
  File "C:\Users\jimcr\AppData\Roaming\Python\Python313\site-packages\httpcore\_backends\anyio.py", line 53, in aclose
    await self._stream.aclose()
  File "C:\Users\jimcr\AppData\Roaming\Python\Python313\site-packages\anyio\streams\tls.py", line 236, in aclose
    await self.transport_stream.aclose()
  File "C:\Users\jimcr\AppData\Roaming\Python\Python313\site-packages\anyio\_backends\_asyncio.py", line 1344, in aclose
    self._transport.close()
    ~~~~~~~~~~~~~~~~~~~~~^^
  File "C:\Python313\Lib\asyncio\proactor_events.py", line 109, in close
    self._loop.call_soon(self._call_connection_lost, None)
    ~~~~~~~~~~~~~~~~~~~~^^^^^^^^^^^^^^^^^^^^^^^^^^^^^^^^^^
  File "C:\Python313\Lib\asyncio\base_events.py", line 828, in call_soon
    self._check_closed()
    ~~~~~~~~~~~~~~~~~~^^
  File "C:\Python313\Lib\asyncio\base_events.py", line 551, in _check_closed
    raise RuntimeError('Event loop is closed')
RuntimeError: Event loop is closed
INFO:regular_website_pipeline:  🤖 Starting DeepSeek analysis...
INFO:simple_llm_analysis:  ⏳ Initializing DeepSeek client...
INFO:simple_llm_analysis:  ⏱️ DeepSeek client initialized in 1.41 seconds
INFO:httpx:HTTP Request: POST https://api.deepseek.com/chat/completions "HTTP/1.1 200 OK"
INFO:regular_website_pipeline:  ✓ Analysis complete. Found 1 opportunities.
ERROR:asyncio:Task exception was never retrieved
future: <Task finished name='Task-1182' coro=<AsyncClient.aclose() done, defined at C:\Users\jimcr\AppData\Roaming\Python\Python313\site-packages\httpx\_client.py:1996> exception=RuntimeError('Event loop is closed')>
Traceback (most recent call last):
  File "C:\Users\jimcr\AppData\Roaming\Python\Python313\site-packages\httpx\_client.py", line 2003, in aclose
    await self._transport.aclose()
  File "C:\Users\jimcr\AppData\Roaming\Python\Python313\site-packages\httpx\_transports\default.py", line 383, in aclose
    await self._pool.aclose()
  File "C:\Users\jimcr\AppData\Roaming\Python\Python313\site-packages\httpcore\_async\connection_pool.py", line 353, in aclose
    await self._close_connections(closing_connections)
  File "C:\Users\jimcr\AppData\Roaming\Python\Python313\site-packages\httpcore\_async\connection_pool.py", line 345, in _close_connections
    await connection.aclose()
  File "C:\Users\jimcr\AppData\Roaming\Python\Python313\site-packages\httpcore\_async\connection.py", line 173, in aclose
    await self._connection.aclose()
  File "C:\Users\jimcr\AppData\Roaming\Python\Python313\site-packages\httpcore\_async\http11.py", line 258, in aclose
    await self._network_stream.aclose()
  File "C:\Users\jimcr\AppData\Roaming\Python\Python313\site-packages\httpcore\_backends\anyio.py", line 53, in aclose
    await self._stream.aclose()
  File "C:\Users\jimcr\AppData\Roaming\Python\Python313\site-packages\anyio\streams\tls.py", line 236, in aclose
    await self.transport_stream.aclose()
  File "C:\Users\jimcr\AppData\Roaming\Python\Python313\site-packages\anyio\_backends\_asyncio.py", line 1344, in aclose
    self._transport.close()
    ~~~~~~~~~~~~~~~~~~~~~^^
  File "C:\Python313\Lib\asyncio\proactor_events.py", line 109, in close
    self._loop.call_soon(self._call_connection_lost, None)
    ~~~~~~~~~~~~~~~~~~~~^^^^^^^^^^^^^^^^^^^^^^^^^^^^^^^^^^
  File "C:\Python313\Lib\asyncio\base_events.py", line 828, in call_soon
    self._check_closed()
    ~~~~~~~~~~~~~~~~~~^^
  File "C:\Python313\Lib\asyncio\base_events.py", line 551, in _check_closed
    raise RuntimeError('Event loop is closed')
RuntimeError: Event loop is closed
INFO:regular_website_pipeline:  🤖 Starting DeepSeek analysis...
INFO:simple_llm_analysis:  ⏳ Initializing DeepSeek client...
INFO:simple_llm_analysis:  ⏱️ DeepSeek client initialized in 1.30 seconds
INFO:httpx:HTTP Request: POST https://api.deepseek.com/chat/completions "HTTP/1.1 200 OK"
INFO:regular_website_pipeline:  ✓ Analysis complete. Found 1 opportunities.
ERROR:asyncio:Task exception was never retrieved
future: <Task finished name='Task-1206' coro=<AsyncClient.aclose() done, defined at C:\Users\jimcr\AppData\Roaming\Python\Python313\site-packages\httpx\_client.py:1996> exception=RuntimeError('Event loop is closed')>
Traceback (most recent call last):
  File "C:\Users\jimcr\AppData\Roaming\Python\Python313\site-packages\httpx\_client.py", line 2003, in aclose
    await self._transport.aclose()
  File "C:\Users\jimcr\AppData\Roaming\Python\Python313\site-packages\httpx\_transports\default.py", line 383, in aclose
    await self._pool.aclose()
  File "C:\Users\jimcr\AppData\Roaming\Python\Python313\site-packages\httpcore\_async\connection_pool.py", line 353, in aclose
    await self._close_connections(closing_connections)
  File "C:\Users\jimcr\AppData\Roaming\Python\Python313\site-packages\httpcore\_async\connection_pool.py", line 345, in _close_connections
    await connection.aclose()
  File "C:\Users\jimcr\AppData\Roaming\Python\Python313\site-packages\httpcore\_async\connection.py", line 173, in aclose
    await self._connection.aclose()
  File "C:\Users\jimcr\AppData\Roaming\Python\Python313\site-packages\httpcore\_async\http11.py", line 258, in aclose
    await self._network_stream.aclose()
  File "C:\Users\jimcr\AppData\Roaming\Python\Python313\site-packages\httpcore\_backends\anyio.py", line 53, in aclose
    await self._stream.aclose()
  File "C:\Users\jimcr\AppData\Roaming\Python\Python313\site-packages\anyio\streams\tls.py", line 236, in aclose
    await self.transport_stream.aclose()
  File "C:\Users\jimcr\AppData\Roaming\Python\Python313\site-packages\anyio\_backends\_asyncio.py", line 1344, in aclose
    self._transport.close()
    ~~~~~~~~~~~~~~~~~~~~~^^
  File "C:\Python313\Lib\asyncio\proactor_events.py", line 109, in close
    self._loop.call_soon(self._call_connection_lost, None)
    ~~~~~~~~~~~~~~~~~~~~^^^^^^^^^^^^^^^^^^^^^^^^^^^^^^^^^^
  File "C:\Python313\Lib\asyncio\base_events.py", line 828, in call_soon
    self._check_closed()
    ~~~~~~~~~~~~~~~~~~^^
  File "C:\Python313\Lib\asyncio\base_events.py", line 551, in _check_closed
    raise RuntimeError('Event loop is closed')
RuntimeError: Event loop is closed
INFO:regular_website_pipeline:  🤖 Starting DeepSeek analysis...
INFO:simple_llm_analysis:  ⏳ Initializing DeepSeek client...
INFO:simple_llm_analysis:  ⏱️ DeepSeek client initialized in 1.48 seconds
INFO:httpx:HTTP Request: POST https://api.deepseek.com/chat/completions "HTTP/1.1 200 OK"
INFO:regular_website_pipeline:  ✓ Analysis complete. Found 0 opportunities.
ERROR:asyncio:Task exception was never retrieved
future: <Task finished name='Task-1230' coro=<AsyncClient.aclose() done, defined at C:\Users\jimcr\AppData\Roaming\Python\Python313\site-packages\httpx\_client.py:1996> exception=RuntimeError('Event loop is closed')>
Traceback (most recent call last):
  File "C:\Users\jimcr\AppData\Roaming\Python\Python313\site-packages\httpx\_client.py", line 2003, in aclose
    await self._transport.aclose()
  File "C:\Users\jimcr\AppData\Roaming\Python\Python313\site-packages\httpx\_transports\default.py", line 383, in aclose
    await self._pool.aclose()
  File "C:\Users\jimcr\AppData\Roaming\Python\Python313\site-packages\httpcore\_async\connection_pool.py", line 353, in aclose
    await self._close_connections(closing_connections)
  File "C:\Users\jimcr\AppData\Roaming\Python\Python313\site-packages\httpcore\_async\connection_pool.py", line 345, in _close_connections
    await connection.aclose()
  File "C:\Users\jimcr\AppData\Roaming\Python\Python313\site-packages\httpcore\_async\connection.py", line 173, in aclose
    await self._connection.aclose()
  File "C:\Users\jimcr\AppData\Roaming\Python\Python313\site-packages\httpcore\_async\http11.py", line 258, in aclose
    await self._network_stream.aclose()
  File "C:\Users\jimcr\AppData\Roaming\Python\Python313\site-packages\httpcore\_backends\anyio.py", line 53, in aclose
    await self._stream.aclose()
  File "C:\Users\jimcr\AppData\Roaming\Python\Python313\site-packages\anyio\streams\tls.py", line 236, in aclose
    await self.transport_stream.aclose()
  File "C:\Users\jimcr\AppData\Roaming\Python\Python313\site-packages\anyio\_backends\_asyncio.py", line 1344, in aclose
    self._transport.close()
    ~~~~~~~~~~~~~~~~~~~~~^^
  File "C:\Python313\Lib\asyncio\proactor_events.py", line 109, in close
    self._loop.call_soon(self._call_connection_lost, None)
    ~~~~~~~~~~~~~~~~~~~~^^^^^^^^^^^^^^^^^^^^^^^^^^^^^^^^^^
  File "C:\Python313\Lib\asyncio\base_events.py", line 828, in call_soon
    self._check_closed()
    ~~~~~~~~~~~~~~~~~~^^
  File "C:\Python313\Lib\asyncio\base_events.py", line 551, in _check_closed
    raise RuntimeError('Event loop is closed')
RuntimeError: Event loop is closed
INFO:regular_website_pipeline:  🤖 Starting DeepSeek analysis...
INFO:simple_llm_analysis:  ⏳ Initializing DeepSeek client...
INFO:simple_llm_analysis:  ⏱️ DeepSeek client initialized in 1.41 seconds
INFO:httpx:HTTP Request: POST https://api.deepseek.com/chat/completions "HTTP/1.1 200 OK"
INFO:regular_website_pipeline:  ✓ Analysis complete. Found 0 opportunities.
ERROR:asyncio:Task exception was never retrieved
future: <Task finished name='Task-1259' coro=<AsyncClient.aclose() done, defined at C:\Users\jimcr\AppData\Roaming\Python\Python313\site-packages\httpx\_client.py:1996> exception=RuntimeError('Event loop is closed')>
Traceback (most recent call last):
  File "C:\Users\jimcr\AppData\Roaming\Python\Python313\site-packages\httpx\_client.py", line 2003, in aclose
    await self._transport.aclose()
  File "C:\Users\jimcr\AppData\Roaming\Python\Python313\site-packages\httpx\_transports\default.py", line 383, in aclose
    await self._pool.aclose()
  File "C:\Users\jimcr\AppData\Roaming\Python\Python313\site-packages\httpcore\_async\connection_pool.py", line 353, in aclose
    await self._close_connections(closing_connections)
  File "C:\Users\jimcr\AppData\Roaming\Python\Python313\site-packages\httpcore\_async\connection_pool.py", line 345, in _close_connections
    await connection.aclose()
  File "C:\Users\jimcr\AppData\Roaming\Python\Python313\site-packages\httpcore\_async\connection.py", line 173, in aclose
    await self._connection.aclose()
  File "C:\Users\jimcr\AppData\Roaming\Python\Python313\site-packages\httpcore\_async\http11.py", line 258, in aclose
    await self._network_stream.aclose()
  File "C:\Users\jimcr\AppData\Roaming\Python\Python313\site-packages\httpcore\_backends\anyio.py", line 53, in aclose
    await self._stream.aclose()
  File "C:\Users\jimcr\AppData\Roaming\Python\Python313\site-packages\anyio\streams\tls.py", line 236, in aclose
    await self.transport_stream.aclose()
  File "C:\Users\jimcr\AppData\Roaming\Python\Python313\site-packages\anyio\_backends\_asyncio.py", line 1344, in aclose
    self._transport.close()
    ~~~~~~~~~~~~~~~~~~~~~^^
  File "C:\Python313\Lib\asyncio\proactor_events.py", line 109, in close
    self._loop.call_soon(self._call_connection_lost, None)
    ~~~~~~~~~~~~~~~~~~~~^^^^^^^^^^^^^^^^^^^^^^^^^^^^^^^^^^
  File "C:\Python313\Lib\asyncio\base_events.py", line 828, in call_soon
    self._check_closed()
    ~~~~~~~~~~~~~~~~~~^^
  File "C:\Python313\Lib\asyncio\base_events.py", line 551, in _check_closed
    raise RuntimeError('Event loop is closed')
RuntimeError: Event loop is closed
INFO:regular_website_pipeline:  🤖 Starting DeepSeek analysis...
INFO:simple_llm_analysis:  ⏳ Initializing DeepSeek client...
INFO:simple_llm_analysis:  ⏱️ DeepSeek client initialized in 1.97 seconds
INFO:httpx:HTTP Request: POST https://api.deepseek.com/chat/completions "HTTP/1.1 200 OK"
INFO:regular_website_pipeline:  ✓ Analysis complete. Found 0 opportunities.
ERROR:asyncio:Task exception was never retrieved
future: <Task finished name='Task-1290' coro=<AsyncClient.aclose() done, defined at C:\Users\jimcr\AppData\Roaming\Python\Python313\site-packages\httpx\_client.py:1996> exception=RuntimeError('Event loop is closed')>
Traceback (most recent call last):
  File "C:\Users\jimcr\AppData\Roaming\Python\Python313\site-packages\httpx\_client.py", line 2003, in aclose
    await self._transport.aclose()
  File "C:\Users\jimcr\AppData\Roaming\Python\Python313\site-packages\httpx\_transports\default.py", line 383, in aclose
    await self._pool.aclose()
  File "C:\Users\jimcr\AppData\Roaming\Python\Python313\site-packages\httpcore\_async\connection_pool.py", line 353, in aclose
    await self._close_connections(closing_connections)
  File "C:\Users\jimcr\AppData\Roaming\Python\Python313\site-packages\httpcore\_async\connection_pool.py", line 345, in _close_connections
    await connection.aclose()
  File "C:\Users\jimcr\AppData\Roaming\Python\Python313\site-packages\httpcore\_async\connection.py", line 173, in aclose
    await self._connection.aclose()
  File "C:\Users\jimcr\AppData\Roaming\Python\Python313\site-packages\httpcore\_async\http11.py", line 258, in aclose
    await self._network_stream.aclose()
  File "C:\Users\jimcr\AppData\Roaming\Python\Python313\site-packages\httpcore\_backends\anyio.py", line 53, in aclose
    await self._stream.aclose()
  File "C:\Users\jimcr\AppData\Roaming\Python\Python313\site-packages\anyio\streams\tls.py", line 236, in aclose
    await self.transport_stream.aclose()
  File "C:\Users\jimcr\AppData\Roaming\Python\Python313\site-packages\anyio\_backends\_asyncio.py", line 1344, in aclose
    self._transport.close()
    ~~~~~~~~~~~~~~~~~~~~~^^
  File "C:\Python313\Lib\asyncio\proactor_events.py", line 109, in close
    self._loop.call_soon(self._call_connection_lost, None)
    ~~~~~~~~~~~~~~~~~~~~^^^^^^^^^^^^^^^^^^^^^^^^^^^^^^^^^^
  File "C:\Python313\Lib\asyncio\base_events.py", line 828, in call_soon
    self._check_closed()
    ~~~~~~~~~~~~~~~~~~^^
  File "C:\Python313\Lib\asyncio\base_events.py", line 551, in _check_closed
    raise RuntimeError('Event loop is closed')
RuntimeError: Event loop is closed
INFO:regular_website_pipeline:  🤖 Starting DeepSeek analysis...
INFO:simple_llm_analysis:  ⏳ Initializing DeepSeek client...
INFO:simple_llm_analysis:  ⏱️ DeepSeek client initialized in 1.52 seconds
INFO:httpx:HTTP Request: POST https://api.deepseek.com/chat/completions "HTTP/1.1 200 OK"
INFO:regular_website_pipeline:  ✓ Analysis complete. Found 2 opportunities.
ERROR:asyncio:Task exception was never retrieved
future: <Task finished name='Task-1333' coro=<AsyncClient.aclose() done, defined at C:\Users\jimcr\AppData\Roaming\Python\Python313\site-packages\httpx\_client.py:1996> exception=RuntimeError('Event loop is closed')>
Traceback (most recent call last):
  File "C:\Users\jimcr\AppData\Roaming\Python\Python313\site-packages\httpx\_client.py", line 2003, in aclose
    await self._transport.aclose()
  File "C:\Users\jimcr\AppData\Roaming\Python\Python313\site-packages\httpx\_transports\default.py", line 383, in aclose
    await self._pool.aclose()
  File "C:\Users\jimcr\AppData\Roaming\Python\Python313\site-packages\httpcore\_async\connection_pool.py", line 353, in aclose
    await self._close_connections(closing_connections)
  File "C:\Users\jimcr\AppData\Roaming\Python\Python313\site-packages\httpcore\_async\connection_pool.py", line 345, in _close_connections
    await connection.aclose()
  File "C:\Users\jimcr\AppData\Roaming\Python\Python313\site-packages\httpcore\_async\connection.py", line 173, in aclose
    await self._connection.aclose()
  File "C:\Users\jimcr\AppData\Roaming\Python\Python313\site-packages\httpcore\_async\http11.py", line 258, in aclose
    await self._network_stream.aclose()
  File "C:\Users\jimcr\AppData\Roaming\Python\Python313\site-packages\httpcore\_backends\anyio.py", line 53, in aclose
    await self._stream.aclose()
  File "C:\Users\jimcr\AppData\Roaming\Python\Python313\site-packages\anyio\streams\tls.py", line 236, in aclose
    await self.transport_stream.aclose()
  File "C:\Users\jimcr\AppData\Roaming\Python\Python313\site-packages\anyio\_backends\_asyncio.py", line 1344, in aclose
    self._transport.close()
    ~~~~~~~~~~~~~~~~~~~~~^^
  File "C:\Python313\Lib\asyncio\proactor_events.py", line 109, in close
    self._loop.call_soon(self._call_connection_lost, None)
    ~~~~~~~~~~~~~~~~~~~~^^^^^^^^^^^^^^^^^^^^^^^^^^^^^^^^^^
  File "C:\Python313\Lib\asyncio\base_events.py", line 828, in call_soon
    self._check_closed()
    ~~~~~~~~~~~~~~~~~~^^
  File "C:\Python313\Lib\asyncio\base_events.py", line 551, in _check_closed
    raise RuntimeError('Event loop is closed')
RuntimeError: Event loop is closed
INFO:regular_website_pipeline:  🤖 Starting DeepSeek analysis...
INFO:simple_llm_analysis:  ⏳ Initializing DeepSeek client...
INFO:simple_llm_analysis:  ⏱️ DeepSeek client initialized in 1.39 seconds
INFO:httpx:HTTP Request: POST https://api.deepseek.com/chat/completions "HTTP/1.1 200 OK"
INFO:regular_website_pipeline:  ✓ Analysis complete. Found 1 opportunities.
ERROR:asyncio:Task exception was never retrieved
future: <Task finished name='Task-1344' coro=<AsyncClient.aclose() done, defined at C:\Users\jimcr\AppData\Roaming\Python\Python313\site-packages\httpx\_client.py:1996> exception=RuntimeError('Event loop is closed')>
Traceback (most recent call last):
  File "C:\Users\jimcr\AppData\Roaming\Python\Python313\site-packages\httpx\_client.py", line 2003, in aclose
    await self._transport.aclose()
  File "C:\Users\jimcr\AppData\Roaming\Python\Python313\site-packages\httpx\_transports\default.py", line 383, in aclose
    await self._pool.aclose()
  File "C:\Users\jimcr\AppData\Roaming\Python\Python313\site-packages\httpcore\_async\connection_pool.py", line 353, in aclose
    await self._close_connections(closing_connections)
  File "C:\Users\jimcr\AppData\Roaming\Python\Python313\site-packages\httpcore\_async\connection_pool.py", line 345, in _close_connections
    await connection.aclose()
  File "C:\Users\jimcr\AppData\Roaming\Python\Python313\site-packages\httpcore\_async\connection.py", line 173, in aclose
    await self._connection.aclose()
  File "C:\Users\jimcr\AppData\Roaming\Python\Python313\site-packages\httpcore\_async\http11.py", line 258, in aclose
    await self._network_stream.aclose()
  File "C:\Users\jimcr\AppData\Roaming\Python\Python313\site-packages\httpcore\_backends\anyio.py", line 53, in aclose
    await self._stream.aclose()
  File "C:\Users\jimcr\AppData\Roaming\Python\Python313\site-packages\anyio\streams\tls.py", line 236, in aclose
    await self.transport_stream.aclose()
  File "C:\Users\jimcr\AppData\Roaming\Python\Python313\site-packages\anyio\_backends\_asyncio.py", line 1344, in aclose
    self._transport.close()
    ~~~~~~~~~~~~~~~~~~~~~^^
  File "C:\Python313\Lib\asyncio\proactor_events.py", line 109, in close
    self._loop.call_soon(self._call_connection_lost, None)
    ~~~~~~~~~~~~~~~~~~~~^^^^^^^^^^^^^^^^^^^^^^^^^^^^^^^^^^
  File "C:\Python313\Lib\asyncio\base_events.py", line 828, in call_soon
    self._check_closed()
    ~~~~~~~~~~~~~~~~~~^^
  File "C:\Python313\Lib\asyncio\base_events.py", line 551, in _check_closed
    raise RuntimeError('Event loop is closed')
RuntimeError: Event loop is closed
INFO:regular_website_pipeline:  🤖 Starting DeepSeek analysis...
INFO:simple_llm_analysis:  ⏳ Initializing DeepSeek client...
INFO:simple_llm_analysis:  ⏱️ DeepSeek client initialized in 1.80 seconds
INFO:httpx:HTTP Request: POST https://api.deepseek.com/chat/completions "HTTP/1.1 200 OK"
INFO:regular_website_pipeline:  ✓ Analysis complete. Found 1 opportunities.
ERROR:asyncio:Task exception was never retrieved
future: <Task finished name='Task-1368' coro=<AsyncClient.aclose() done, defined at C:\Users\jimcr\AppData\Roaming\Python\Python313\site-packages\httpx\_client.py:1996> exception=RuntimeError('Event loop is closed')>
Traceback (most recent call last):
  File "C:\Users\jimcr\AppData\Roaming\Python\Python313\site-packages\httpx\_client.py", line 2003, in aclose
    await self._transport.aclose()
  File "C:\Users\jimcr\AppData\Roaming\Python\Python313\site-packages\httpx\_transports\default.py", line 383, in aclose
    await self._pool.aclose()
  File "C:\Users\jimcr\AppData\Roaming\Python\Python313\site-packages\httpcore\_async\connection_pool.py", line 353, in aclose
    await self._close_connections(closing_connections)
  File "C:\Users\jimcr\AppData\Roaming\Python\Python313\site-packages\httpcore\_async\connection_pool.py", line 345, in _close_connections
    await connection.aclose()
  File "C:\Users\jimcr\AppData\Roaming\Python\Python313\site-packages\httpcore\_async\connection.py", line 173, in aclose
    await self._connection.aclose()
  File "C:\Users\jimcr\AppData\Roaming\Python\Python313\site-packages\httpcore\_async\http11.py", line 258, in aclose
    await self._network_stream.aclose()
  File "C:\Users\jimcr\AppData\Roaming\Python\Python313\site-packages\httpcore\_backends\anyio.py", line 53, in aclose
    await self._stream.aclose()
  File "C:\Users\jimcr\AppData\Roaming\Python\Python313\site-packages\anyio\streams\tls.py", line 236, in aclose
    await self.transport_stream.aclose()
  File "C:\Users\jimcr\AppData\Roaming\Python\Python313\site-packages\anyio\_backends\_asyncio.py", line 1344, in aclose
    self._transport.close()
    ~~~~~~~~~~~~~~~~~~~~~^^
  File "C:\Python313\Lib\asyncio\proactor_events.py", line 109, in close
    self._loop.call_soon(self._call_connection_lost, None)
    ~~~~~~~~~~~~~~~~~~~~^^^^^^^^^^^^^^^^^^^^^^^^^^^^^^^^^^
  File "C:\Python313\Lib\asyncio\base_events.py", line 828, in call_soon
    self._check_closed()
    ~~~~~~~~~~~~~~~~~~^^
  File "C:\Python313\Lib\asyncio\base_events.py", line 551, in _check_closed
    raise RuntimeError('Event loop is closed')
RuntimeError: Event loop is closed
INFO:regular_website_pipeline:  🤖 Starting DeepSeek analysis...
INFO:simple_llm_analysis:  ⏳ Initializing DeepSeek client...
INFO:simple_llm_analysis:  ⏱️ DeepSeek client initialized in 1.93 seconds
INFO:httpx:HTTP Request: POST https://api.deepseek.com/chat/completions "HTTP/1.1 200 OK"
INFO:regular_website_pipeline:  ✓ Analysis complete. Found 3 opportunities.
ERROR:asyncio:Task exception was never retrieved
future: <Task finished name='Task-1392' coro=<AsyncClient.aclose() done, defined at C:\Users\jimcr\AppData\Roaming\Python\Python313\site-packages\httpx\_client.py:1996> exception=RuntimeError('Event loop is closed')>
Traceback (most recent call last):
  File "C:\Users\jimcr\AppData\Roaming\Python\Python313\site-packages\httpx\_client.py", line 2003, in aclose
    await self._transport.aclose()
  File "C:\Users\jimcr\AppData\Roaming\Python\Python313\site-packages\httpx\_transports\default.py", line 383, in aclose
    await self._pool.aclose()
  File "C:\Users\jimcr\AppData\Roaming\Python\Python313\site-packages\httpcore\_async\connection_pool.py", line 353, in aclose
    await self._close_connections(closing_connections)
  File "C:\Users\jimcr\AppData\Roaming\Python\Python313\site-packages\httpcore\_async\connection_pool.py", line 345, in _close_connections
    await connection.aclose()
  File "C:\Users\jimcr\AppData\Roaming\Python\Python313\site-packages\httpcore\_async\connection.py", line 173, in aclose
    await self._connection.aclose()
  File "C:\Users\jimcr\AppData\Roaming\Python\Python313\site-packages\httpcore\_async\http11.py", line 258, in aclose
    await self._network_stream.aclose()
  File "C:\Users\jimcr\AppData\Roaming\Python\Python313\site-packages\httpcore\_backends\anyio.py", line 53, in aclose
    await self._stream.aclose()
  File "C:\Users\jimcr\AppData\Roaming\Python\Python313\site-packages\anyio\streams\tls.py", line 236, in aclose
    await self.transport_stream.aclose()
  File "C:\Users\jimcr\AppData\Roaming\Python\Python313\site-packages\anyio\_backends\_asyncio.py", line 1344, in aclose
    self._transport.close()
    ~~~~~~~~~~~~~~~~~~~~~^^
  File "C:\Python313\Lib\asyncio\proactor_events.py", line 109, in close
    self._loop.call_soon(self._call_connection_lost, None)
    ~~~~~~~~~~~~~~~~~~~~^^^^^^^^^^^^^^^^^^^^^^^^^^^^^^^^^^
  File "C:\Python313\Lib\asyncio\base_events.py", line 828, in call_soon
    self._check_closed()
    ~~~~~~~~~~~~~~~~~~^^
  File "C:\Python313\Lib\asyncio\base_events.py", line 551, in _check_closed
    raise RuntimeError('Event loop is closed')
RuntimeError: Event loop is closed
INFO:regular_website_pipeline:  🤖 Starting DeepSeek analysis...
INFO:simple_llm_analysis:  ⏳ Initializing DeepSeek client...
INFO:simple_llm_analysis:  ⏱️ DeepSeek client initialized in 1.61 seconds
INFO:httpx:HTTP Request: POST https://api.deepseek.com/chat/completions "HTTP/1.1 200 OK"
INFO:regular_website_pipeline:  ✓ Analysis complete. Found 1 opportunities.
ERROR:asyncio:Task exception was never retrieved
future: <Task finished name='Task-1423' coro=<AsyncClient.aclose() done, defined at C:\Users\jimcr\AppData\Roaming\Python\Python313\site-packages\httpx\_client.py:1996> exception=RuntimeError('Event loop is closed')>
Traceback (most recent call last):
  File "C:\Users\jimcr\AppData\Roaming\Python\Python313\site-packages\httpx\_client.py", line 2003, in aclose
    await self._transport.aclose()
  File "C:\Users\jimcr\AppData\Roaming\Python\Python313\site-packages\httpx\_transports\default.py", line 383, in aclose
    await self._pool.aclose()
  File "C:\Users\jimcr\AppData\Roaming\Python\Python313\site-packages\httpcore\_async\connection_pool.py", line 353, in aclose
    await self._close_connections(closing_connections)
  File "C:\Users\jimcr\AppData\Roaming\Python\Python313\site-packages\httpcore\_async\connection_pool.py", line 345, in _close_connections
    await connection.aclose()
  File "C:\Users\jimcr\AppData\Roaming\Python\Python313\site-packages\httpcore\_async\connection.py", line 173, in aclose
    await self._connection.aclose()
  File "C:\Users\jimcr\AppData\Roaming\Python\Python313\site-packages\httpcore\_async\http11.py", line 258, in aclose
    await self._network_stream.aclose()
  File "C:\Users\jimcr\AppData\Roaming\Python\Python313\site-packages\httpcore\_backends\anyio.py", line 53, in aclose
    await self._stream.aclose()
  File "C:\Users\jimcr\AppData\Roaming\Python\Python313\site-packages\anyio\streams\tls.py", line 236, in aclose
    await self.transport_stream.aclose()
  File "C:\Users\jimcr\AppData\Roaming\Python\Python313\site-packages\anyio\_backends\_asyncio.py", line 1344, in aclose
    self._transport.close()
    ~~~~~~~~~~~~~~~~~~~~~^^
  File "C:\Python313\Lib\asyncio\proactor_events.py", line 109, in close
    self._loop.call_soon(self._call_connection_lost, None)
    ~~~~~~~~~~~~~~~~~~~~^^^^^^^^^^^^^^^^^^^^^^^^^^^^^^^^^^
  File "C:\Python313\Lib\asyncio\base_events.py", line 828, in call_soon
    self._check_closed()
    ~~~~~~~~~~~~~~~~~~^^
  File "C:\Python313\Lib\asyncio\base_events.py", line 551, in _check_closed
    raise RuntimeError('Event loop is closed')
RuntimeError: Event loop is closed
INFO:regular_website_pipeline:  🤖 Starting DeepSeek analysis...
INFO:simple_llm_analysis:  ⏳ Initializing DeepSeek client...
INFO:simple_llm_analysis:  ⏱️ DeepSeek client initialized in 1.45 seconds
INFO:httpx:HTTP Request: POST https://api.deepseek.com/chat/completions "HTTP/1.1 200 OK"
INFO:regular_website_pipeline:  ✓ Analysis complete. Found 0 opportunities.
ERROR:asyncio:Task exception was never retrieved
future: <Task finished name='Task-1446' coro=<AsyncClient.aclose() done, defined at C:\Users\jimcr\AppData\Roaming\Python\Python313\site-packages\httpx\_client.py:1996> exception=RuntimeError('Event loop is closed')>
Traceback (most recent call last):
  File "C:\Users\jimcr\AppData\Roaming\Python\Python313\site-packages\httpx\_client.py", line 2003, in aclose
    await self._transport.aclose()
  File "C:\Users\jimcr\AppData\Roaming\Python\Python313\site-packages\httpx\_transports\default.py", line 383, in aclose
    await self._pool.aclose()
  File "C:\Users\jimcr\AppData\Roaming\Python\Python313\site-packages\httpcore\_async\connection_pool.py", line 353, in aclose
    await self._close_connections(closing_connections)
  File "C:\Users\jimcr\AppData\Roaming\Python\Python313\site-packages\httpcore\_async\connection_pool.py", line 345, in _close_connections
    await connection.aclose()
  File "C:\Users\jimcr\AppData\Roaming\Python\Python313\site-packages\httpcore\_async\connection.py", line 173, in aclose
    await self._connection.aclose()
  File "C:\Users\jimcr\AppData\Roaming\Python\Python313\site-packages\httpcore\_async\http11.py", line 258, in aclose
    await self._network_stream.aclose()
  File "C:\Users\jimcr\AppData\Roaming\Python\Python313\site-packages\httpcore\_backends\anyio.py", line 53, in aclose
    await self._stream.aclose()
  File "C:\Users\jimcr\AppData\Roaming\Python\Python313\site-packages\anyio\streams\tls.py", line 236, in aclose
    await self.transport_stream.aclose()
  File "C:\Users\jimcr\AppData\Roaming\Python\Python313\site-packages\anyio\_backends\_asyncio.py", line 1344, in aclose
    self._transport.close()
    ~~~~~~~~~~~~~~~~~~~~~^^
  File "C:\Python313\Lib\asyncio\proactor_events.py", line 109, in close
    self._loop.call_soon(self._call_connection_lost, None)
    ~~~~~~~~~~~~~~~~~~~~^^^^^^^^^^^^^^^^^^^^^^^^^^^^^^^^^^
  File "C:\Python313\Lib\asyncio\base_events.py", line 828, in call_soon
    self._check_closed()
    ~~~~~~~~~~~~~~~~~~^^
  File "C:\Python313\Lib\asyncio\base_events.py", line 551, in _check_closed
    raise RuntimeError('Event loop is closed')
RuntimeError: Event loop is closed
INFO:regular_website_pipeline:  🤖 Starting DeepSeek analysis...
INFO:simple_llm_analysis:  ⏳ Initializing DeepSeek client...
INFO:simple_llm_analysis:  ⏱️ DeepSeek client initialized in 1.25 seconds
INFO:httpx:HTTP Request: POST https://api.deepseek.com/chat/completions "HTTP/1.1 200 OK"
INFO:regular_website_pipeline:  ✓ Analysis complete. Found 1 opportunities.
ERROR:asyncio:Task exception was never retrieved
future: <Task finished name='Task-1491' coro=<AsyncClient.aclose() done, defined at C:\Users\jimcr\AppData\Roaming\Python\Python313\site-packages\httpx\_client.py:1996> exception=RuntimeError('Event loop is closed')>
Traceback (most recent call last):
  File "C:\Users\jimcr\AppData\Roaming\Python\Python313\site-packages\httpx\_client.py", line 2003, in aclose
    await self._transport.aclose()
  File "C:\Users\jimcr\AppData\Roaming\Python\Python313\site-packages\httpx\_transports\default.py", line 383, in aclose
    await self._pool.aclose()
  File "C:\Users\jimcr\AppData\Roaming\Python\Python313\site-packages\httpcore\_async\connection_pool.py", line 353, in aclose
    await self._close_connections(closing_connections)
  File "C:\Users\jimcr\AppData\Roaming\Python\Python313\site-packages\httpcore\_async\connection_pool.py", line 345, in _close_connections
    await connection.aclose()
  File "C:\Users\jimcr\AppData\Roaming\Python\Python313\site-packages\httpcore\_async\connection.py", line 173, in aclose
    await self._connection.aclose()
  File "C:\Users\jimcr\AppData\Roaming\Python\Python313\site-packages\httpcore\_async\http11.py", line 258, in aclose
    await self._network_stream.aclose()
  File "C:\Users\jimcr\AppData\Roaming\Python\Python313\site-packages\httpcore\_backends\anyio.py", line 53, in aclose
    await self._stream.aclose()
  File "C:\Users\jimcr\AppData\Roaming\Python\Python313\site-packages\anyio\streams\tls.py", line 236, in aclose
    await self.transport_stream.aclose()
  File "C:\Users\jimcr\AppData\Roaming\Python\Python313\site-packages\anyio\_backends\_asyncio.py", line 1344, in aclose
    self._transport.close()
    ~~~~~~~~~~~~~~~~~~~~~^^
  File "C:\Python313\Lib\asyncio\proactor_events.py", line 109, in close
    self._loop.call_soon(self._call_connection_lost, None)
    ~~~~~~~~~~~~~~~~~~~~^^^^^^^^^^^^^^^^^^^^^^^^^^^^^^^^^^
  File "C:\Python313\Lib\asyncio\base_events.py", line 828, in call_soon
    self._check_closed()
    ~~~~~~~~~~~~~~~~~~^^
  File "C:\Python313\Lib\asyncio\base_events.py", line 551, in _check_closed
    raise RuntimeError('Event loop is closed')
RuntimeError: Event loop is closed
INFO:regular_website_pipeline:  🤖 Starting DeepSeek analysis...
INFO:simple_llm_analysis:  ⏳ Initializing DeepSeek client...
INFO:simple_llm_analysis:  ⏱️ DeepSeek client initialized in 1.20 seconds
INFO:httpx:HTTP Request: POST https://api.deepseek.com/chat/completions "HTTP/1.1 200 OK"
INFO:regular_website_pipeline:  ✓ Analysis complete. Found 0 opportunities.
ERROR:asyncio:Task exception was never retrieved
future: <Task finished name='Task-1507' coro=<AsyncClient.aclose() done, defined at C:\Users\jimcr\AppData\Roaming\Python\Python313\site-packages\httpx\_client.py:1996> exception=RuntimeError('Event loop is closed')>
Traceback (most recent call last):
  File "C:\Users\jimcr\AppData\Roaming\Python\Python313\site-packages\httpx\_client.py", line 2003, in aclose
    await self._transport.aclose()
  File "C:\Users\jimcr\AppData\Roaming\Python\Python313\site-packages\httpx\_transports\default.py", line 383, in aclose
    await self._pool.aclose()
  File "C:\Users\jimcr\AppData\Roaming\Python\Python313\site-packages\httpcore\_async\connection_pool.py", line 353, in aclose
    await self._close_connections(closing_connections)
  File "C:\Users\jimcr\AppData\Roaming\Python\Python313\site-packages\httpcore\_async\connection_pool.py", line 345, in _close_connections
    await connection.aclose()
  File "C:\Users\jimcr\AppData\Roaming\Python\Python313\site-packages\httpcore\_async\connection.py", line 173, in aclose
    await self._connection.aclose()
  File "C:\Users\jimcr\AppData\Roaming\Python\Python313\site-packages\httpcore\_async\http11.py", line 258, in aclose
    await self._network_stream.aclose()
  File "C:\Users\jimcr\AppData\Roaming\Python\Python313\site-packages\httpcore\_backends\anyio.py", line 53, in aclose
    await self._stream.aclose()
  File "C:\Users\jimcr\AppData\Roaming\Python\Python313\site-packages\anyio\streams\tls.py", line 236, in aclose
    await self.transport_stream.aclose()
  File "C:\Users\jimcr\AppData\Roaming\Python\Python313\site-packages\anyio\_backends\_asyncio.py", line 1344, in aclose
    self._transport.close()
    ~~~~~~~~~~~~~~~~~~~~~^^
  File "C:\Python313\Lib\asyncio\proactor_events.py", line 109, in close
    self._loop.call_soon(self._call_connection_lost, None)
    ~~~~~~~~~~~~~~~~~~~~^^^^^^^^^^^^^^^^^^^^^^^^^^^^^^^^^^
  File "C:\Python313\Lib\asyncio\base_events.py", line 828, in call_soon
    self._check_closed()
    ~~~~~~~~~~~~~~~~~~^^
  File "C:\Python313\Lib\asyncio\base_events.py", line 551, in _check_closed
    raise RuntimeError('Event loop is closed')
RuntimeError: Event loop is closed
INFO:regular_website_pipeline:  🤖 Starting DeepSeek analysis...
INFO:simple_llm_analysis:  ⏳ Initializing DeepSeek client...
INFO:simple_llm_analysis:  ⏱️ DeepSeek client initialized in 1.05 seconds
INFO:httpx:HTTP Request: POST https://api.deepseek.com/chat/completions "HTTP/1.1 200 OK"
INFO:regular_website_pipeline:  ✓ Analysis complete. Found 2 opportunities.
ERROR:asyncio:Task exception was never retrieved
future: <Task finished name='Task-1538' coro=<AsyncClient.aclose() done, defined at C:\Users\jimcr\AppData\Roaming\Python\Python313\site-packages\httpx\_client.py:1996> exception=RuntimeError('Event loop is closed')>
Traceback (most recent call last):
  File "C:\Users\jimcr\AppData\Roaming\Python\Python313\site-packages\httpx\_client.py", line 2003, in aclose
    await self._transport.aclose()
  File "C:\Users\jimcr\AppData\Roaming\Python\Python313\site-packages\httpx\_transports\default.py", line 383, in aclose
    await self._pool.aclose()
  File "C:\Users\jimcr\AppData\Roaming\Python\Python313\site-packages\httpcore\_async\connection_pool.py", line 353, in aclose
    await self._close_connections(closing_connections)
  File "C:\Users\jimcr\AppData\Roaming\Python\Python313\site-packages\httpcore\_async\connection_pool.py", line 345, in _close_connections
    await connection.aclose()
  File "C:\Users\jimcr\AppData\Roaming\Python\Python313\site-packages\httpcore\_async\connection.py", line 173, in aclose
    await self._connection.aclose()
  File "C:\Users\jimcr\AppData\Roaming\Python\Python313\site-packages\httpcore\_async\http11.py", line 258, in aclose
    await self._network_stream.aclose()
  File "C:\Users\jimcr\AppData\Roaming\Python\Python313\site-packages\httpcore\_backends\anyio.py", line 53, in aclose
    await self._stream.aclose()
  File "C:\Users\jimcr\AppData\Roaming\Python\Python313\site-packages\anyio\streams\tls.py", line 236, in aclose
    await self.transport_stream.aclose()
  File "C:\Users\jimcr\AppData\Roaming\Python\Python313\site-packages\anyio\_backends\_asyncio.py", line 1344, in aclose
    self._transport.close()
    ~~~~~~~~~~~~~~~~~~~~~^^
  File "C:\Python313\Lib\asyncio\proactor_events.py", line 109, in close
    self._loop.call_soon(self._call_connection_lost, None)
    ~~~~~~~~~~~~~~~~~~~~^^^^^^^^^^^^^^^^^^^^^^^^^^^^^^^^^^
  File "C:\Python313\Lib\asyncio\base_events.py", line 828, in call_soon
    self._check_closed()
    ~~~~~~~~~~~~~~~~~~^^
  File "C:\Python313\Lib\asyncio\base_events.py", line 551, in _check_closed
    raise RuntimeError('Event loop is closed')
RuntimeError: Event loop is closed
INFO:regular_website_pipeline:  🤖 Starting DeepSeek analysis...
INFO:simple_llm_analysis:  ⏳ Initializing DeepSeek client...
INFO:simple_llm_analysis:  ⏱️ DeepSeek client initialized in 1.09 seconds
INFO:httpx:HTTP Request: POST https://api.deepseek.com/chat/completions "HTTP/1.1 200 OK"
INFO:regular_website_pipeline:  ✓ Analysis complete. Found 3 opportunities.
ERROR:asyncio:Task exception was never retrieved
future: <Task finished name='Task-1569' coro=<AsyncClient.aclose() done, defined at C:\Users\jimcr\AppData\Roaming\Python\Python313\site-packages\httpx\_client.py:1996> exception=RuntimeError('Event loop is closed')>
Traceback (most recent call last):
  File "C:\Users\jimcr\AppData\Roaming\Python\Python313\site-packages\httpx\_client.py", line 2003, in aclose
    await self._transport.aclose()
  File "C:\Users\jimcr\AppData\Roaming\Python\Python313\site-packages\httpx\_transports\default.py", line 383, in aclose
    await self._pool.aclose()
  File "C:\Users\jimcr\AppData\Roaming\Python\Python313\site-packages\httpcore\_async\connection_pool.py", line 353, in aclose
    await self._close_connections(closing_connections)
  File "C:\Users\jimcr\AppData\Roaming\Python\Python313\site-packages\httpcore\_async\connection_pool.py", line 345, in _close_connections
    await connection.aclose()
  File "C:\Users\jimcr\AppData\Roaming\Python\Python313\site-packages\httpcore\_async\connection.py", line 173, in aclose
    await self._connection.aclose()
  File "C:\Users\jimcr\AppData\Roaming\Python\Python313\site-packages\httpcore\_async\http11.py", line 258, in aclose
    await self._network_stream.aclose()
  File "C:\Users\jimcr\AppData\Roaming\Python\Python313\site-packages\httpcore\_backends\anyio.py", line 53, in aclose
    await self._stream.aclose()
  File "C:\Users\jimcr\AppData\Roaming\Python\Python313\site-packages\anyio\streams\tls.py", line 236, in aclose
    await self.transport_stream.aclose()
  File "C:\Users\jimcr\AppData\Roaming\Python\Python313\site-packages\anyio\_backends\_asyncio.py", line 1344, in aclose
    self._transport.close()
    ~~~~~~~~~~~~~~~~~~~~~^^
  File "C:\Python313\Lib\asyncio\proactor_events.py", line 109, in close
    self._loop.call_soon(self._call_connection_lost, None)
    ~~~~~~~~~~~~~~~~~~~~^^^^^^^^^^^^^^^^^^^^^^^^^^^^^^^^^^
  File "C:\Python313\Lib\asyncio\base_events.py", line 828, in call_soon
    self._check_closed()
    ~~~~~~~~~~~~~~~~~~^^
  File "C:\Python313\Lib\asyncio\base_events.py", line 551, in _check_closed
    raise RuntimeError('Event loop is closed')
RuntimeError: Event loop is closed
INFO:regular_website_pipeline:  🤖 Starting DeepSeek analysis...
INFO:simple_llm_analysis:  ⏳ Initializing DeepSeek client...
INFO:simple_llm_analysis:  ⏱️ DeepSeek client initialized in 2.23 seconds
INFO:httpx:HTTP Request: POST https://api.deepseek.com/chat/completions "HTTP/1.1 200 OK"
INFO:regular_website_pipeline:  ✓ Analysis complete. Found 3 opportunities.
ERROR:asyncio:Task exception was never retrieved
future: <Task finished name='Task-1596' coro=<AsyncClient.aclose() done, defined at C:\Users\jimcr\AppData\Roaming\Python\Python313\site-packages\httpx\_client.py:1996> exception=RuntimeError('Event loop is closed')>
Traceback (most recent call last):
  File "C:\Users\jimcr\AppData\Roaming\Python\Python313\site-packages\httpx\_client.py", line 2003, in aclose
    await self._transport.aclose()
  File "C:\Users\jimcr\AppData\Roaming\Python\Python313\site-packages\httpx\_transports\default.py", line 383, in aclose
    await self._pool.aclose()
  File "C:\Users\jimcr\AppData\Roaming\Python\Python313\site-packages\httpcore\_async\connection_pool.py", line 353, in aclose
    await self._close_connections(closing_connections)
  File "C:\Users\jimcr\AppData\Roaming\Python\Python313\site-packages\httpcore\_async\connection_pool.py", line 345, in _close_connections
    await connection.aclose()
  File "C:\Users\jimcr\AppData\Roaming\Python\Python313\site-packages\httpcore\_async\connection.py", line 173, in aclose
    await self._connection.aclose()
  File "C:\Users\jimcr\AppData\Roaming\Python\Python313\site-packages\httpcore\_async\http11.py", line 258, in aclose
    await self._network_stream.aclose()
  File "C:\Users\jimcr\AppData\Roaming\Python\Python313\site-packages\httpcore\_backends\anyio.py", line 53, in aclose
    await self._stream.aclose()
  File "C:\Users\jimcr\AppData\Roaming\Python\Python313\site-packages\anyio\streams\tls.py", line 236, in aclose
    await self.transport_stream.aclose()
  File "C:\Users\jimcr\AppData\Roaming\Python\Python313\site-packages\anyio\_backends\_asyncio.py", line 1344, in aclose
    self._transport.close()
    ~~~~~~~~~~~~~~~~~~~~~^^
  File "C:\Python313\Lib\asyncio\proactor_events.py", line 109, in close
    self._loop.call_soon(self._call_connection_lost, None)
    ~~~~~~~~~~~~~~~~~~~~^^^^^^^^^^^^^^^^^^^^^^^^^^^^^^^^^^
  File "C:\Python313\Lib\asyncio\base_events.py", line 828, in call_soon
    self._check_closed()
    ~~~~~~~~~~~~~~~~~~^^
  File "C:\Python313\Lib\asyncio\base_events.py", line 551, in _check_closed
    raise RuntimeError('Event loop is closed')
RuntimeError: Event loop is closed
INFO:regular_website_pipeline:  🤖 Starting DeepSeek analysis...
INFO:simple_llm_analysis:  ⏳ Initializing DeepSeek client...
INFO:simple_llm_analysis:  ⏱️ DeepSeek client initialized in 1.19 seconds
INFO:httpx:HTTP Request: POST https://api.deepseek.com/chat/completions "HTTP/1.1 200 OK"
INFO:regular_website_pipeline:  ✓ Analysis complete. Found 7 opportunities.
ERROR:asyncio:Task exception was never retrieved
future: <Task finished name='Task-1627' coro=<AsyncClient.aclose() done, defined at C:\Users\jimcr\AppData\Roaming\Python\Python313\site-packages\httpx\_client.py:1996> exception=RuntimeError('Event loop is closed')>
Traceback (most recent call last):
  File "C:\Users\jimcr\AppData\Roaming\Python\Python313\site-packages\httpx\_client.py", line 2003, in aclose
    await self._transport.aclose()
  File "C:\Users\jimcr\AppData\Roaming\Python\Python313\site-packages\httpx\_transports\default.py", line 383, in aclose
    await self._pool.aclose()
  File "C:\Users\jimcr\AppData\Roaming\Python\Python313\site-packages\httpcore\_async\connection_pool.py", line 353, in aclose
    await self._close_connections(closing_connections)
  File "C:\Users\jimcr\AppData\Roaming\Python\Python313\site-packages\httpcore\_async\connection_pool.py", line 345, in _close_connections
    await connection.aclose()
  File "C:\Users\jimcr\AppData\Roaming\Python\Python313\site-packages\httpcore\_async\connection.py", line 173, in aclose
    await self._connection.aclose()
  File "C:\Users\jimcr\AppData\Roaming\Python\Python313\site-packages\httpcore\_async\http11.py", line 258, in aclose
    await self._network_stream.aclose()
  File "C:\Users\jimcr\AppData\Roaming\Python\Python313\site-packages\httpcore\_backends\anyio.py", line 53, in aclose
    await self._stream.aclose()
  File "C:\Users\jimcr\AppData\Roaming\Python\Python313\site-packages\anyio\streams\tls.py", line 236, in aclose
    await self.transport_stream.aclose()
  File "C:\Users\jimcr\AppData\Roaming\Python\Python313\site-packages\anyio\_backends\_asyncio.py", line 1344, in aclose
    self._transport.close()
    ~~~~~~~~~~~~~~~~~~~~~^^
  File "C:\Python313\Lib\asyncio\proactor_events.py", line 109, in close
    self._loop.call_soon(self._call_connection_lost, None)
    ~~~~~~~~~~~~~~~~~~~~^^^^^^^^^^^^^^^^^^^^^^^^^^^^^^^^^^
  File "C:\Python313\Lib\asyncio\base_events.py", line 828, in call_soon
    self._check_closed()
    ~~~~~~~~~~~~~~~~~~^^
  File "C:\Python313\Lib\asyncio\base_events.py", line 551, in _check_closed
    raise RuntimeError('Event loop is closed')
RuntimeError: Event loop is closed
INFO:regular_website_pipeline:  🤖 Starting DeepSeek analysis...
INFO:simple_llm_analysis:  ⏳ Initializing DeepSeek client...
INFO:simple_llm_analysis:  ⏱️ DeepSeek client initialized in 1.46 seconds
INFO:httpx:HTTP Request: POST https://api.deepseek.com/chat/completions "HTTP/1.1 200 OK"
INFO:regular_website_pipeline:  ✓ Analysis complete. Found 4 opportunities.
ERROR:asyncio:Task exception was never retrieved
future: <Task finished name='Task-1658' coro=<AsyncClient.aclose() done, defined at C:\Users\jimcr\AppData\Roaming\Python\Python313\site-packages\httpx\_client.py:1996> exception=RuntimeError('Event loop is closed')>
Traceback (most recent call last):
  File "C:\Users\jimcr\AppData\Roaming\Python\Python313\site-packages\httpx\_client.py", line 2003, in aclose
    await self._transport.aclose()
  File "C:\Users\jimcr\AppData\Roaming\Python\Python313\site-packages\httpx\_transports\default.py", line 383, in aclose
    await self._pool.aclose()
  File "C:\Users\jimcr\AppData\Roaming\Python\Python313\site-packages\httpcore\_async\connection_pool.py", line 353, in aclose
    await self._close_connections(closing_connections)
  File "C:\Users\jimcr\AppData\Roaming\Python\Python313\site-packages\httpcore\_async\connection_pool.py", line 345, in _close_connections
    await connection.aclose()
  File "C:\Users\jimcr\AppData\Roaming\Python\Python313\site-packages\httpcore\_async\connection.py", line 173, in aclose
    await self._connection.aclose()
  File "C:\Users\jimcr\AppData\Roaming\Python\Python313\site-packages\httpcore\_async\http11.py", line 258, in aclose
    await self._network_stream.aclose()
  File "C:\Users\jimcr\AppData\Roaming\Python\Python313\site-packages\httpcore\_backends\anyio.py", line 53, in aclose
    await self._stream.aclose()
  File "C:\Users\jimcr\AppData\Roaming\Python\Python313\site-packages\anyio\streams\tls.py", line 236, in aclose
    await self.transport_stream.aclose()
  File "C:\Users\jimcr\AppData\Roaming\Python\Python313\site-packages\anyio\_backends\_asyncio.py", line 1344, in aclose
    self._transport.close()
    ~~~~~~~~~~~~~~~~~~~~~^^
  File "C:\Python313\Lib\asyncio\proactor_events.py", line 109, in close
    self._loop.call_soon(self._call_connection_lost, None)
    ~~~~~~~~~~~~~~~~~~~~^^^^^^^^^^^^^^^^^^^^^^^^^^^^^^^^^^
  File "C:\Python313\Lib\asyncio\base_events.py", line 828, in call_soon
    self._check_closed()
    ~~~~~~~~~~~~~~~~~~^^
  File "C:\Python313\Lib\asyncio\base_events.py", line 551, in _check_closed
    raise RuntimeError('Event loop is closed')
RuntimeError: Event loop is closed
INFO:regular_website_pipeline:  🤖 Starting DeepSeek analysis...
INFO:simple_llm_analysis:  ⏳ Initializing DeepSeek client...
INFO:simple_llm_analysis:  ⏱️ DeepSeek client initialized in 1.08 seconds
INFO:httpx:HTTP Request: POST https://api.deepseek.com/chat/completions "HTTP/1.1 200 OK"
INFO:regular_website_pipeline:  ✓ Analysis complete. Found 1 opportunities.
ERROR:asyncio:Task exception was never retrieved
future: <Task finished name='Task-1684' coro=<AsyncClient.aclose() done, defined at C:\Users\jimcr\AppData\Roaming\Python\Python313\site-packages\httpx\_client.py:1996> exception=RuntimeError('Event loop is closed')>
Traceback (most recent call last):
  File "C:\Users\jimcr\AppData\Roaming\Python\Python313\site-packages\httpx\_client.py", line 2003, in aclose
    await self._transport.aclose()
  File "C:\Users\jimcr\AppData\Roaming\Python\Python313\site-packages\httpx\_transports\default.py", line 383, in aclose
    await self._pool.aclose()
  File "C:\Users\jimcr\AppData\Roaming\Python\Python313\site-packages\httpcore\_async\connection_pool.py", line 353, in aclose
    await self._close_connections(closing_connections)
  File "C:\Users\jimcr\AppData\Roaming\Python\Python313\site-packages\httpcore\_async\connection_pool.py", line 345, in _close_connections
    await connection.aclose()
  File "C:\Users\jimcr\AppData\Roaming\Python\Python313\site-packages\httpcore\_async\connection.py", line 173, in aclose
    await self._connection.aclose()
  File "C:\Users\jimcr\AppData\Roaming\Python\Python313\site-packages\httpcore\_async\http11.py", line 258, in aclose
    await self._network_stream.aclose()
  File "C:\Users\jimcr\AppData\Roaming\Python\Python313\site-packages\httpcore\_backends\anyio.py", line 53, in aclose
    await self._stream.aclose()
  File "C:\Users\jimcr\AppData\Roaming\Python\Python313\site-packages\anyio\streams\tls.py", line 236, in aclose
    await self.transport_stream.aclose()
  File "C:\Users\jimcr\AppData\Roaming\Python\Python313\site-packages\anyio\_backends\_asyncio.py", line 1344, in aclose
    self._transport.close()
    ~~~~~~~~~~~~~~~~~~~~~^^
  File "C:\Python313\Lib\asyncio\proactor_events.py", line 109, in close
    self._loop.call_soon(self._call_connection_lost, None)
    ~~~~~~~~~~~~~~~~~~~~^^^^^^^^^^^^^^^^^^^^^^^^^^^^^^^^^^
  File "C:\Python313\Lib\asyncio\base_events.py", line 828, in call_soon
    self._check_closed()
    ~~~~~~~~~~~~~~~~~~^^
  File "C:\Python313\Lib\asyncio\base_events.py", line 551, in _check_closed
    raise RuntimeError('Event loop is closed')
RuntimeError: Event loop is closed
INFO:regular_website_pipeline:  🤖 Starting DeepSeek analysis...
INFO:simple_llm_analysis:  ⏳ Initializing DeepSeek client...
INFO:simple_llm_analysis:  ⏱️ DeepSeek client initialized in 1.58 seconds
INFO:httpx:HTTP Request: POST https://api.deepseek.com/chat/completions "HTTP/1.1 200 OK"
INFO:regular_website_pipeline:  ✓ Analysis complete. Found 1 opportunities.
ERROR:asyncio:Task exception was never retrieved
future: <Task finished name='Task-1708' coro=<AsyncClient.aclose() done, defined at C:\Users\jimcr\AppData\Roaming\Python\Python313\site-packages\httpx\_client.py:1996> exception=RuntimeError('Event loop is closed')>
Traceback (most recent call last):
  File "C:\Users\jimcr\AppData\Roaming\Python\Python313\site-packages\httpx\_client.py", line 2003, in aclose
    await self._transport.aclose()
  File "C:\Users\jimcr\AppData\Roaming\Python\Python313\site-packages\httpx\_transports\default.py", line 383, in aclose
    await self._pool.aclose()
  File "C:\Users\jimcr\AppData\Roaming\Python\Python313\site-packages\httpcore\_async\connection_pool.py", line 353, in aclose
    await self._close_connections(closing_connections)
  File "C:\Users\jimcr\AppData\Roaming\Python\Python313\site-packages\httpcore\_async\connection_pool.py", line 345, in _close_connections
    await connection.aclose()
  File "C:\Users\jimcr\AppData\Roaming\Python\Python313\site-packages\httpcore\_async\connection.py", line 173, in aclose
    await self._connection.aclose()
  File "C:\Users\jimcr\AppData\Roaming\Python\Python313\site-packages\httpcore\_async\http11.py", line 258, in aclose
    await self._network_stream.aclose()
  File "C:\Users\jimcr\AppData\Roaming\Python\Python313\site-packages\httpcore\_backends\anyio.py", line 53, in aclose
    await self._stream.aclose()
  File "C:\Users\jimcr\AppData\Roaming\Python\Python313\site-packages\anyio\streams\tls.py", line 236, in aclose
    await self.transport_stream.aclose()
  File "C:\Users\jimcr\AppData\Roaming\Python\Python313\site-packages\anyio\_backends\_asyncio.py", line 1344, in aclose
    self._transport.close()
    ~~~~~~~~~~~~~~~~~~~~~^^
  File "C:\Python313\Lib\asyncio\proactor_events.py", line 109, in close
    self._loop.call_soon(self._call_connection_lost, None)
    ~~~~~~~~~~~~~~~~~~~~^^^^^^^^^^^^^^^^^^^^^^^^^^^^^^^^^^
  File "C:\Python313\Lib\asyncio\base_events.py", line 828, in call_soon
    self._check_closed()
    ~~~~~~~~~~~~~~~~~~^^
  File "C:\Python313\Lib\asyncio\base_events.py", line 551, in _check_closed
    raise RuntimeError('Event loop is closed')
RuntimeError: Event loop is closed
INFO:regular_website_pipeline:  🤖 Starting DeepSeek analysis...
INFO:simple_llm_analysis:  ⏳ Initializing DeepSeek client...
INFO:simple_llm_analysis:  ⏱️ DeepSeek client initialized in 1.80 seconds
INFO:httpx:HTTP Request: POST https://api.deepseek.com/chat/completions "HTTP/1.1 200 OK"
INFO:regular_website_pipeline:  ✓ Analysis complete. Found 2 opportunities.
ERROR:asyncio:Task exception was never retrieved
future: <Task finished name='Task-1731' coro=<AsyncClient.aclose() done, defined at C:\Users\jimcr\AppData\Roaming\Python\Python313\site-packages\httpx\_client.py:1996> exception=RuntimeError('Event loop is closed')>
Traceback (most recent call last):
  File "C:\Users\jimcr\AppData\Roaming\Python\Python313\site-packages\httpx\_client.py", line 2003, in aclose
    await self._transport.aclose()
  File "C:\Users\jimcr\AppData\Roaming\Python\Python313\site-packages\httpx\_transports\default.py", line 383, in aclose
    await self._pool.aclose()
  File "C:\Users\jimcr\AppData\Roaming\Python\Python313\site-packages\httpcore\_async\connection_pool.py", line 353, in aclose
    await self._close_connections(closing_connections)
  File "C:\Users\jimcr\AppData\Roaming\Python\Python313\site-packages\httpcore\_async\connection_pool.py", line 345, in _close_connections
    await connection.aclose()
  File "C:\Users\jimcr\AppData\Roaming\Python\Python313\site-packages\httpcore\_async\connection.py", line 173, in aclose
    await self._connection.aclose()
  File "C:\Users\jimcr\AppData\Roaming\Python\Python313\site-packages\httpcore\_async\http11.py", line 258, in aclose
    await self._network_stream.aclose()
  File "C:\Users\jimcr\AppData\Roaming\Python\Python313\site-packages\httpcore\_backends\anyio.py", line 53, in aclose
    await self._stream.aclose()
  File "C:\Users\jimcr\AppData\Roaming\Python\Python313\site-packages\anyio\streams\tls.py", line 236, in aclose
    await self.transport_stream.aclose()
  File "C:\Users\jimcr\AppData\Roaming\Python\Python313\site-packages\anyio\_backends\_asyncio.py", line 1344, in aclose
    self._transport.close()
    ~~~~~~~~~~~~~~~~~~~~~^^
  File "C:\Python313\Lib\asyncio\proactor_events.py", line 109, in close
    self._loop.call_soon(self._call_connection_lost, None)
    ~~~~~~~~~~~~~~~~~~~~^^^^^^^^^^^^^^^^^^^^^^^^^^^^^^^^^^
  File "C:\Python313\Lib\asyncio\base_events.py", line 828, in call_soon
    self._check_closed()
    ~~~~~~~~~~~~~~~~~~^^
  File "C:\Python313\Lib\asyncio\base_events.py", line 551, in _check_closed
    raise RuntimeError('Event loop is closed')
RuntimeError: Event loop is closed
INFO:regular_website_pipeline:  🤖 Starting DeepSeek analysis...
INFO:simple_llm_analysis:  ⏳ Initializing DeepSeek client...
INFO:simple_llm_analysis:  ⏱️ DeepSeek client initialized in 0.95 seconds
INFO:httpx:HTTP Request: POST https://api.deepseek.com/chat/completions "HTTP/1.1 200 OK"
INFO:regular_website_pipeline:  ✓ Analysis complete. Found 1 opportunities.
ERROR:asyncio:Task exception was never retrieved
future: <Task finished name='Task-1755' coro=<AsyncClient.aclose() done, defined at C:\Users\jimcr\AppData\Roaming\Python\Python313\site-packages\httpx\_client.py:1996> exception=RuntimeError('Event loop is closed')>
Traceback (most recent call last):
  File "C:\Users\jimcr\AppData\Roaming\Python\Python313\site-packages\httpx\_client.py", line 2003, in aclose
    await self._transport.aclose()
  File "C:\Users\jimcr\AppData\Roaming\Python\Python313\site-packages\httpx\_transports\default.py", line 383, in aclose
    await self._pool.aclose()
  File "C:\Users\jimcr\AppData\Roaming\Python\Python313\site-packages\httpcore\_async\connection_pool.py", line 353, in aclose
    await self._close_connections(closing_connections)
  File "C:\Users\jimcr\AppData\Roaming\Python\Python313\site-packages\httpcore\_async\connection_pool.py", line 345, in _close_connections
    await connection.aclose()
  File "C:\Users\jimcr\AppData\Roaming\Python\Python313\site-packages\httpcore\_async\connection.py", line 173, in aclose
    await self._connection.aclose()
  File "C:\Users\jimcr\AppData\Roaming\Python\Python313\site-packages\httpcore\_async\http11.py", line 258, in aclose
    await self._network_stream.aclose()
  File "C:\Users\jimcr\AppData\Roaming\Python\Python313\site-packages\httpcore\_backends\anyio.py", line 53, in aclose
    await self._stream.aclose()
  File "C:\Users\jimcr\AppData\Roaming\Python\Python313\site-packages\anyio\streams\tls.py", line 236, in aclose
    await self.transport_stream.aclose()
  File "C:\Users\jimcr\AppData\Roaming\Python\Python313\site-packages\anyio\_backends\_asyncio.py", line 1344, in aclose
    self._transport.close()
    ~~~~~~~~~~~~~~~~~~~~~^^
  File "C:\Python313\Lib\asyncio\proactor_events.py", line 109, in close
    self._loop.call_soon(self._call_connection_lost, None)
    ~~~~~~~~~~~~~~~~~~~~^^^^^^^^^^^^^^^^^^^^^^^^^^^^^^^^^^
  File "C:\Python313\Lib\asyncio\base_events.py", line 828, in call_soon
    self._check_closed()
    ~~~~~~~~~~~~~~~~~~^^
  File "C:\Python313\Lib\asyncio\base_events.py", line 551, in _check_closed
    raise RuntimeError('Event loop is closed')
RuntimeError: Event loop is closed
INFO:regular_website_pipeline:  🤖 Starting DeepSeek analysis...
INFO:simple_llm_analysis:  ⏳ Initializing DeepSeek client...
INFO:simple_llm_analysis:  ⏱️ DeepSeek client initialized in 1.12 seconds
INFO:httpx:HTTP Request: POST https://api.deepseek.com/chat/completions "HTTP/1.1 200 OK"
INFO:regular_website_pipeline:  ✓ Analysis complete. Found 1 opportunities.
ERROR:asyncio:Task exception was never retrieved
future: <Task finished name='Task-1779' coro=<AsyncClient.aclose() done, defined at C:\Users\jimcr\AppData\Roaming\Python\Python313\site-packages\httpx\_client.py:1996> exception=RuntimeError('Event loop is closed')>
Traceback (most recent call last):
  File "C:\Users\jimcr\AppData\Roaming\Python\Python313\site-packages\httpx\_client.py", line 2003, in aclose
    await self._transport.aclose()
  File "C:\Users\jimcr\AppData\Roaming\Python\Python313\site-packages\httpx\_transports\default.py", line 383, in aclose
    await self._pool.aclose()
  File "C:\Users\jimcr\AppData\Roaming\Python\Python313\site-packages\httpcore\_async\connection_pool.py", line 353, in aclose
    await self._close_connections(closing_connections)
  File "C:\Users\jimcr\AppData\Roaming\Python\Python313\site-packages\httpcore\_async\connection_pool.py", line 345, in _close_connections
    await connection.aclose()
  File "C:\Users\jimcr\AppData\Roaming\Python\Python313\site-packages\httpcore\_async\connection.py", line 173, in aclose
    await self._connection.aclose()
  File "C:\Users\jimcr\AppData\Roaming\Python\Python313\site-packages\httpcore\_async\http11.py", line 258, in aclose
    await self._network_stream.aclose()
  File "C:\Users\jimcr\AppData\Roaming\Python\Python313\site-packages\httpcore\_backends\anyio.py", line 53, in aclose
    await self._stream.aclose()
  File "C:\Users\jimcr\AppData\Roaming\Python\Python313\site-packages\anyio\streams\tls.py", line 236, in aclose
    await self.transport_stream.aclose()
  File "C:\Users\jimcr\AppData\Roaming\Python\Python313\site-packages\anyio\_backends\_asyncio.py", line 1344, in aclose
    self._transport.close()
    ~~~~~~~~~~~~~~~~~~~~~^^
  File "C:\Python313\Lib\asyncio\proactor_events.py", line 109, in close
    self._loop.call_soon(self._call_connection_lost, None)
    ~~~~~~~~~~~~~~~~~~~~^^^^^^^^^^^^^^^^^^^^^^^^^^^^^^^^^^
  File "C:\Python313\Lib\asyncio\base_events.py", line 828, in call_soon
    self._check_closed()
    ~~~~~~~~~~~~~~~~~~^^
  File "C:\Python313\Lib\asyncio\base_events.py", line 551, in _check_closed
    raise RuntimeError('Event loop is closed')
RuntimeError: Event loop is closed
INFO:regular_website_pipeline:  🤖 Starting DeepSeek analysis...
INFO:simple_llm_analysis:  ⏳ Initializing DeepSeek client...
INFO:simple_llm_analysis:  ⏱️ DeepSeek client initialized in 1.33 seconds
INFO:httpx:HTTP Request: POST https://api.deepseek.com/chat/completions "HTTP/1.1 200 OK"
INFO:regular_website_pipeline:  ✓ Analysis complete. Found 1 opportunities.
ERROR:asyncio:Task exception was never retrieved
future: <Task finished name='Task-1807' coro=<AsyncClient.aclose() done, defined at C:\Users\jimcr\AppData\Roaming\Python\Python313\site-packages\httpx\_client.py:1996> exception=RuntimeError('Event loop is closed')>
Traceback (most recent call last):
  File "C:\Users\jimcr\AppData\Roaming\Python\Python313\site-packages\httpx\_client.py", line 2003, in aclose
    await self._transport.aclose()
  File "C:\Users\jimcr\AppData\Roaming\Python\Python313\site-packages\httpx\_transports\default.py", line 383, in aclose
    await self._pool.aclose()
  File "C:\Users\jimcr\AppData\Roaming\Python\Python313\site-packages\httpcore\_async\connection_pool.py", line 353, in aclose
    await self._close_connections(closing_connections)
  File "C:\Users\jimcr\AppData\Roaming\Python\Python313\site-packages\httpcore\_async\connection_pool.py", line 345, in _close_connections
    await connection.aclose()
  File "C:\Users\jimcr\AppData\Roaming\Python\Python313\site-packages\httpcore\_async\connection.py", line 173, in aclose
    await self._connection.aclose()
  File "C:\Users\jimcr\AppData\Roaming\Python\Python313\site-packages\httpcore\_async\http11.py", line 258, in aclose
    await self._network_stream.aclose()
  File "C:\Users\jimcr\AppData\Roaming\Python\Python313\site-packages\httpcore\_backends\anyio.py", line 53, in aclose
    await self._stream.aclose()
  File "C:\Users\jimcr\AppData\Roaming\Python\Python313\site-packages\anyio\streams\tls.py", line 236, in aclose
    await self.transport_stream.aclose()
  File "C:\Users\jimcr\AppData\Roaming\Python\Python313\site-packages\anyio\_backends\_asyncio.py", line 1344, in aclose
    self._transport.close()
    ~~~~~~~~~~~~~~~~~~~~~^^
  File "C:\Python313\Lib\asyncio\proactor_events.py", line 109, in close
    self._loop.call_soon(self._call_connection_lost, None)
    ~~~~~~~~~~~~~~~~~~~~^^^^^^^^^^^^^^^^^^^^^^^^^^^^^^^^^^
  File "C:\Python313\Lib\asyncio\base_events.py", line 828, in call_soon
    self._check_closed()
    ~~~~~~~~~~~~~~~~~~^^
  File "C:\Python313\Lib\asyncio\base_events.py", line 551, in _check_closed
    raise RuntimeError('Event loop is closed')
RuntimeError: Event loop is closed
INFO:regular_website_pipeline:  🤖 Starting DeepSeek analysis...
INFO:simple_llm_analysis:  ⏳ Initializing DeepSeek client...
INFO:simple_llm_analysis:  ⏱️ DeepSeek client initialized in 1.57 seconds
INFO:httpx:HTTP Request: POST https://api.deepseek.com/chat/completions "HTTP/1.1 200 OK"
INFO:regular_website_pipeline:  ✓ Analysis complete. Found 1 opportunities.
ERROR:asyncio:Task exception was never retrieved
future: <Task finished name='Task-1838' coro=<AsyncClient.aclose() done, defined at C:\Users\jimcr\AppData\Roaming\Python\Python313\site-packages\httpx\_client.py:1996> exception=RuntimeError('Event loop is closed')>
Traceback (most recent call last):
  File "C:\Users\jimcr\AppData\Roaming\Python\Python313\site-packages\httpx\_client.py", line 2003, in aclose
    await self._transport.aclose()
  File "C:\Users\jimcr\AppData\Roaming\Python\Python313\site-packages\httpx\_transports\default.py", line 383, in aclose
    await self._pool.aclose()
  File "C:\Users\jimcr\AppData\Roaming\Python\Python313\site-packages\httpcore\_async\connection_pool.py", line 353, in aclose
    await self._close_connections(closing_connections)
  File "C:\Users\jimcr\AppData\Roaming\Python\Python313\site-packages\httpcore\_async\connection_pool.py", line 345, in _close_connections
    await connection.aclose()
  File "C:\Users\jimcr\AppData\Roaming\Python\Python313\site-packages\httpcore\_async\connection.py", line 173, in aclose
    await self._connection.aclose()
  File "C:\Users\jimcr\AppData\Roaming\Python\Python313\site-packages\httpcore\_async\http11.py", line 258, in aclose
    await self._network_stream.aclose()
  File "C:\Users\jimcr\AppData\Roaming\Python\Python313\site-packages\httpcore\_backends\anyio.py", line 53, in aclose
    await self._stream.aclose()
  File "C:\Users\jimcr\AppData\Roaming\Python\Python313\site-packages\anyio\streams\tls.py", line 236, in aclose
    await self.transport_stream.aclose()
  File "C:\Users\jimcr\AppData\Roaming\Python\Python313\site-packages\anyio\_backends\_asyncio.py", line 1344, in aclose
    self._transport.close()
    ~~~~~~~~~~~~~~~~~~~~~^^
  File "C:\Python313\Lib\asyncio\proactor_events.py", line 109, in close
    self._loop.call_soon(self._call_connection_lost, None)
    ~~~~~~~~~~~~~~~~~~~~^^^^^^^^^^^^^^^^^^^^^^^^^^^^^^^^^^
  File "C:\Python313\Lib\asyncio\base_events.py", line 828, in call_soon
    self._check_closed()
    ~~~~~~~~~~~~~~~~~~^^
  File "C:\Python313\Lib\asyncio\base_events.py", line 551, in _check_closed
    raise RuntimeError('Event loop is closed')
RuntimeError: Event loop is closed
INFO:regular_website_pipeline:  🤖 Starting DeepSeek analysis...
INFO:simple_llm_analysis:  ⏳ Initializing DeepSeek client...
INFO:simple_llm_analysis:  ⏱️ DeepSeek client initialized in 1.60 seconds
INFO:httpx:HTTP Request: POST https://api.deepseek.com/chat/completions "HTTP/1.1 200 OK"
INFO:regular_website_pipeline:  ✓ Analysis complete. Found 0 opportunities.
ERROR:asyncio:Task exception was never retrieved
future: <Task finished name='Task-1861' coro=<AsyncClient.aclose() done, defined at C:\Users\jimcr\AppData\Roaming\Python\Python313\site-packages\httpx\_client.py:1996> exception=RuntimeError('Event loop is closed')>
Traceback (most recent call last):
  File "C:\Users\jimcr\AppData\Roaming\Python\Python313\site-packages\httpx\_client.py", line 2003, in aclose
    await self._transport.aclose()
  File "C:\Users\jimcr\AppData\Roaming\Python\Python313\site-packages\httpx\_transports\default.py", line 383, in aclose
    await self._pool.aclose()
  File "C:\Users\jimcr\AppData\Roaming\Python\Python313\site-packages\httpcore\_async\connection_pool.py", line 353, in aclose
    await self._close_connections(closing_connections)
  File "C:\Users\jimcr\AppData\Roaming\Python\Python313\site-packages\httpcore\_async\connection_pool.py", line 345, in _close_connections
    await connection.aclose()
  File "C:\Users\jimcr\AppData\Roaming\Python\Python313\site-packages\httpcore\_async\connection.py", line 173, in aclose
    await self._connection.aclose()
  File "C:\Users\jimcr\AppData\Roaming\Python\Python313\site-packages\httpcore\_async\http11.py", line 258, in aclose
    await self._network_stream.aclose()
  File "C:\Users\jimcr\AppData\Roaming\Python\Python313\site-packages\httpcore\_backends\anyio.py", line 53, in aclose
    await self._stream.aclose()
  File "C:\Users\jimcr\AppData\Roaming\Python\Python313\site-packages\anyio\streams\tls.py", line 236, in aclose
    await self.transport_stream.aclose()
  File "C:\Users\jimcr\AppData\Roaming\Python\Python313\site-packages\anyio\_backends\_asyncio.py", line 1344, in aclose
    self._transport.close()
    ~~~~~~~~~~~~~~~~~~~~~^^
  File "C:\Python313\Lib\asyncio\proactor_events.py", line 109, in close
    self._loop.call_soon(self._call_connection_lost, None)
    ~~~~~~~~~~~~~~~~~~~~^^^^^^^^^^^^^^^^^^^^^^^^^^^^^^^^^^
  File "C:\Python313\Lib\asyncio\base_events.py", line 828, in call_soon
    self._check_closed()
    ~~~~~~~~~~~~~~~~~~^^
  File "C:\Python313\Lib\asyncio\base_events.py", line 551, in _check_closed
    raise RuntimeError('Event loop is closed')
RuntimeError: Event loop is closed
INFO:regular_website_pipeline:  🤖 Starting DeepSeek analysis...
INFO:simple_llm_analysis:  ⏳ Initializing DeepSeek client...
INFO:simple_llm_analysis:  ⏱️ DeepSeek client initialized in 1.78 seconds
INFO:httpx:HTTP Request: POST https://api.deepseek.com/chat/completions "HTTP/1.1 200 OK"
INFO:regular_website_pipeline:  ✓ Analysis complete. Found 1 opportunities.
ERROR:asyncio:Task exception was never retrieved
future: <Task finished name='Task-1886' coro=<AsyncClient.aclose() done, defined at C:\Users\jimcr\AppData\Roaming\Python\Python313\site-packages\httpx\_client.py:1996> exception=RuntimeError('Event loop is closed')>
Traceback (most recent call last):
  File "C:\Users\jimcr\AppData\Roaming\Python\Python313\site-packages\httpx\_client.py", line 2003, in aclose
    await self._transport.aclose()
  File "C:\Users\jimcr\AppData\Roaming\Python\Python313\site-packages\httpx\_transports\default.py", line 383, in aclose
    await self._pool.aclose()
  File "C:\Users\jimcr\AppData\Roaming\Python\Python313\site-packages\httpcore\_async\connection_pool.py", line 353, in aclose
    await self._close_connections(closing_connections)
  File "C:\Users\jimcr\AppData\Roaming\Python\Python313\site-packages\httpcore\_async\connection_pool.py", line 345, in _close_connections
    await connection.aclose()
  File "C:\Users\jimcr\AppData\Roaming\Python\Python313\site-packages\httpcore\_async\connection.py", line 173, in aclose
    await self._connection.aclose()
  File "C:\Users\jimcr\AppData\Roaming\Python\Python313\site-packages\httpcore\_async\http11.py", line 258, in aclose
    await self._network_stream.aclose()
  File "C:\Users\jimcr\AppData\Roaming\Python\Python313\site-packages\httpcore\_backends\anyio.py", line 53, in aclose
    await self._stream.aclose()
  File "C:\Users\jimcr\AppData\Roaming\Python\Python313\site-packages\anyio\streams\tls.py", line 236, in aclose
    await self.transport_stream.aclose()
  File "C:\Users\jimcr\AppData\Roaming\Python\Python313\site-packages\anyio\_backends\_asyncio.py", line 1344, in aclose
    self._transport.close()
    ~~~~~~~~~~~~~~~~~~~~~^^
  File "C:\Python313\Lib\asyncio\proactor_events.py", line 109, in close
    self._loop.call_soon(self._call_connection_lost, None)
    ~~~~~~~~~~~~~~~~~~~~^^^^^^^^^^^^^^^^^^^^^^^^^^^^^^^^^^
  File "C:\Python313\Lib\asyncio\base_events.py", line 828, in call_soon
    self._check_closed()
    ~~~~~~~~~~~~~~~~~~^^
  File "C:\Python313\Lib\asyncio\base_events.py", line 551, in _check_closed
    raise RuntimeError('Event loop is closed')
RuntimeError: Event loop is closed
INFO:regular_website_pipeline:  🤖 Starting DeepSeek analysis...
INFO:simple_llm_analysis:  ⏳ Initializing DeepSeek client...
INFO:simple_llm_analysis:  ⏱️ DeepSeek client initialized in 1.38 seconds
INFO:httpx:HTTP Request: POST https://api.deepseek.com/chat/completions "HTTP/1.1 200 OK"
INFO:regular_website_pipeline:  ✓ Analysis complete. Found 1 opportunities.
ERROR:asyncio:Task exception was never retrieved
future: <Task finished name='Task-1913' coro=<AsyncClient.aclose() done, defined at C:\Users\jimcr\AppData\Roaming\Python\Python313\site-packages\httpx\_client.py:1996> exception=RuntimeError('Event loop is closed')>
Traceback (most recent call last):
  File "C:\Users\jimcr\AppData\Roaming\Python\Python313\site-packages\httpx\_client.py", line 2003, in aclose
    await self._transport.aclose()
  File "C:\Users\jimcr\AppData\Roaming\Python\Python313\site-packages\httpx\_transports\default.py", line 383, in aclose
    await self._pool.aclose()
  File "C:\Users\jimcr\AppData\Roaming\Python\Python313\site-packages\httpcore\_async\connection_pool.py", line 353, in aclose
    await self._close_connections(closing_connections)
  File "C:\Users\jimcr\AppData\Roaming\Python\Python313\site-packages\httpcore\_async\connection_pool.py", line 345, in _close_connections
    await connection.aclose()
  File "C:\Users\jimcr\AppData\Roaming\Python\Python313\site-packages\httpcore\_async\connection.py", line 173, in aclose
    await self._connection.aclose()
  File "C:\Users\jimcr\AppData\Roaming\Python\Python313\site-packages\httpcore\_async\http11.py", line 258, in aclose
    await self._network_stream.aclose()
  File "C:\Users\jimcr\AppData\Roaming\Python\Python313\site-packages\httpcore\_backends\anyio.py", line 53, in aclose
    await self._stream.aclose()
  File "C:\Users\jimcr\AppData\Roaming\Python\Python313\site-packages\anyio\streams\tls.py", line 236, in aclose
    await self.transport_stream.aclose()
  File "C:\Users\jimcr\AppData\Roaming\Python\Python313\site-packages\anyio\_backends\_asyncio.py", line 1344, in aclose
    self._transport.close()
    ~~~~~~~~~~~~~~~~~~~~~^^
  File "C:\Python313\Lib\asyncio\proactor_events.py", line 109, in close
    self._loop.call_soon(self._call_connection_lost, None)
    ~~~~~~~~~~~~~~~~~~~~^^^^^^^^^^^^^^^^^^^^^^^^^^^^^^^^^^
  File "C:\Python313\Lib\asyncio\base_events.py", line 828, in call_soon
    self._check_closed()
    ~~~~~~~~~~~~~~~~~~^^
  File "C:\Python313\Lib\asyncio\base_events.py", line 551, in _check_closed
    raise RuntimeError('Event loop is closed')
RuntimeError: Event loop is closed
INFO:regular_website_pipeline:  🤖 Starting DeepSeek analysis...
INFO:simple_llm_analysis:  ⏳ Initializing DeepSeek client...
INFO:simple_llm_analysis:  ⏱️ DeepSeek client initialized in 1.30 seconds
INFO:httpx:HTTP Request: POST https://api.deepseek.com/chat/completions "HTTP/1.1 200 OK"
INFO:regular_website_pipeline:  ✓ Analysis complete. Found 2 opportunities.
ERROR:asyncio:Task exception was never retrieved
future: <Task finished name='Task-1944' coro=<AsyncClient.aclose() done, defined at C:\Users\jimcr\AppData\Roaming\Python\Python313\site-packages\httpx\_client.py:1996> exception=RuntimeError('Event loop is closed')>
Traceback (most recent call last):
  File "C:\Users\jimcr\AppData\Roaming\Python\Python313\site-packages\httpx\_client.py", line 2003, in aclose
    await self._transport.aclose()
  File "C:\Users\jimcr\AppData\Roaming\Python\Python313\site-packages\httpx\_transports\default.py", line 383, in aclose
    await self._pool.aclose()
  File "C:\Users\jimcr\AppData\Roaming\Python\Python313\site-packages\httpcore\_async\connection_pool.py", line 353, in aclose
    await self._close_connections(closing_connections)
  File "C:\Users\jimcr\AppData\Roaming\Python\Python313\site-packages\httpcore\_async\connection_pool.py", line 345, in _close_connections
    await connection.aclose()
  File "C:\Users\jimcr\AppData\Roaming\Python\Python313\site-packages\httpcore\_async\connection.py", line 173, in aclose
    await self._connection.aclose()
  File "C:\Users\jimcr\AppData\Roaming\Python\Python313\site-packages\httpcore\_async\http11.py", line 258, in aclose
    await self._network_stream.aclose()
  File "C:\Users\jimcr\AppData\Roaming\Python\Python313\site-packages\httpcore\_backends\anyio.py", line 53, in aclose
    await self._stream.aclose()
  File "C:\Users\jimcr\AppData\Roaming\Python\Python313\site-packages\anyio\streams\tls.py", line 236, in aclose
    await self.transport_stream.aclose()
  File "C:\Users\jimcr\AppData\Roaming\Python\Python313\site-packages\anyio\_backends\_asyncio.py", line 1344, in aclose
    self._transport.close()
    ~~~~~~~~~~~~~~~~~~~~~^^
  File "C:\Python313\Lib\asyncio\proactor_events.py", line 109, in close
    self._loop.call_soon(self._call_connection_lost, None)
    ~~~~~~~~~~~~~~~~~~~~^^^^^^^^^^^^^^^^^^^^^^^^^^^^^^^^^^
  File "C:\Python313\Lib\asyncio\base_events.py", line 828, in call_soon
    self._check_closed()
    ~~~~~~~~~~~~~~~~~~^^
  File "C:\Python313\Lib\asyncio\base_events.py", line 551, in _check_closed
    raise RuntimeError('Event loop is closed')
RuntimeError: Event loop is closed
INFO:regular_website_pipeline:  🤖 Starting DeepSeek analysis...
INFO:simple_llm_analysis:  ⏳ Initializing DeepSeek client...
INFO:simple_llm_analysis:  ⏱️ DeepSeek client initialized in 1.43 seconds
INFO:httpx:HTTP Request: POST https://api.deepseek.com/chat/completions "HTTP/1.1 200 OK"
INFO:regular_website_pipeline:  ✓ Analysis complete. Found 1 opportunities.
ERROR:asyncio:Task exception was never retrieved
future: <Task finished name='Task-1975' coro=<AsyncClient.aclose() done, defined at C:\Users\jimcr\AppData\Roaming\Python\Python313\site-packages\httpx\_client.py:1996> exception=RuntimeError('Event loop is closed')>
Traceback (most recent call last):
  File "C:\Users\jimcr\AppData\Roaming\Python\Python313\site-packages\httpx\_client.py", line 2003, in aclose
    await self._transport.aclose()
  File "C:\Users\jimcr\AppData\Roaming\Python\Python313\site-packages\httpx\_transports\default.py", line 383, in aclose
    await self._pool.aclose()
  File "C:\Users\jimcr\AppData\Roaming\Python\Python313\site-packages\httpcore\_async\connection_pool.py", line 353, in aclose
    await self._close_connections(closing_connections)
  File "C:\Users\jimcr\AppData\Roaming\Python\Python313\site-packages\httpcore\_async\connection_pool.py", line 345, in _close_connections
    await connection.aclose()
  File "C:\Users\jimcr\AppData\Roaming\Python\Python313\site-packages\httpcore\_async\connection.py", line 173, in aclose
    await self._connection.aclose()
  File "C:\Users\jimcr\AppData\Roaming\Python\Python313\site-packages\httpcore\_async\http11.py", line 258, in aclose
    await self._network_stream.aclose()
  File "C:\Users\jimcr\AppData\Roaming\Python\Python313\site-packages\httpcore\_backends\anyio.py", line 53, in aclose
    await self._stream.aclose()
  File "C:\Users\jimcr\AppData\Roaming\Python\Python313\site-packages\anyio\streams\tls.py", line 236, in aclose
    await self.transport_stream.aclose()
  File "C:\Users\jimcr\AppData\Roaming\Python\Python313\site-packages\anyio\_backends\_asyncio.py", line 1344, in aclose
    self._transport.close()
    ~~~~~~~~~~~~~~~~~~~~~^^
  File "C:\Python313\Lib\asyncio\proactor_events.py", line 109, in close
    self._loop.call_soon(self._call_connection_lost, None)
    ~~~~~~~~~~~~~~~~~~~~^^^^^^^^^^^^^^^^^^^^^^^^^^^^^^^^^^
  File "C:\Python313\Lib\asyncio\base_events.py", line 828, in call_soon
    self._check_closed()
    ~~~~~~~~~~~~~~~~~~^^
  File "C:\Python313\Lib\asyncio\base_events.py", line 551, in _check_closed
    raise RuntimeError('Event loop is closed')
RuntimeError: Event loop is closed
INFO:regular_website_pipeline:  🤖 Starting DeepSeek analysis...
INFO:simple_llm_analysis:  ⏳ Initializing DeepSeek client...
INFO:simple_llm_analysis:  ⏱️ DeepSeek client initialized in 2.67 seconds
INFO:httpx:HTTP Request: POST https://api.deepseek.com/chat/completions "HTTP/1.1 200 OK"
INFO:regular_website_pipeline:  ✓ Analysis complete. Found 1 opportunities.
ERROR:asyncio:Task exception was never retrieved
future: <Task finished name='Task-1999' coro=<AsyncClient.aclose() done, defined at C:\Users\jimcr\AppData\Roaming\Python\Python313\site-packages\httpx\_client.py:1996> exception=RuntimeError('Event loop is closed')>
Traceback (most recent call last):
  File "C:\Users\jimcr\AppData\Roaming\Python\Python313\site-packages\httpx\_client.py", line 2003, in aclose
    await self._transport.aclose()
  File "C:\Users\jimcr\AppData\Roaming\Python\Python313\site-packages\httpx\_transports\default.py", line 383, in aclose
    await self._pool.aclose()
  File "C:\Users\jimcr\AppData\Roaming\Python\Python313\site-packages\httpcore\_async\connection_pool.py", line 353, in aclose
    await self._close_connections(closing_connections)
  File "C:\Users\jimcr\AppData\Roaming\Python\Python313\site-packages\httpcore\_async\connection_pool.py", line 345, in _close_connections
    await connection.aclose()
  File "C:\Users\jimcr\AppData\Roaming\Python\Python313\site-packages\httpcore\_async\connection.py", line 173, in aclose
    await self._connection.aclose()
  File "C:\Users\jimcr\AppData\Roaming\Python\Python313\site-packages\httpcore\_async\http11.py", line 258, in aclose
    await self._network_stream.aclose()
  File "C:\Users\jimcr\AppData\Roaming\Python\Python313\site-packages\httpcore\_backends\anyio.py", line 53, in aclose
    await self._stream.aclose()
  File "C:\Users\jimcr\AppData\Roaming\Python\Python313\site-packages\anyio\streams\tls.py", line 236, in aclose
    await self.transport_stream.aclose()
  File "C:\Users\jimcr\AppData\Roaming\Python\Python313\site-packages\anyio\_backends\_asyncio.py", line 1344, in aclose
    self._transport.close()
    ~~~~~~~~~~~~~~~~~~~~~^^
  File "C:\Python313\Lib\asyncio\proactor_events.py", line 109, in close
    self._loop.call_soon(self._call_connection_lost, None)
    ~~~~~~~~~~~~~~~~~~~~^^^^^^^^^^^^^^^^^^^^^^^^^^^^^^^^^^
  File "C:\Python313\Lib\asyncio\base_events.py", line 828, in call_soon
    self._check_closed()
    ~~~~~~~~~~~~~~~~~~^^
  File "C:\Python313\Lib\asyncio\base_events.py", line 551, in _check_closed
    raise RuntimeError('Event loop is closed')
RuntimeError: Event loop is closed
INFO:regular_website_pipeline:  🤖 Starting DeepSeek analysis...
INFO:simple_llm_analysis:  ⏳ Initializing DeepSeek client...
INFO:simple_llm_analysis:  ⏱️ DeepSeek client initialized in 2.02 seconds
INFO:httpx:HTTP Request: POST https://api.deepseek.com/chat/completions "HTTP/1.1 200 OK"
INFO:regular_website_pipeline:  ✓ Analysis complete. Found 4 opportunities.
ERROR:asyncio:Task exception was never retrieved
future: <Task finished name='Task-2023' coro=<AsyncClient.aclose() done, defined at C:\Users\jimcr\AppData\Roaming\Python\Python313\site-packages\httpx\_client.py:1996> exception=RuntimeError('Event loop is closed')>
Traceback (most recent call last):
  File "C:\Users\jimcr\AppData\Roaming\Python\Python313\site-packages\httpx\_client.py", line 2003, in aclose
    await self._transport.aclose()
  File "C:\Users\jimcr\AppData\Roaming\Python\Python313\site-packages\httpx\_transports\default.py", line 383, in aclose
    await self._pool.aclose()
  File "C:\Users\jimcr\AppData\Roaming\Python\Python313\site-packages\httpcore\_async\connection_pool.py", line 353, in aclose
    await self._close_connections(closing_connections)
  File "C:\Users\jimcr\AppData\Roaming\Python\Python313\site-packages\httpcore\_async\connection_pool.py", line 345, in _close_connections
    await connection.aclose()
  File "C:\Users\jimcr\AppData\Roaming\Python\Python313\site-packages\httpcore\_async\connection.py", line 173, in aclose
    await self._connection.aclose()
  File "C:\Users\jimcr\AppData\Roaming\Python\Python313\site-packages\httpcore\_async\http11.py", line 258, in aclose
    await self._network_stream.aclose()
  File "C:\Users\jimcr\AppData\Roaming\Python\Python313\site-packages\httpcore\_backends\anyio.py", line 53, in aclose
    await self._stream.aclose()
  File "C:\Users\jimcr\AppData\Roaming\Python\Python313\site-packages\anyio\streams\tls.py", line 236, in aclose
    await self.transport_stream.aclose()
  File "C:\Users\jimcr\AppData\Roaming\Python\Python313\site-packages\anyio\_backends\_asyncio.py", line 1344, in aclose
    self._transport.close()
    ~~~~~~~~~~~~~~~~~~~~~^^
  File "C:\Python313\Lib\asyncio\proactor_events.py", line 109, in close
    self._loop.call_soon(self._call_connection_lost, None)
    ~~~~~~~~~~~~~~~~~~~~^^^^^^^^^^^^^^^^^^^^^^^^^^^^^^^^^^
  File "C:\Python313\Lib\asyncio\base_events.py", line 828, in call_soon
    self._check_closed()
    ~~~~~~~~~~~~~~~~~~^^
  File "C:\Python313\Lib\asyncio\base_events.py", line 551, in _check_closed
    raise RuntimeError('Event loop is closed')
RuntimeError: Event loop is closed
INFO:regular_website_pipeline:  🤖 Starting DeepSeek analysis...
INFO:simple_llm_analysis:  ⏳ Initializing DeepSeek client...
INFO:simple_llm_analysis:  ⏱️ DeepSeek client initialized in 1.79 seconds
INFO:httpx:HTTP Request: POST https://api.deepseek.com/chat/completions "HTTP/1.1 200 OK"
INFO:regular_website_pipeline:  ✓ Analysis complete. Found 1 opportunities.
ERROR:asyncio:Task exception was never retrieved
future: <Task finished name='Task-2048' coro=<AsyncClient.aclose() done, defined at C:\Users\jimcr\AppData\Roaming\Python\Python313\site-packages\httpx\_client.py:1996> exception=RuntimeError('Event loop is closed')>
Traceback (most recent call last):
  File "C:\Users\jimcr\AppData\Roaming\Python\Python313\site-packages\httpx\_client.py", line 2003, in aclose
    await self._transport.aclose()
  File "C:\Users\jimcr\AppData\Roaming\Python\Python313\site-packages\httpx\_transports\default.py", line 383, in aclose
    await self._pool.aclose()
  File "C:\Users\jimcr\AppData\Roaming\Python\Python313\site-packages\httpcore\_async\connection_pool.py", line 353, in aclose
    await self._close_connections(closing_connections)
  File "C:\Users\jimcr\AppData\Roaming\Python\Python313\site-packages\httpcore\_async\connection_pool.py", line 345, in _close_connections
    await connection.aclose()
  File "C:\Users\jimcr\AppData\Roaming\Python\Python313\site-packages\httpcore\_async\connection.py", line 173, in aclose
    await self._connection.aclose()
  File "C:\Users\jimcr\AppData\Roaming\Python\Python313\site-packages\httpcore\_async\http11.py", line 258, in aclose
    await self._network_stream.aclose()
  File "C:\Users\jimcr\AppData\Roaming\Python\Python313\site-packages\httpcore\_backends\anyio.py", line 53, in aclose
    await self._stream.aclose()
  File "C:\Users\jimcr\AppData\Roaming\Python\Python313\site-packages\anyio\streams\tls.py", line 236, in aclose
    await self.transport_stream.aclose()
  File "C:\Users\jimcr\AppData\Roaming\Python\Python313\site-packages\anyio\_backends\_asyncio.py", line 1344, in aclose
    self._transport.close()
    ~~~~~~~~~~~~~~~~~~~~~^^
  File "C:\Python313\Lib\asyncio\proactor_events.py", line 109, in close
    self._loop.call_soon(self._call_connection_lost, None)
    ~~~~~~~~~~~~~~~~~~~~^^^^^^^^^^^^^^^^^^^^^^^^^^^^^^^^^^
  File "C:\Python313\Lib\asyncio\base_events.py", line 828, in call_soon
    self._check_closed()
    ~~~~~~~~~~~~~~~~~~^^
  File "C:\Python313\Lib\asyncio\base_events.py", line 551, in _check_closed
    raise RuntimeError('Event loop is closed')
RuntimeError: Event loop is closed
INFO:regular_website_pipeline:  🤖 Starting DeepSeek analysis...
INFO:simple_llm_analysis:  ⏳ Initializing DeepSeek client...
INFO:simple_llm_analysis:  ⏱️ DeepSeek client initialized in 1.32 seconds
INFO:httpx:HTTP Request: POST https://api.deepseek.com/chat/completions "HTTP/1.1 200 OK"
INFO:regular_website_pipeline:  ✓ Analysis complete. Found 1 opportunities.
ERROR:asyncio:Task exception was never retrieved
future: <Task finished name='Task-2075' coro=<AsyncClient.aclose() done, defined at C:\Users\jimcr\AppData\Roaming\Python\Python313\site-packages\httpx\_client.py:1996> exception=RuntimeError('Event loop is closed')>
Traceback (most recent call last):
  File "C:\Users\jimcr\AppData\Roaming\Python\Python313\site-packages\httpx\_client.py", line 2003, in aclose
    await self._transport.aclose()
  File "C:\Users\jimcr\AppData\Roaming\Python\Python313\site-packages\httpx\_transports\default.py", line 383, in aclose
    await self._pool.aclose()
  File "C:\Users\jimcr\AppData\Roaming\Python\Python313\site-packages\httpcore\_async\connection_pool.py", line 353, in aclose
    await self._close_connections(closing_connections)
  File "C:\Users\jimcr\AppData\Roaming\Python\Python313\site-packages\httpcore\_async\connection_pool.py", line 345, in _close_connections
    await connection.aclose()
  File "C:\Users\jimcr\AppData\Roaming\Python\Python313\site-packages\httpcore\_async\connection.py", line 173, in aclose
    await self._connection.aclose()
  File "C:\Users\jimcr\AppData\Roaming\Python\Python313\site-packages\httpcore\_async\http11.py", line 258, in aclose
    await self._network_stream.aclose()
  File "C:\Users\jimcr\AppData\Roaming\Python\Python313\site-packages\httpcore\_backends\anyio.py", line 53, in aclose
    await self._stream.aclose()
  File "C:\Users\jimcr\AppData\Roaming\Python\Python313\site-packages\anyio\streams\tls.py", line 236, in aclose
    await self.transport_stream.aclose()
  File "C:\Users\jimcr\AppData\Roaming\Python\Python313\site-packages\anyio\_backends\_asyncio.py", line 1344, in aclose
    self._transport.close()
    ~~~~~~~~~~~~~~~~~~~~~^^
  File "C:\Python313\Lib\asyncio\proactor_events.py", line 109, in close
    self._loop.call_soon(self._call_connection_lost, None)
    ~~~~~~~~~~~~~~~~~~~~^^^^^^^^^^^^^^^^^^^^^^^^^^^^^^^^^^
  File "C:\Python313\Lib\asyncio\base_events.py", line 828, in call_soon
    self._check_closed()
    ~~~~~~~~~~~~~~~~~~^^
  File "C:\Python313\Lib\asyncio\base_events.py", line 551, in _check_closed
    raise RuntimeError('Event loop is closed')
RuntimeError: Event loop is closed
INFO:regular_website_pipeline:  🤖 Starting DeepSeek analysis...
INFO:simple_llm_analysis:  ⏳ Initializing DeepSeek client...
INFO:simple_llm_analysis:  ⏱️ DeepSeek client initialized in 0.98 seconds
INFO:httpx:HTTP Request: POST https://api.deepseek.com/chat/completions "HTTP/1.1 200 OK"
INFO:regular_website_pipeline:  ✓ Analysis complete. Found 0 opportunities.
ERROR:asyncio:Task exception was never retrieved
future: <Task finished name='Task-2099' coro=<AsyncClient.aclose() done, defined at C:\Users\jimcr\AppData\Roaming\Python\Python313\site-packages\httpx\_client.py:1996> exception=RuntimeError('Event loop is closed')>
Traceback (most recent call last):
  File "C:\Users\jimcr\AppData\Roaming\Python\Python313\site-packages\httpx\_client.py", line 2003, in aclose
    await self._transport.aclose()
  File "C:\Users\jimcr\AppData\Roaming\Python\Python313\site-packages\httpx\_transports\default.py", line 383, in aclose
    await self._pool.aclose()
  File "C:\Users\jimcr\AppData\Roaming\Python\Python313\site-packages\httpcore\_async\connection_pool.py", line 353, in aclose
    await self._close_connections(closing_connections)
  File "C:\Users\jimcr\AppData\Roaming\Python\Python313\site-packages\httpcore\_async\connection_pool.py", line 345, in _close_connections
    await connection.aclose()
  File "C:\Users\jimcr\AppData\Roaming\Python\Python313\site-packages\httpcore\_async\connection.py", line 173, in aclose
    await self._connection.aclose()
  File "C:\Users\jimcr\AppData\Roaming\Python\Python313\site-packages\httpcore\_async\http11.py", line 258, in aclose
    await self._network_stream.aclose()
  File "C:\Users\jimcr\AppData\Roaming\Python\Python313\site-packages\httpcore\_backends\anyio.py", line 53, in aclose
    await self._stream.aclose()
  File "C:\Users\jimcr\AppData\Roaming\Python\Python313\site-packages\anyio\streams\tls.py", line 236, in aclose
    await self.transport_stream.aclose()
  File "C:\Users\jimcr\AppData\Roaming\Python\Python313\site-packages\anyio\_backends\_asyncio.py", line 1344, in aclose
    self._transport.close()
    ~~~~~~~~~~~~~~~~~~~~~^^
  File "C:\Python313\Lib\asyncio\proactor_events.py", line 109, in close
    self._loop.call_soon(self._call_connection_lost, None)
    ~~~~~~~~~~~~~~~~~~~~^^^^^^^^^^^^^^^^^^^^^^^^^^^^^^^^^^
  File "C:\Python313\Lib\asyncio\base_events.py", line 828, in call_soon
    self._check_closed()
    ~~~~~~~~~~~~~~~~~~^^
  File "C:\Python313\Lib\asyncio\base_events.py", line 551, in _check_closed
    raise RuntimeError('Event loop is closed')
RuntimeError: Event loop is closed
INFO:regular_website_pipeline:  🤖 Starting DeepSeek analysis...
INFO:simple_llm_analysis:  ⏳ Initializing DeepSeek client...
INFO:simple_llm_analysis:  ⏱️ DeepSeek client initialized in 1.41 seconds
INFO:httpx:HTTP Request: POST https://api.deepseek.com/chat/completions "HTTP/1.1 200 OK"
INFO:regular_website_pipeline:  ✓ Analysis complete. Found 1 opportunities.
ERROR:asyncio:Task exception was never retrieved
future: <Task finished name='Task-2123' coro=<AsyncClient.aclose() done, defined at C:\Users\jimcr\AppData\Roaming\Python\Python313\site-packages\httpx\_client.py:1996> exception=RuntimeError('Event loop is closed')>
Traceback (most recent call last):
  File "C:\Users\jimcr\AppData\Roaming\Python\Python313\site-packages\httpx\_client.py", line 2003, in aclose
    await self._transport.aclose()
  File "C:\Users\jimcr\AppData\Roaming\Python\Python313\site-packages\httpx\_transports\default.py", line 383, in aclose
    await self._pool.aclose()
  File "C:\Users\jimcr\AppData\Roaming\Python\Python313\site-packages\httpcore\_async\connection_pool.py", line 353, in aclose
    await self._close_connections(closing_connections)
  File "C:\Users\jimcr\AppData\Roaming\Python\Python313\site-packages\httpcore\_async\connection_pool.py", line 345, in _close_connections
    await connection.aclose()
  File "C:\Users\jimcr\AppData\Roaming\Python\Python313\site-packages\httpcore\_async\connection.py", line 173, in aclose
    await self._connection.aclose()
  File "C:\Users\jimcr\AppData\Roaming\Python\Python313\site-packages\httpcore\_async\http11.py", line 258, in aclose
    await self._network_stream.aclose()
  File "C:\Users\jimcr\AppData\Roaming\Python\Python313\site-packages\httpcore\_backends\anyio.py", line 53, in aclose
    await self._stream.aclose()
  File "C:\Users\jimcr\AppData\Roaming\Python\Python313\site-packages\anyio\streams\tls.py", line 236, in aclose
    await self.transport_stream.aclose()
  File "C:\Users\jimcr\AppData\Roaming\Python\Python313\site-packages\anyio\_backends\_asyncio.py", line 1344, in aclose
    self._transport.close()
    ~~~~~~~~~~~~~~~~~~~~~^^
  File "C:\Python313\Lib\asyncio\proactor_events.py", line 109, in close
    self._loop.call_soon(self._call_connection_lost, None)
    ~~~~~~~~~~~~~~~~~~~~^^^^^^^^^^^^^^^^^^^^^^^^^^^^^^^^^^
  File "C:\Python313\Lib\asyncio\base_events.py", line 828, in call_soon
    self._check_closed()
    ~~~~~~~~~~~~~~~~~~^^
  File "C:\Python313\Lib\asyncio\base_events.py", line 551, in _check_closed
    raise RuntimeError('Event loop is closed')
RuntimeError: Event loop is closed
INFO:regular_website_pipeline:  🤖 Starting DeepSeek analysis...
INFO:simple_llm_analysis:  ⏳ Initializing DeepSeek client...
INFO:simple_llm_analysis:  ⏱️ DeepSeek client initialized in 1.59 seconds
INFO:httpx:HTTP Request: POST https://api.deepseek.com/chat/completions "HTTP/1.1 200 OK"
INFO:regular_website_pipeline:  ✓ Analysis complete. Found 0 opportunities.
ERROR:asyncio:Task exception was never retrieved
future: <Task finished name='Task-2147' coro=<AsyncClient.aclose() done, defined at C:\Users\jimcr\AppData\Roaming\Python\Python313\site-packages\httpx\_client.py:1996> exception=RuntimeError('Event loop is closed')>
Traceback (most recent call last):
  File "C:\Users\jimcr\AppData\Roaming\Python\Python313\site-packages\httpx\_client.py", line 2003, in aclose
    await self._transport.aclose()
  File "C:\Users\jimcr\AppData\Roaming\Python\Python313\site-packages\httpx\_transports\default.py", line 383, in aclose
    await self._pool.aclose()
  File "C:\Users\jimcr\AppData\Roaming\Python\Python313\site-packages\httpcore\_async\connection_pool.py", line 353, in aclose
    await self._close_connections(closing_connections)
  File "C:\Users\jimcr\AppData\Roaming\Python\Python313\site-packages\httpcore\_async\connection_pool.py", line 345, in _close_connections
    await connection.aclose()
  File "C:\Users\jimcr\AppData\Roaming\Python\Python313\site-packages\httpcore\_async\connection.py", line 173, in aclose
    await self._connection.aclose()
  File "C:\Users\jimcr\AppData\Roaming\Python\Python313\site-packages\httpcore\_async\http11.py", line 258, in aclose
    await self._network_stream.aclose()
  File "C:\Users\jimcr\AppData\Roaming\Python\Python313\site-packages\httpcore\_backends\anyio.py", line 53, in aclose
    await self._stream.aclose()
  File "C:\Users\jimcr\AppData\Roaming\Python\Python313\site-packages\anyio\streams\tls.py", line 236, in aclose
    await self.transport_stream.aclose()
  File "C:\Users\jimcr\AppData\Roaming\Python\Python313\site-packages\anyio\_backends\_asyncio.py", line 1344, in aclose
    self._transport.close()
    ~~~~~~~~~~~~~~~~~~~~~^^
  File "C:\Python313\Lib\asyncio\proactor_events.py", line 109, in close
    self._loop.call_soon(self._call_connection_lost, None)
    ~~~~~~~~~~~~~~~~~~~~^^^^^^^^^^^^^^^^^^^^^^^^^^^^^^^^^^
  File "C:\Python313\Lib\asyncio\base_events.py", line 828, in call_soon
    self._check_closed()
    ~~~~~~~~~~~~~~~~~~^^
  File "C:\Python313\Lib\asyncio\base_events.py", line 551, in _check_closed
    raise RuntimeError('Event loop is closed')
RuntimeError: Event loop is closed
INFO:regular_website_pipeline:  🤖 Starting DeepSeek analysis...
INFO:simple_llm_analysis:  ⏳ Initializing DeepSeek client...
INFO:simple_llm_analysis:  ⏱️ DeepSeek client initialized in 1.64 seconds
INFO:httpx:HTTP Request: POST https://api.deepseek.com/chat/completions "HTTP/1.1 200 OK"
INFO:regular_website_pipeline:  ✓ Analysis complete. Found 0 opportunities.
ERROR:asyncio:Task exception was never retrieved
future: <Task finished name='Task-2176' coro=<AsyncClient.aclose() done, defined at C:\Users\jimcr\AppData\Roaming\Python\Python313\site-packages\httpx\_client.py:1996> exception=RuntimeError('Event loop is closed')>
Traceback (most recent call last):
  File "C:\Users\jimcr\AppData\Roaming\Python\Python313\site-packages\httpx\_client.py", line 2003, in aclose
    await self._transport.aclose()
  File "C:\Users\jimcr\AppData\Roaming\Python\Python313\site-packages\httpx\_transports\default.py", line 383, in aclose
    await self._pool.aclose()
  File "C:\Users\jimcr\AppData\Roaming\Python\Python313\site-packages\httpcore\_async\connection_pool.py", line 353, in aclose
    await self._close_connections(closing_connections)
  File "C:\Users\jimcr\AppData\Roaming\Python\Python313\site-packages\httpcore\_async\connection_pool.py", line 345, in _close_connections
    await connection.aclose()
  File "C:\Users\jimcr\AppData\Roaming\Python\Python313\site-packages\httpcore\_async\connection.py", line 173, in aclose
    await self._connection.aclose()
  File "C:\Users\jimcr\AppData\Roaming\Python\Python313\site-packages\httpcore\_async\http11.py", line 258, in aclose
    await self._network_stream.aclose()
  File "C:\Users\jimcr\AppData\Roaming\Python\Python313\site-packages\httpcore\_backends\anyio.py", line 53, in aclose
    await self._stream.aclose()
  File "C:\Users\jimcr\AppData\Roaming\Python\Python313\site-packages\anyio\streams\tls.py", line 236, in aclose
    await self.transport_stream.aclose()
  File "C:\Users\jimcr\AppData\Roaming\Python\Python313\site-packages\anyio\_backends\_asyncio.py", line 1344, in aclose
    self._transport.close()
    ~~~~~~~~~~~~~~~~~~~~~^^
  File "C:\Python313\Lib\asyncio\proactor_events.py", line 109, in close
    self._loop.call_soon(self._call_connection_lost, None)
    ~~~~~~~~~~~~~~~~~~~~^^^^^^^^^^^^^^^^^^^^^^^^^^^^^^^^^^
  File "C:\Python313\Lib\asyncio\base_events.py", line 828, in call_soon
    self._check_closed()
    ~~~~~~~~~~~~~~~~~~^^
  File "C:\Python313\Lib\asyncio\base_events.py", line 551, in _check_closed
    raise RuntimeError('Event loop is closed')
RuntimeError: Event loop is closed
INFO:regular_website_pipeline:  🤖 Starting DeepSeek analysis...
INFO:simple_llm_analysis:  ⏳ Initializing DeepSeek client...
INFO:simple_llm_analysis:  ⏱️ DeepSeek client initialized in 2.29 seconds
INFO:httpx:HTTP Request: POST https://api.deepseek.com/chat/completions "HTTP/1.1 200 OK"
INFO:regular_website_pipeline:  ✓ Analysis complete. Found 0 opportunities.
ERROR:asyncio:Task exception was never retrieved
future: <Task finished name='Task-2200' coro=<AsyncClient.aclose() done, defined at C:\Users\jimcr\AppData\Roaming\Python\Python313\site-packages\httpx\_client.py:1996> exception=RuntimeError('Event loop is closed')>
Traceback (most recent call last):
  File "C:\Users\jimcr\AppData\Roaming\Python\Python313\site-packages\httpx\_client.py", line 2003, in aclose
    await self._transport.aclose()
  File "C:\Users\jimcr\AppData\Roaming\Python\Python313\site-packages\httpx\_transports\default.py", line 383, in aclose
    await self._pool.aclose()
  File "C:\Users\jimcr\AppData\Roaming\Python\Python313\site-packages\httpcore\_async\connection_pool.py", line 353, in aclose
    await self._close_connections(closing_connections)
  File "C:\Users\jimcr\AppData\Roaming\Python\Python313\site-packages\httpcore\_async\connection_pool.py", line 345, in _close_connections
    await connection.aclose()
  File "C:\Users\jimcr\AppData\Roaming\Python\Python313\site-packages\httpcore\_async\connection.py", line 173, in aclose
    await self._connection.aclose()
  File "C:\Users\jimcr\AppData\Roaming\Python\Python313\site-packages\httpcore\_async\http11.py", line 258, in aclose
    await self._network_stream.aclose()
  File "C:\Users\jimcr\AppData\Roaming\Python\Python313\site-packages\httpcore\_backends\anyio.py", line 53, in aclose
    await self._stream.aclose()
  File "C:\Users\jimcr\AppData\Roaming\Python\Python313\site-packages\anyio\streams\tls.py", line 236, in aclose
    await self.transport_stream.aclose()
  File "C:\Users\jimcr\AppData\Roaming\Python\Python313\site-packages\anyio\_backends\_asyncio.py", line 1344, in aclose
    self._transport.close()
    ~~~~~~~~~~~~~~~~~~~~~^^
  File "C:\Python313\Lib\asyncio\proactor_events.py", line 109, in close
    self._loop.call_soon(self._call_connection_lost, None)
    ~~~~~~~~~~~~~~~~~~~~^^^^^^^^^^^^^^^^^^^^^^^^^^^^^^^^^^
  File "C:\Python313\Lib\asyncio\base_events.py", line 828, in call_soon
    self._check_closed()
    ~~~~~~~~~~~~~~~~~~^^
  File "C:\Python313\Lib\asyncio\base_events.py", line 551, in _check_closed
    raise RuntimeError('Event loop is closed')
RuntimeError: Event loop is closed
INFO:regular_website_pipeline:  🤖 Starting DeepSeek analysis...
INFO:simple_llm_analysis:  ⏳ Initializing DeepSeek client...
INFO:simple_llm_analysis:  ⏱️ DeepSeek client initialized in 1.69 seconds
INFO:httpx:HTTP Request: POST https://api.deepseek.com/chat/completions "HTTP/1.1 200 OK"
INFO:regular_website_pipeline:  ✓ Analysis complete. Found 0 opportunities.
ERROR:asyncio:Task exception was never retrieved
future: <Task finished name='Task-2224' coro=<AsyncClient.aclose() done, defined at C:\Users\jimcr\AppData\Roaming\Python\Python313\site-packages\httpx\_client.py:1996> exception=RuntimeError('Event loop is closed')>
Traceback (most recent call last):
  File "C:\Users\jimcr\AppData\Roaming\Python\Python313\site-packages\httpx\_client.py", line 2003, in aclose
    await self._transport.aclose()
  File "C:\Users\jimcr\AppData\Roaming\Python\Python313\site-packages\httpx\_transports\default.py", line 383, in aclose
    await self._pool.aclose()
  File "C:\Users\jimcr\AppData\Roaming\Python\Python313\site-packages\httpcore\_async\connection_pool.py", line 353, in aclose
    await self._close_connections(closing_connections)
  File "C:\Users\jimcr\AppData\Roaming\Python\Python313\site-packages\httpcore\_async\connection_pool.py", line 345, in _close_connections
    await connection.aclose()
  File "C:\Users\jimcr\AppData\Roaming\Python\Python313\site-packages\httpcore\_async\connection.py", line 173, in aclose
    await self._connection.aclose()
  File "C:\Users\jimcr\AppData\Roaming\Python\Python313\site-packages\httpcore\_async\http11.py", line 258, in aclose
    await self._network_stream.aclose()
  File "C:\Users\jimcr\AppData\Roaming\Python\Python313\site-packages\httpcore\_backends\anyio.py", line 53, in aclose
    await self._stream.aclose()
  File "C:\Users\jimcr\AppData\Roaming\Python\Python313\site-packages\anyio\streams\tls.py", line 236, in aclose
    await self.transport_stream.aclose()
  File "C:\Users\jimcr\AppData\Roaming\Python\Python313\site-packages\anyio\_backends\_asyncio.py", line 1344, in aclose
    self._transport.close()
    ~~~~~~~~~~~~~~~~~~~~~^^
  File "C:\Python313\Lib\asyncio\proactor_events.py", line 109, in close
    self._loop.call_soon(self._call_connection_lost, None)
    ~~~~~~~~~~~~~~~~~~~~^^^^^^^^^^^^^^^^^^^^^^^^^^^^^^^^^^
  File "C:\Python313\Lib\asyncio\base_events.py", line 828, in call_soon
    self._check_closed()
    ~~~~~~~~~~~~~~~~~~^^
  File "C:\Python313\Lib\asyncio\base_events.py", line 551, in _check_closed
    raise RuntimeError('Event loop is closed')
RuntimeError: Event loop is closed
INFO:regular_website_pipeline:  🤖 Starting DeepSeek analysis...
INFO:simple_llm_analysis:  ⏳ Initializing DeepSeek client...
INFO:simple_llm_analysis:  ⏱️ DeepSeek client initialized in 1.90 seconds
INFO:httpx:HTTP Request: POST https://api.deepseek.com/chat/completions "HTTP/1.1 200 OK"
INFO:regular_website_pipeline:  ✓ Analysis complete. Found 1 opportunities.
ERROR:asyncio:Task exception was never retrieved
future: <Task finished name='Task-2248' coro=<AsyncClient.aclose() done, defined at C:\Users\jimcr\AppData\Roaming\Python\Python313\site-packages\httpx\_client.py:1996> exception=RuntimeError('Event loop is closed')>
Traceback (most recent call last):
  File "C:\Users\jimcr\AppData\Roaming\Python\Python313\site-packages\httpx\_client.py", line 2003, in aclose
    await self._transport.aclose()
  File "C:\Users\jimcr\AppData\Roaming\Python\Python313\site-packages\httpx\_transports\default.py", line 383, in aclose
    await self._pool.aclose()
  File "C:\Users\jimcr\AppData\Roaming\Python\Python313\site-packages\httpcore\_async\connection_pool.py", line 353, in aclose
    await self._close_connections(closing_connections)
  File "C:\Users\jimcr\AppData\Roaming\Python\Python313\site-packages\httpcore\_async\connection_pool.py", line 345, in _close_connections
    await connection.aclose()
  File "C:\Users\jimcr\AppData\Roaming\Python\Python313\site-packages\httpcore\_async\connection.py", line 173, in aclose
    await self._connection.aclose()
  File "C:\Users\jimcr\AppData\Roaming\Python\Python313\site-packages\httpcore\_async\http11.py", line 258, in aclose
    await self._network_stream.aclose()
  File "C:\Users\jimcr\AppData\Roaming\Python\Python313\site-packages\httpcore\_backends\anyio.py", line 53, in aclose
    await self._stream.aclose()
  File "C:\Users\jimcr\AppData\Roaming\Python\Python313\site-packages\anyio\streams\tls.py", line 236, in aclose
    await self.transport_stream.aclose()
  File "C:\Users\jimcr\AppData\Roaming\Python\Python313\site-packages\anyio\_backends\_asyncio.py", line 1344, in aclose
    self._transport.close()
    ~~~~~~~~~~~~~~~~~~~~~^^
  File "C:\Python313\Lib\asyncio\proactor_events.py", line 109, in close
    self._loop.call_soon(self._call_connection_lost, None)
    ~~~~~~~~~~~~~~~~~~~~^^^^^^^^^^^^^^^^^^^^^^^^^^^^^^^^^^
  File "C:\Python313\Lib\asyncio\base_events.py", line 828, in call_soon
    self._check_closed()
    ~~~~~~~~~~~~~~~~~~^^
  File "C:\Python313\Lib\asyncio\base_events.py", line 551, in _check_closed
    raise RuntimeError('Event loop is closed')
RuntimeError: Event loop is closed
INFO:regular_website_pipeline:  🤖 Starting DeepSeek analysis...
INFO:simple_llm_analysis:  ⏳ Initializing DeepSeek client...
INFO:simple_llm_analysis:  ⏱️ DeepSeek client initialized in 1.77 seconds
INFO:httpx:HTTP Request: POST https://api.deepseek.com/chat/completions "HTTP/1.1 200 OK"
INFO:regular_website_pipeline:  ✓ Analysis complete. Found 1 opportunities.
ERROR:asyncio:Task exception was never retrieved
future: <Task finished name='Task-2272' coro=<AsyncClient.aclose() done, defined at C:\Users\jimcr\AppData\Roaming\Python\Python313\site-packages\httpx\_client.py:1996> exception=RuntimeError('Event loop is closed')>
Traceback (most recent call last):
  File "C:\Users\jimcr\AppData\Roaming\Python\Python313\site-packages\httpx\_client.py", line 2003, in aclose
    await self._transport.aclose()
  File "C:\Users\jimcr\AppData\Roaming\Python\Python313\site-packages\httpx\_transports\default.py", line 383, in aclose
    await self._pool.aclose()
  File "C:\Users\jimcr\AppData\Roaming\Python\Python313\site-packages\httpcore\_async\connection_pool.py", line 353, in aclose
    await self._close_connections(closing_connections)
  File "C:\Users\jimcr\AppData\Roaming\Python\Python313\site-packages\httpcore\_async\connection_pool.py", line 345, in _close_connections
    await connection.aclose()
  File "C:\Users\jimcr\AppData\Roaming\Python\Python313\site-packages\httpcore\_async\connection.py", line 173, in aclose
    await self._connection.aclose()
  File "C:\Users\jimcr\AppData\Roaming\Python\Python313\site-packages\httpcore\_async\http11.py", line 258, in aclose
    await self._network_stream.aclose()
  File "C:\Users\jimcr\AppData\Roaming\Python\Python313\site-packages\httpcore\_backends\anyio.py", line 53, in aclose
    await self._stream.aclose()
  File "C:\Users\jimcr\AppData\Roaming\Python\Python313\site-packages\anyio\streams\tls.py", line 236, in aclose
    await self.transport_stream.aclose()
  File "C:\Users\jimcr\AppData\Roaming\Python\Python313\site-packages\anyio\_backends\_asyncio.py", line 1344, in aclose
    self._transport.close()
    ~~~~~~~~~~~~~~~~~~~~~^^
  File "C:\Python313\Lib\asyncio\proactor_events.py", line 109, in close
    self._loop.call_soon(self._call_connection_lost, None)
    ~~~~~~~~~~~~~~~~~~~~^^^^^^^^^^^^^^^^^^^^^^^^^^^^^^^^^^
  File "C:\Python313\Lib\asyncio\base_events.py", line 828, in call_soon
    self._check_closed()
    ~~~~~~~~~~~~~~~~~~^^
  File "C:\Python313\Lib\asyncio\base_events.py", line 551, in _check_closed
    raise RuntimeError('Event loop is closed')
RuntimeError: Event loop is closed
INFO:regular_website_pipeline:  🤖 Starting DeepSeek analysis...
INFO:simple_llm_analysis:  ⏳ Initializing DeepSeek client...
INFO:simple_llm_analysis:  ⏱️ DeepSeek client initialized in 2.46 seconds
INFO:httpx:HTTP Request: POST https://api.deepseek.com/chat/completions "HTTP/1.1 200 OK"
INFO:regular_website_pipeline:  ✓ Analysis complete. Found 1 opportunities.
ERROR:asyncio:Task exception was never retrieved
future: <Task finished name='Task-2303' coro=<AsyncClient.aclose() done, defined at C:\Users\jimcr\AppData\Roaming\Python\Python313\site-packages\httpx\_client.py:1996> exception=RuntimeError('Event loop is closed')>
Traceback (most recent call last):
  File "C:\Users\jimcr\AppData\Roaming\Python\Python313\site-packages\httpx\_client.py", line 2003, in aclose
    await self._transport.aclose()
  File "C:\Users\jimcr\AppData\Roaming\Python\Python313\site-packages\httpx\_transports\default.py", line 383, in aclose
    await self._pool.aclose()
  File "C:\Users\jimcr\AppData\Roaming\Python\Python313\site-packages\httpcore\_async\connection_pool.py", line 353, in aclose
    await self._close_connections(closing_connections)
  File "C:\Users\jimcr\AppData\Roaming\Python\Python313\site-packages\httpcore\_async\connection_pool.py", line 345, in _close_connections
    await connection.aclose()
  File "C:\Users\jimcr\AppData\Roaming\Python\Python313\site-packages\httpcore\_async\connection.py", line 173, in aclose
    await self._connection.aclose()
  File "C:\Users\jimcr\AppData\Roaming\Python\Python313\site-packages\httpcore\_async\http11.py", line 258, in aclose
    await self._network_stream.aclose()
  File "C:\Users\jimcr\AppData\Roaming\Python\Python313\site-packages\httpcore\_backends\anyio.py", line 53, in aclose
    await self._stream.aclose()
  File "C:\Users\jimcr\AppData\Roaming\Python\Python313\site-packages\anyio\streams\tls.py", line 236, in aclose
    await self.transport_stream.aclose()
  File "C:\Users\jimcr\AppData\Roaming\Python\Python313\site-packages\anyio\_backends\_asyncio.py", line 1344, in aclose
    self._transport.close()
    ~~~~~~~~~~~~~~~~~~~~~^^
  File "C:\Python313\Lib\asyncio\proactor_events.py", line 109, in close
    self._loop.call_soon(self._call_connection_lost, None)
    ~~~~~~~~~~~~~~~~~~~~^^^^^^^^^^^^^^^^^^^^^^^^^^^^^^^^^^
  File "C:\Python313\Lib\asyncio\base_events.py", line 828, in call_soon
    self._check_closed()
    ~~~~~~~~~~~~~~~~~~^^
  File "C:\Python313\Lib\asyncio\base_events.py", line 551, in _check_closed
    raise RuntimeError('Event loop is closed')
RuntimeError: Event loop is closed
INFO:regular_website_pipeline:  🤖 Starting DeepSeek analysis...
INFO:simple_llm_analysis:  ⏳ Initializing DeepSeek client...
INFO:simple_llm_analysis:  ⏱️ DeepSeek client initialized in 1.55 seconds
INFO:httpx:HTTP Request: POST https://api.deepseek.com/chat/completions "HTTP/1.1 200 OK"
INFO:regular_website_pipeline:  ✓ Analysis complete. Found 1 opportunities.
ERROR:asyncio:Task exception was never retrieved
future: <Task finished name='Task-2327' coro=<AsyncClient.aclose() done, defined at C:\Users\jimcr\AppData\Roaming\Python\Python313\site-packages\httpx\_client.py:1996> exception=RuntimeError('Event loop is closed')>
Traceback (most recent call last):
  File "C:\Users\jimcr\AppData\Roaming\Python\Python313\site-packages\httpx\_client.py", line 2003, in aclose
    await self._transport.aclose()
  File "C:\Users\jimcr\AppData\Roaming\Python\Python313\site-packages\httpx\_transports\default.py", line 383, in aclose
    await self._pool.aclose()
  File "C:\Users\jimcr\AppData\Roaming\Python\Python313\site-packages\httpcore\_async\connection_pool.py", line 353, in aclose
    await self._close_connections(closing_connections)
  File "C:\Users\jimcr\AppData\Roaming\Python\Python313\site-packages\httpcore\_async\connection_pool.py", line 345, in _close_connections
    await connection.aclose()
  File "C:\Users\jimcr\AppData\Roaming\Python\Python313\site-packages\httpcore\_async\connection.py", line 173, in aclose
    await self._connection.aclose()
  File "C:\Users\jimcr\AppData\Roaming\Python\Python313\site-packages\httpcore\_async\http11.py", line 258, in aclose
    await self._network_stream.aclose()
  File "C:\Users\jimcr\AppData\Roaming\Python\Python313\site-packages\httpcore\_backends\anyio.py", line 53, in aclose
    await self._stream.aclose()
  File "C:\Users\jimcr\AppData\Roaming\Python\Python313\site-packages\anyio\streams\tls.py", line 236, in aclose
    await self.transport_stream.aclose()
  File "C:\Users\jimcr\AppData\Roaming\Python\Python313\site-packages\anyio\_backends\_asyncio.py", line 1344, in aclose
    self._transport.close()
    ~~~~~~~~~~~~~~~~~~~~~^^
  File "C:\Python313\Lib\asyncio\proactor_events.py", line 109, in close
    self._loop.call_soon(self._call_connection_lost, None)
    ~~~~~~~~~~~~~~~~~~~~^^^^^^^^^^^^^^^^^^^^^^^^^^^^^^^^^^
  File "C:\Python313\Lib\asyncio\base_events.py", line 828, in call_soon
    self._check_closed()
    ~~~~~~~~~~~~~~~~~~^^
  File "C:\Python313\Lib\asyncio\base_events.py", line 551, in _check_closed
    raise RuntimeError('Event loop is closed')
RuntimeError: Event loop is closed
INFO:regular_website_pipeline:  🤖 Starting DeepSeek analysis...
INFO:simple_llm_analysis:  ⏳ Initializing DeepSeek client...
INFO:simple_llm_analysis:  ⏱️ DeepSeek client initialized in 1.66 seconds
INFO:httpx:HTTP Request: POST https://api.deepseek.com/chat/completions "HTTP/1.1 200 OK"
INFO:regular_website_pipeline:  ✓ Analysis complete. Found 6 opportunities.
ERROR:asyncio:Task exception was never retrieved
future: <Task finished name='Task-2358' coro=<AsyncClient.aclose() done, defined at C:\Users\jimcr\AppData\Roaming\Python\Python313\site-packages\httpx\_client.py:1996> exception=RuntimeError('Event loop is closed')>
Traceback (most recent call last):
  File "C:\Users\jimcr\AppData\Roaming\Python\Python313\site-packages\httpx\_client.py", line 2003, in aclose
    await self._transport.aclose()
  File "C:\Users\jimcr\AppData\Roaming\Python\Python313\site-packages\httpx\_transports\default.py", line 383, in aclose
    await self._pool.aclose()
  File "C:\Users\jimcr\AppData\Roaming\Python\Python313\site-packages\httpcore\_async\connection_pool.py", line 353, in aclose
    await self._close_connections(closing_connections)
  File "C:\Users\jimcr\AppData\Roaming\Python\Python313\site-packages\httpcore\_async\connection_pool.py", line 345, in _close_connections
    await connection.aclose()
  File "C:\Users\jimcr\AppData\Roaming\Python\Python313\site-packages\httpcore\_async\connection.py", line 173, in aclose
    await self._connection.aclose()
  File "C:\Users\jimcr\AppData\Roaming\Python\Python313\site-packages\httpcore\_async\http11.py", line 258, in aclose
    await self._network_stream.aclose()
  File "C:\Users\jimcr\AppData\Roaming\Python\Python313\site-packages\httpcore\_backends\anyio.py", line 53, in aclose
    await self._stream.aclose()
  File "C:\Users\jimcr\AppData\Roaming\Python\Python313\site-packages\anyio\streams\tls.py", line 236, in aclose
    await self.transport_stream.aclose()
  File "C:\Users\jimcr\AppData\Roaming\Python\Python313\site-packages\anyio\_backends\_asyncio.py", line 1344, in aclose
    self._transport.close()
    ~~~~~~~~~~~~~~~~~~~~~^^
  File "C:\Python313\Lib\asyncio\proactor_events.py", line 109, in close
    self._loop.call_soon(self._call_connection_lost, None)
    ~~~~~~~~~~~~~~~~~~~~^^^^^^^^^^^^^^^^^^^^^^^^^^^^^^^^^^
  File "C:\Python313\Lib\asyncio\base_events.py", line 828, in call_soon
    self._check_closed()
    ~~~~~~~~~~~~~~~~~~^^
  File "C:\Python313\Lib\asyncio\base_events.py", line 551, in _check_closed
    raise RuntimeError('Event loop is closed')
RuntimeError: Event loop is closed
INFO:regular_website_pipeline:  🤖 Starting DeepSeek analysis...
INFO:simple_llm_analysis:  ⏳ Initializing DeepSeek client...
INFO:simple_llm_analysis:  ⏱️ DeepSeek client initialized in 1.46 seconds
INFO:httpx:HTTP Request: POST https://api.deepseek.com/chat/completions "HTTP/1.1 200 OK"
INFO:regular_website_pipeline:  ✓ Analysis complete. Found 1 opportunities.
ERROR:asyncio:Task exception was never retrieved
future: <Task finished name='Task-2382' coro=<AsyncClient.aclose() done, defined at C:\Users\jimcr\AppData\Roaming\Python\Python313\site-packages\httpx\_client.py:1996> exception=RuntimeError('Event loop is closed')>
Traceback (most recent call last):
  File "C:\Users\jimcr\AppData\Roaming\Python\Python313\site-packages\httpx\_client.py", line 2003, in aclose
    await self._transport.aclose()
  File "C:\Users\jimcr\AppData\Roaming\Python\Python313\site-packages\httpx\_transports\default.py", line 383, in aclose
    await self._pool.aclose()
  File "C:\Users\jimcr\AppData\Roaming\Python\Python313\site-packages\httpcore\_async\connection_pool.py", line 353, in aclose
    await self._close_connections(closing_connections)
  File "C:\Users\jimcr\AppData\Roaming\Python\Python313\site-packages\httpcore\_async\connection_pool.py", line 345, in _close_connections
    await connection.aclose()
  File "C:\Users\jimcr\AppData\Roaming\Python\Python313\site-packages\httpcore\_async\connection.py", line 173, in aclose
    await self._connection.aclose()
  File "C:\Users\jimcr\AppData\Roaming\Python\Python313\site-packages\httpcore\_async\http11.py", line 258, in aclose
    await self._network_stream.aclose()
  File "C:\Users\jimcr\AppData\Roaming\Python\Python313\site-packages\httpcore\_backends\anyio.py", line 53, in aclose
    await self._stream.aclose()
  File "C:\Users\jimcr\AppData\Roaming\Python\Python313\site-packages\anyio\streams\tls.py", line 236, in aclose
    await self.transport_stream.aclose()
  File "C:\Users\jimcr\AppData\Roaming\Python\Python313\site-packages\anyio\_backends\_asyncio.py", line 1344, in aclose
    self._transport.close()
    ~~~~~~~~~~~~~~~~~~~~~^^
  File "C:\Python313\Lib\asyncio\proactor_events.py", line 109, in close
    self._loop.call_soon(self._call_connection_lost, None)
    ~~~~~~~~~~~~~~~~~~~~^^^^^^^^^^^^^^^^^^^^^^^^^^^^^^^^^^
  File "C:\Python313\Lib\asyncio\base_events.py", line 828, in call_soon
    self._check_closed()
    ~~~~~~~~~~~~~~~~~~^^
  File "C:\Python313\Lib\asyncio\base_events.py", line 551, in _check_closed
    raise RuntimeError('Event loop is closed')
RuntimeError: Event loop is closed
INFO:regular_website_pipeline:  🤖 Starting DeepSeek analysis...
INFO:simple_llm_analysis:  ⏳ Initializing DeepSeek client...
INFO:simple_llm_analysis:  ⏱️ DeepSeek client initialized in 2.45 seconds
INFO:httpx:HTTP Request: POST https://api.deepseek.com/chat/completions "HTTP/1.1 200 OK"
INFO:regular_website_pipeline:  ✓ Analysis complete. Found 3 opportunities.
ERROR:asyncio:Task exception was never retrieved
future: <Task finished name='Task-2413' coro=<AsyncClient.aclose() done, defined at C:\Users\jimcr\AppData\Roaming\Python\Python313\site-packages\httpx\_client.py:1996> exception=RuntimeError('Event loop is closed')>
Traceback (most recent call last):
  File "C:\Users\jimcr\AppData\Roaming\Python\Python313\site-packages\httpx\_client.py", line 2003, in aclose
    await self._transport.aclose()
  File "C:\Users\jimcr\AppData\Roaming\Python\Python313\site-packages\httpx\_transports\default.py", line 383, in aclose
    await self._pool.aclose()
  File "C:\Users\jimcr\AppData\Roaming\Python\Python313\site-packages\httpcore\_async\connection_pool.py", line 353, in aclose
    await self._close_connections(closing_connections)
  File "C:\Users\jimcr\AppData\Roaming\Python\Python313\site-packages\httpcore\_async\connection_pool.py", line 345, in _close_connections
    await connection.aclose()
  File "C:\Users\jimcr\AppData\Roaming\Python\Python313\site-packages\httpcore\_async\connection.py", line 173, in aclose
    await self._connection.aclose()
  File "C:\Users\jimcr\AppData\Roaming\Python\Python313\site-packages\httpcore\_async\http11.py", line 258, in aclose
    await self._network_stream.aclose()
  File "C:\Users\jimcr\AppData\Roaming\Python\Python313\site-packages\httpcore\_backends\anyio.py", line 53, in aclose
    await self._stream.aclose()
  File "C:\Users\jimcr\AppData\Roaming\Python\Python313\site-packages\anyio\streams\tls.py", line 236, in aclose
    await self.transport_stream.aclose()
  File "C:\Users\jimcr\AppData\Roaming\Python\Python313\site-packages\anyio\_backends\_asyncio.py", line 1344, in aclose
    self._transport.close()
    ~~~~~~~~~~~~~~~~~~~~~^^
  File "C:\Python313\Lib\asyncio\proactor_events.py", line 109, in close
    self._loop.call_soon(self._call_connection_lost, None)
    ~~~~~~~~~~~~~~~~~~~~^^^^^^^^^^^^^^^^^^^^^^^^^^^^^^^^^^
  File "C:\Python313\Lib\asyncio\base_events.py", line 828, in call_soon
    self._check_closed()
    ~~~~~~~~~~~~~~~~~~^^
  File "C:\Python313\Lib\asyncio\base_events.py", line 551, in _check_closed
    raise RuntimeError('Event loop is closed')
RuntimeError: Event loop is closed
INFO:regular_website_pipeline:  🤖 Starting DeepSeek analysis...
INFO:simple_llm_analysis:  ⏳ Initializing DeepSeek client...
INFO:simple_llm_analysis:  ⏱️ DeepSeek client initialized in 2.49 seconds
INFO:httpx:HTTP Request: POST https://api.deepseek.com/chat/completions "HTTP/1.1 200 OK"
INFO:regular_website_pipeline:  ✓ Analysis complete. Found 1 opportunities.
ERROR:asyncio:Task exception was never retrieved
future: <Task finished name='Task-2437' coro=<AsyncClient.aclose() done, defined at C:\Users\jimcr\AppData\Roaming\Python\Python313\site-packages\httpx\_client.py:1996> exception=RuntimeError('Event loop is closed')>
Traceback (most recent call last):
  File "C:\Users\jimcr\AppData\Roaming\Python\Python313\site-packages\httpx\_client.py", line 2003, in aclose
    await self._transport.aclose()
  File "C:\Users\jimcr\AppData\Roaming\Python\Python313\site-packages\httpx\_transports\default.py", line 383, in aclose
    await self._pool.aclose()
  File "C:\Users\jimcr\AppData\Roaming\Python\Python313\site-packages\httpcore\_async\connection_pool.py", line 353, in aclose
    await self._close_connections(closing_connections)
  File "C:\Users\jimcr\AppData\Roaming\Python\Python313\site-packages\httpcore\_async\connection_pool.py", line 345, in _close_connections
    await connection.aclose()
  File "C:\Users\jimcr\AppData\Roaming\Python\Python313\site-packages\httpcore\_async\connection.py", line 173, in aclose
    await self._connection.aclose()
  File "C:\Users\jimcr\AppData\Roaming\Python\Python313\site-packages\httpcore\_async\http11.py", line 258, in aclose
    await self._network_stream.aclose()
  File "C:\Users\jimcr\AppData\Roaming\Python\Python313\site-packages\httpcore\_backends\anyio.py", line 53, in aclose
    await self._stream.aclose()
  File "C:\Users\jimcr\AppData\Roaming\Python\Python313\site-packages\anyio\streams\tls.py", line 236, in aclose
    await self.transport_stream.aclose()
  File "C:\Users\jimcr\AppData\Roaming\Python\Python313\site-packages\anyio\_backends\_asyncio.py", line 1344, in aclose
    self._transport.close()
    ~~~~~~~~~~~~~~~~~~~~~^^
  File "C:\Python313\Lib\asyncio\proactor_events.py", line 109, in close
    self._loop.call_soon(self._call_connection_lost, None)
    ~~~~~~~~~~~~~~~~~~~~^^^^^^^^^^^^^^^^^^^^^^^^^^^^^^^^^^
  File "C:\Python313\Lib\asyncio\base_events.py", line 828, in call_soon
    self._check_closed()
    ~~~~~~~~~~~~~~~~~~^^
  File "C:\Python313\Lib\asyncio\base_events.py", line 551, in _check_closed
    raise RuntimeError('Event loop is closed')
RuntimeError: Event loop is closed
INFO:regular_website_pipeline:  🤖 Starting DeepSeek analysis...
INFO:simple_llm_analysis:  ⏳ Initializing DeepSeek client...
INFO:simple_llm_analysis:  ⏱️ DeepSeek client initialized in 1.87 seconds
INFO:httpx:HTTP Request: POST https://api.deepseek.com/chat/completions "HTTP/1.1 200 OK"
INFO:regular_website_pipeline:  ✓ Analysis complete. Found 1 opportunities.
ERROR:asyncio:Task exception was never retrieved
future: <Task finished name='Task-2461' coro=<AsyncClient.aclose() done, defined at C:\Users\jimcr\AppData\Roaming\Python\Python313\site-packages\httpx\_client.py:1996> exception=RuntimeError('Event loop is closed')>
Traceback (most recent call last):
  File "C:\Users\jimcr\AppData\Roaming\Python\Python313\site-packages\httpx\_client.py", line 2003, in aclose
    await self._transport.aclose()
  File "C:\Users\jimcr\AppData\Roaming\Python\Python313\site-packages\httpx\_transports\default.py", line 383, in aclose
    await self._pool.aclose()
  File "C:\Users\jimcr\AppData\Roaming\Python\Python313\site-packages\httpcore\_async\connection_pool.py", line 353, in aclose
    await self._close_connections(closing_connections)
  File "C:\Users\jimcr\AppData\Roaming\Python\Python313\site-packages\httpcore\_async\connection_pool.py", line 345, in _close_connections
    await connection.aclose()
  File "C:\Users\jimcr\AppData\Roaming\Python\Python313\site-packages\httpcore\_async\connection.py", line 173, in aclose
    await self._connection.aclose()
  File "C:\Users\jimcr\AppData\Roaming\Python\Python313\site-packages\httpcore\_async\http11.py", line 258, in aclose
    await self._network_stream.aclose()
  File "C:\Users\jimcr\AppData\Roaming\Python\Python313\site-packages\httpcore\_backends\anyio.py", line 53, in aclose
    await self._stream.aclose()
  File "C:\Users\jimcr\AppData\Roaming\Python\Python313\site-packages\anyio\streams\tls.py", line 236, in aclose
    await self.transport_stream.aclose()
  File "C:\Users\jimcr\AppData\Roaming\Python\Python313\site-packages\anyio\_backends\_asyncio.py", line 1344, in aclose
    self._transport.close()
    ~~~~~~~~~~~~~~~~~~~~~^^
  File "C:\Python313\Lib\asyncio\proactor_events.py", line 109, in close
    self._loop.call_soon(self._call_connection_lost, None)
    ~~~~~~~~~~~~~~~~~~~~^^^^^^^^^^^^^^^^^^^^^^^^^^^^^^^^^^
  File "C:\Python313\Lib\asyncio\base_events.py", line 828, in call_soon
    self._check_closed()
    ~~~~~~~~~~~~~~~~~~^^
  File "C:\Python313\Lib\asyncio\base_events.py", line 551, in _check_closed
    raise RuntimeError('Event loop is closed')
RuntimeError: Event loop is closed
INFO:regular_website_pipeline:  🤖 Starting DeepSeek analysis...
INFO:simple_llm_analysis:  ⏳ Initializing DeepSeek client...
INFO:simple_llm_analysis:  ⏱️ DeepSeek client initialized in 1.93 seconds
INFO:httpx:HTTP Request: POST https://api.deepseek.com/chat/completions "HTTP/1.1 200 OK"
INFO:regular_website_pipeline:  ✓ Analysis complete. Found 0 opportunities.
ERROR:asyncio:Task exception was never retrieved
future: <Task finished name='Task-2485' coro=<AsyncClient.aclose() done, defined at C:\Users\jimcr\AppData\Roaming\Python\Python313\site-packages\httpx\_client.py:1996> exception=RuntimeError('Event loop is closed')>
Traceback (most recent call last):
  File "C:\Users\jimcr\AppData\Roaming\Python\Python313\site-packages\httpx\_client.py", line 2003, in aclose
    await self._transport.aclose()
  File "C:\Users\jimcr\AppData\Roaming\Python\Python313\site-packages\httpx\_transports\default.py", line 383, in aclose
    await self._pool.aclose()
  File "C:\Users\jimcr\AppData\Roaming\Python\Python313\site-packages\httpcore\_async\connection_pool.py", line 353, in aclose
    await self._close_connections(closing_connections)
  File "C:\Users\jimcr\AppData\Roaming\Python\Python313\site-packages\httpcore\_async\connection_pool.py", line 345, in _close_connections
    await connection.aclose()
  File "C:\Users\jimcr\AppData\Roaming\Python\Python313\site-packages\httpcore\_async\connection.py", line 173, in aclose
    await self._connection.aclose()
  File "C:\Users\jimcr\AppData\Roaming\Python\Python313\site-packages\httpcore\_async\http11.py", line 258, in aclose
    await self._network_stream.aclose()
  File "C:\Users\jimcr\AppData\Roaming\Python\Python313\site-packages\httpcore\_backends\anyio.py", line 53, in aclose
    await self._stream.aclose()
  File "C:\Users\jimcr\AppData\Roaming\Python\Python313\site-packages\anyio\streams\tls.py", line 236, in aclose
    await self.transport_stream.aclose()
  File "C:\Users\jimcr\AppData\Roaming\Python\Python313\site-packages\anyio\_backends\_asyncio.py", line 1344, in aclose
    self._transport.close()
    ~~~~~~~~~~~~~~~~~~~~~^^
  File "C:\Python313\Lib\asyncio\proactor_events.py", line 109, in close
    self._loop.call_soon(self._call_connection_lost, None)
    ~~~~~~~~~~~~~~~~~~~~^^^^^^^^^^^^^^^^^^^^^^^^^^^^^^^^^^
  File "C:\Python313\Lib\asyncio\base_events.py", line 828, in call_soon
    self._check_closed()
    ~~~~~~~~~~~~~~~~~~^^
  File "C:\Python313\Lib\asyncio\base_events.py", line 551, in _check_closed
    raise RuntimeError('Event loop is closed')
RuntimeError: Event loop is closed
INFO:regular_website_pipeline:  🤖 Starting DeepSeek analysis...
INFO:simple_llm_analysis:  ⏳ Initializing DeepSeek client...
INFO:simple_llm_analysis:  ⏱️ DeepSeek client initialized in 1.52 seconds
INFO:httpx:HTTP Request: POST https://api.deepseek.com/chat/completions "HTTP/1.1 200 OK"
INFO:regular_website_pipeline:  ✓ Analysis complete. Found 1 opportunities.
ERROR:asyncio:Task exception was never retrieved
future: <Task finished name='Task-2512' coro=<AsyncClient.aclose() done, defined at C:\Users\jimcr\AppData\Roaming\Python\Python313\site-packages\httpx\_client.py:1996> exception=RuntimeError('Event loop is closed')>
Traceback (most recent call last):
  File "C:\Users\jimcr\AppData\Roaming\Python\Python313\site-packages\httpx\_client.py", line 2003, in aclose
    await self._transport.aclose()
  File "C:\Users\jimcr\AppData\Roaming\Python\Python313\site-packages\httpx\_transports\default.py", line 383, in aclose
    await self._pool.aclose()
  File "C:\Users\jimcr\AppData\Roaming\Python\Python313\site-packages\httpcore\_async\connection_pool.py", line 353, in aclose
    await self._close_connections(closing_connections)
  File "C:\Users\jimcr\AppData\Roaming\Python\Python313\site-packages\httpcore\_async\connection_pool.py", line 345, in _close_connections
    await connection.aclose()
  File "C:\Users\jimcr\AppData\Roaming\Python\Python313\site-packages\httpcore\_async\connection.py", line 173, in aclose
    await self._connection.aclose()
  File "C:\Users\jimcr\AppData\Roaming\Python\Python313\site-packages\httpcore\_async\http11.py", line 258, in aclose
    await self._network_stream.aclose()
  File "C:\Users\jimcr\AppData\Roaming\Python\Python313\site-packages\httpcore\_backends\anyio.py", line 53, in aclose
    await self._stream.aclose()
  File "C:\Users\jimcr\AppData\Roaming\Python\Python313\site-packages\anyio\streams\tls.py", line 236, in aclose
    await self.transport_stream.aclose()
  File "C:\Users\jimcr\AppData\Roaming\Python\Python313\site-packages\anyio\_backends\_asyncio.py", line 1344, in aclose
    self._transport.close()
    ~~~~~~~~~~~~~~~~~~~~~^^
  File "C:\Python313\Lib\asyncio\proactor_events.py", line 109, in close
    self._loop.call_soon(self._call_connection_lost, None)
    ~~~~~~~~~~~~~~~~~~~~^^^^^^^^^^^^^^^^^^^^^^^^^^^^^^^^^^
  File "C:\Python313\Lib\asyncio\base_events.py", line 828, in call_soon
    self._check_closed()
    ~~~~~~~~~~~~~~~~~~^^
  File "C:\Python313\Lib\asyncio\base_events.py", line 551, in _check_closed
    raise RuntimeError('Event loop is closed')
RuntimeError: Event loop is closed
INFO:regular_website_pipeline:  🤖 Starting DeepSeek analysis...
INFO:simple_llm_analysis:  ⏳ Initializing DeepSeek client...
INFO:simple_llm_analysis:  ⏱️ DeepSeek client initialized in 2.70 seconds
INFO:httpx:HTTP Request: POST https://api.deepseek.com/chat/completions "HTTP/1.1 200 OK"
INFO:regular_website_pipeline:  ✓ Analysis complete. Found 12 opportunities.
ERROR:asyncio:Task exception was never retrieved
future: <Task finished name='Task-2543' coro=<AsyncClient.aclose() done, defined at C:\Users\jimcr\AppData\Roaming\Python\Python313\site-packages\httpx\_client.py:1996> exception=RuntimeError('Event loop is closed')>
Traceback (most recent call last):
  File "C:\Users\jimcr\AppData\Roaming\Python\Python313\site-packages\httpx\_client.py", line 2003, in aclose
    await self._transport.aclose()
  File "C:\Users\jimcr\AppData\Roaming\Python\Python313\site-packages\httpx\_transports\default.py", line 383, in aclose
    await self._pool.aclose()
  File "C:\Users\jimcr\AppData\Roaming\Python\Python313\site-packages\httpcore\_async\connection_pool.py", line 353, in aclose
    await self._close_connections(closing_connections)
  File "C:\Users\jimcr\AppData\Roaming\Python\Python313\site-packages\httpcore\_async\connection_pool.py", line 345, in _close_connections
    await connection.aclose()
  File "C:\Users\jimcr\AppData\Roaming\Python\Python313\site-packages\httpcore\_async\connection.py", line 173, in aclose
    await self._connection.aclose()
  File "C:\Users\jimcr\AppData\Roaming\Python\Python313\site-packages\httpcore\_async\http11.py", line 258, in aclose
    await self._network_stream.aclose()
  File "C:\Users\jimcr\AppData\Roaming\Python\Python313\site-packages\httpcore\_backends\anyio.py", line 53, in aclose
    await self._stream.aclose()
  File "C:\Users\jimcr\AppData\Roaming\Python\Python313\site-packages\anyio\streams\tls.py", line 236, in aclose
    await self.transport_stream.aclose()
  File "C:\Users\jimcr\AppData\Roaming\Python\Python313\site-packages\anyio\_backends\_asyncio.py", line 1344, in aclose
    self._transport.close()
    ~~~~~~~~~~~~~~~~~~~~~^^
  File "C:\Python313\Lib\asyncio\proactor_events.py", line 109, in close
    self._loop.call_soon(self._call_connection_lost, None)
    ~~~~~~~~~~~~~~~~~~~~^^^^^^^^^^^^^^^^^^^^^^^^^^^^^^^^^^
  File "C:\Python313\Lib\asyncio\base_events.py", line 828, in call_soon
    self._check_closed()
    ~~~~~~~~~~~~~~~~~~^^
  File "C:\Python313\Lib\asyncio\base_events.py", line 551, in _check_closed
    raise RuntimeError('Event loop is closed')
RuntimeError: Event loop is closed
INFO:regular_website_pipeline:  🤖 Starting DeepSeek analysis...
INFO:simple_llm_analysis:  ⏳ Initializing DeepSeek client...
INFO:simple_llm_analysis:  ⏱️ DeepSeek client initialized in 2.71 seconds
INFO:httpx:HTTP Request: POST https://api.deepseek.com/chat/completions "HTTP/1.1 200 OK"
INFO:regular_website_pipeline:  ✓ Analysis complete. Found 0 opportunities.
ERROR:asyncio:Task exception was never retrieved
future: <Task finished name='Task-2566' coro=<AsyncClient.aclose() done, defined at C:\Users\jimcr\AppData\Roaming\Python\Python313\site-packages\httpx\_client.py:1996> exception=RuntimeError('Event loop is closed')>
Traceback (most recent call last):
  File "C:\Users\jimcr\AppData\Roaming\Python\Python313\site-packages\httpx\_client.py", line 2003, in aclose
    await self._transport.aclose()
  File "C:\Users\jimcr\AppData\Roaming\Python\Python313\site-packages\httpx\_transports\default.py", line 383, in aclose
    await self._pool.aclose()
  File "C:\Users\jimcr\AppData\Roaming\Python\Python313\site-packages\httpcore\_async\connection_pool.py", line 353, in aclose
    await self._close_connections(closing_connections)
  File "C:\Users\jimcr\AppData\Roaming\Python\Python313\site-packages\httpcore\_async\connection_pool.py", line 345, in _close_connections
    await connection.aclose()
  File "C:\Users\jimcr\AppData\Roaming\Python\Python313\site-packages\httpcore\_async\connection.py", line 173, in aclose
    await self._connection.aclose()
  File "C:\Users\jimcr\AppData\Roaming\Python\Python313\site-packages\httpcore\_async\http11.py", line 258, in aclose
    await self._network_stream.aclose()
  File "C:\Users\jimcr\AppData\Roaming\Python\Python313\site-packages\httpcore\_backends\anyio.py", line 53, in aclose
    await self._stream.aclose()
  File "C:\Users\jimcr\AppData\Roaming\Python\Python313\site-packages\anyio\streams\tls.py", line 236, in aclose
    await self.transport_stream.aclose()
  File "C:\Users\jimcr\AppData\Roaming\Python\Python313\site-packages\anyio\_backends\_asyncio.py", line 1344, in aclose
    self._transport.close()
    ~~~~~~~~~~~~~~~~~~~~~^^
  File "C:\Python313\Lib\asyncio\proactor_events.py", line 109, in close
    self._loop.call_soon(self._call_connection_lost, None)
    ~~~~~~~~~~~~~~~~~~~~^^^^^^^^^^^^^^^^^^^^^^^^^^^^^^^^^^
  File "C:\Python313\Lib\asyncio\base_events.py", line 828, in call_soon
    self._check_closed()
    ~~~~~~~~~~~~~~~~~~^^
  File "C:\Python313\Lib\asyncio\base_events.py", line 551, in _check_closed
    raise RuntimeError('Event loop is closed')
RuntimeError: Event loop is closed
INFO:regular_website_pipeline:  🤖 Starting DeepSeek analysis...
INFO:simple_llm_analysis:  ⏳ Initializing DeepSeek client...
INFO:simple_llm_analysis:  ⏱️ DeepSeek client initialized in 2.43 seconds
INFO:httpx:HTTP Request: POST https://api.deepseek.com/chat/completions "HTTP/1.1 200 OK"
INFO:regular_website_pipeline:  ✓ Analysis complete. Found 0 opportunities.
ERROR:asyncio:Task exception was never retrieved
future: <Task finished name='Task-2590' coro=<AsyncClient.aclose() done, defined at C:\Users\jimcr\AppData\Roaming\Python\Python313\site-packages\httpx\_client.py:1996> exception=RuntimeError('Event loop is closed')>
Traceback (most recent call last):
  File "C:\Users\jimcr\AppData\Roaming\Python\Python313\site-packages\httpx\_client.py", line 2003, in aclose
    await self._transport.aclose()
  File "C:\Users\jimcr\AppData\Roaming\Python\Python313\site-packages\httpx\_transports\default.py", line 383, in aclose
    await self._pool.aclose()
  File "C:\Users\jimcr\AppData\Roaming\Python\Python313\site-packages\httpcore\_async\connection_pool.py", line 353, in aclose
    await self._close_connections(closing_connections)
  File "C:\Users\jimcr\AppData\Roaming\Python\Python313\site-packages\httpcore\_async\connection_pool.py", line 345, in _close_connections
    await connection.aclose()
  File "C:\Users\jimcr\AppData\Roaming\Python\Python313\site-packages\httpcore\_async\connection.py", line 173, in aclose
    await self._connection.aclose()
  File "C:\Users\jimcr\AppData\Roaming\Python\Python313\site-packages\httpcore\_async\http11.py", line 258, in aclose
    await self._network_stream.aclose()
  File "C:\Users\jimcr\AppData\Roaming\Python\Python313\site-packages\httpcore\_backends\anyio.py", line 53, in aclose
    await self._stream.aclose()
  File "C:\Users\jimcr\AppData\Roaming\Python\Python313\site-packages\anyio\streams\tls.py", line 236, in aclose
    await self.transport_stream.aclose()
  File "C:\Users\jimcr\AppData\Roaming\Python\Python313\site-packages\anyio\_backends\_asyncio.py", line 1344, in aclose
    self._transport.close()
    ~~~~~~~~~~~~~~~~~~~~~^^
  File "C:\Python313\Lib\asyncio\proactor_events.py", line 109, in close
    self._loop.call_soon(self._call_connection_lost, None)
    ~~~~~~~~~~~~~~~~~~~~^^^^^^^^^^^^^^^^^^^^^^^^^^^^^^^^^^
  File "C:\Python313\Lib\asyncio\base_events.py", line 828, in call_soon
    self._check_closed()
    ~~~~~~~~~~~~~~~~~~^^
  File "C:\Python313\Lib\asyncio\base_events.py", line 551, in _check_closed
    raise RuntimeError('Event loop is closed')
RuntimeError: Event loop is closed
INFO:regular_website_pipeline:  🤖 Starting DeepSeek analysis...
INFO:simple_llm_analysis:  ⏳ Initializing DeepSeek client...
INFO:simple_llm_analysis:  ⏱️ DeepSeek client initialized in 2.65 seconds
INFO:httpx:HTTP Request: POST https://api.deepseek.com/chat/completions "HTTP/1.1 200 OK"
INFO:regular_website_pipeline:  ✓ Analysis complete. Found 0 opportunities.
ERROR:asyncio:Task exception was never retrieved
future: <Task finished name='Task-2614' coro=<AsyncClient.aclose() done, defined at C:\Users\jimcr\AppData\Roaming\Python\Python313\site-packages\httpx\_client.py:1996> exception=RuntimeError('Event loop is closed')>
Traceback (most recent call last):
  File "C:\Users\jimcr\AppData\Roaming\Python\Python313\site-packages\httpx\_client.py", line 2003, in aclose
    await self._transport.aclose()
  File "C:\Users\jimcr\AppData\Roaming\Python\Python313\site-packages\httpx\_transports\default.py", line 383, in aclose
    await self._pool.aclose()
  File "C:\Users\jimcr\AppData\Roaming\Python\Python313\site-packages\httpcore\_async\connection_pool.py", line 353, in aclose
    await self._close_connections(closing_connections)
  File "C:\Users\jimcr\AppData\Roaming\Python\Python313\site-packages\httpcore\_async\connection_pool.py", line 345, in _close_connections
    await connection.aclose()
  File "C:\Users\jimcr\AppData\Roaming\Python\Python313\site-packages\httpcore\_async\connection.py", line 173, in aclose
    await self._connection.aclose()
  File "C:\Users\jimcr\AppData\Roaming\Python\Python313\site-packages\httpcore\_async\http11.py", line 258, in aclose
    await self._network_stream.aclose()
  File "C:\Users\jimcr\AppData\Roaming\Python\Python313\site-packages\httpcore\_backends\anyio.py", line 53, in aclose
    await self._stream.aclose()
  File "C:\Users\jimcr\AppData\Roaming\Python\Python313\site-packages\anyio\streams\tls.py", line 236, in aclose
    await self.transport_stream.aclose()
  File "C:\Users\jimcr\AppData\Roaming\Python\Python313\site-packages\anyio\_backends\_asyncio.py", line 1344, in aclose
    self._transport.close()
    ~~~~~~~~~~~~~~~~~~~~~^^
  File "C:\Python313\Lib\asyncio\proactor_events.py", line 109, in close
    self._loop.call_soon(self._call_connection_lost, None)
    ~~~~~~~~~~~~~~~~~~~~^^^^^^^^^^^^^^^^^^^^^^^^^^^^^^^^^^
  File "C:\Python313\Lib\asyncio\base_events.py", line 828, in call_soon
    self._check_closed()
    ~~~~~~~~~~~~~~~~~~^^
  File "C:\Python313\Lib\asyncio\base_events.py", line 551, in _check_closed
    raise RuntimeError('Event loop is closed')
RuntimeError: Event loop is closed
INFO:regular_website_pipeline:  🤖 Starting DeepSeek analysis...
INFO:simple_llm_analysis:  ⏳ Initializing DeepSeek client...
INFO:simple_llm_analysis:  ⏱️ DeepSeek client initialized in 1.91 seconds
INFO:httpx:HTTP Request: POST https://api.deepseek.com/chat/completions "HTTP/1.1 200 OK"
INFO:regular_website_pipeline:  ✓ Analysis complete. Found 1 opportunities.
ERROR:asyncio:Task exception was never retrieved
future: <Task finished name='Task-2639' coro=<AsyncClient.aclose() done, defined at C:\Users\jimcr\AppData\Roaming\Python\Python313\site-packages\httpx\_client.py:1996> exception=RuntimeError('Event loop is closed')>
Traceback (most recent call last):
  File "C:\Users\jimcr\AppData\Roaming\Python\Python313\site-packages\httpx\_client.py", line 2003, in aclose
    await self._transport.aclose()
  File "C:\Users\jimcr\AppData\Roaming\Python\Python313\site-packages\httpx\_transports\default.py", line 383, in aclose
    await self._pool.aclose()
  File "C:\Users\jimcr\AppData\Roaming\Python\Python313\site-packages\httpcore\_async\connection_pool.py", line 353, in aclose
    await self._close_connections(closing_connections)
  File "C:\Users\jimcr\AppData\Roaming\Python\Python313\site-packages\httpcore\_async\connection_pool.py", line 345, in _close_connections
    await connection.aclose()
  File "C:\Users\jimcr\AppData\Roaming\Python\Python313\site-packages\httpcore\_async\connection.py", line 173, in aclose
    await self._connection.aclose()
  File "C:\Users\jimcr\AppData\Roaming\Python\Python313\site-packages\httpcore\_async\http11.py", line 258, in aclose
    await self._network_stream.aclose()
  File "C:\Users\jimcr\AppData\Roaming\Python\Python313\site-packages\httpcore\_backends\anyio.py", line 53, in aclose
    await self._stream.aclose()
  File "C:\Users\jimcr\AppData\Roaming\Python\Python313\site-packages\anyio\streams\tls.py", line 236, in aclose
    await self.transport_stream.aclose()
  File "C:\Users\jimcr\AppData\Roaming\Python\Python313\site-packages\anyio\_backends\_asyncio.py", line 1344, in aclose
    self._transport.close()
    ~~~~~~~~~~~~~~~~~~~~~^^
  File "C:\Python313\Lib\asyncio\proactor_events.py", line 109, in close
    self._loop.call_soon(self._call_connection_lost, None)
    ~~~~~~~~~~~~~~~~~~~~^^^^^^^^^^^^^^^^^^^^^^^^^^^^^^^^^^
  File "C:\Python313\Lib\asyncio\base_events.py", line 828, in call_soon
    self._check_closed()
    ~~~~~~~~~~~~~~~~~~^^
  File "C:\Python313\Lib\asyncio\base_events.py", line 551, in _check_closed
    raise RuntimeError('Event loop is closed')
RuntimeError: Event loop is closed
INFO:regular_website_pipeline:  🤖 Starting DeepSeek analysis...
INFO:simple_llm_analysis:  ⏳ Initializing DeepSeek client...
INFO:simple_llm_analysis:  ⏱️ DeepSeek client initialized in 1.67 seconds
INFO:httpx:HTTP Request: POST https://api.deepseek.com/chat/completions "HTTP/1.1 200 OK"
INFO:regular_website_pipeline:  ✓ Analysis complete. Found 1 opportunities.
ERROR:asyncio:Task exception was never retrieved
future: <Task finished name='Task-2666' coro=<AsyncClient.aclose() done, defined at C:\Users\jimcr\AppData\Roaming\Python\Python313\site-packages\httpx\_client.py:1996> exception=RuntimeError('Event loop is closed')>
Traceback (most recent call last):
  File "C:\Users\jimcr\AppData\Roaming\Python\Python313\site-packages\httpx\_client.py", line 2003, in aclose
    await self._transport.aclose()
  File "C:\Users\jimcr\AppData\Roaming\Python\Python313\site-packages\httpx\_transports\default.py", line 383, in aclose
    await self._pool.aclose()
  File "C:\Users\jimcr\AppData\Roaming\Python\Python313\site-packages\httpcore\_async\connection_pool.py", line 353, in aclose
    await self._close_connections(closing_connections)
  File "C:\Users\jimcr\AppData\Roaming\Python\Python313\site-packages\httpcore\_async\connection_pool.py", line 345, in _close_connections
    await connection.aclose()
  File "C:\Users\jimcr\AppData\Roaming\Python\Python313\site-packages\httpcore\_async\connection.py", line 173, in aclose
    await self._connection.aclose()
  File "C:\Users\jimcr\AppData\Roaming\Python\Python313\site-packages\httpcore\_async\http11.py", line 258, in aclose
    await self._network_stream.aclose()
  File "C:\Users\jimcr\AppData\Roaming\Python\Python313\site-packages\httpcore\_backends\anyio.py", line 53, in aclose
    await self._stream.aclose()
  File "C:\Users\jimcr\AppData\Roaming\Python\Python313\site-packages\anyio\streams\tls.py", line 236, in aclose
    await self.transport_stream.aclose()
  File "C:\Users\jimcr\AppData\Roaming\Python\Python313\site-packages\anyio\_backends\_asyncio.py", line 1344, in aclose
    self._transport.close()
    ~~~~~~~~~~~~~~~~~~~~~^^
  File "C:\Python313\Lib\asyncio\proactor_events.py", line 109, in close
    self._loop.call_soon(self._call_connection_lost, None)
    ~~~~~~~~~~~~~~~~~~~~^^^^^^^^^^^^^^^^^^^^^^^^^^^^^^^^^^
  File "C:\Python313\Lib\asyncio\base_events.py", line 828, in call_soon
    self._check_closed()
    ~~~~~~~~~~~~~~~~~~^^
  File "C:\Python313\Lib\asyncio\base_events.py", line 551, in _check_closed
    raise RuntimeError('Event loop is closed')
RuntimeError: Event loop is closed
INFO:regular_website_pipeline:  🤖 Starting DeepSeek analysis...
INFO:simple_llm_analysis:  ⏳ Initializing DeepSeek client...
INFO:simple_llm_analysis:  ⏱️ DeepSeek client initialized in 1.84 seconds
INFO:httpx:HTTP Request: POST https://api.deepseek.com/chat/completions "HTTP/1.1 200 OK"
INFO:regular_website_pipeline:  ✓ Analysis complete. Found 1 opportunities.
ERROR:asyncio:Task exception was never retrieved
future: <Task finished name='Task-2690' coro=<AsyncClient.aclose() done, defined at C:\Users\jimcr\AppData\Roaming\Python\Python313\site-packages\httpx\_client.py:1996> exception=RuntimeError('Event loop is closed')>
Traceback (most recent call last):
  File "C:\Users\jimcr\AppData\Roaming\Python\Python313\site-packages\httpx\_client.py", line 2003, in aclose
    await self._transport.aclose()
  File "C:\Users\jimcr\AppData\Roaming\Python\Python313\site-packages\httpx\_transports\default.py", line 383, in aclose
    await self._pool.aclose()
  File "C:\Users\jimcr\AppData\Roaming\Python\Python313\site-packages\httpcore\_async\connection_pool.py", line 353, in aclose
    await self._close_connections(closing_connections)
  File "C:\Users\jimcr\AppData\Roaming\Python\Python313\site-packages\httpcore\_async\connection_pool.py", line 345, in _close_connections
    await connection.aclose()
  File "C:\Users\jimcr\AppData\Roaming\Python\Python313\site-packages\httpcore\_async\connection.py", line 173, in aclose
    await self._connection.aclose()
  File "C:\Users\jimcr\AppData\Roaming\Python\Python313\site-packages\httpcore\_async\http11.py", line 258, in aclose
    await self._network_stream.aclose()
  File "C:\Users\jimcr\AppData\Roaming\Python\Python313\site-packages\httpcore\_backends\anyio.py", line 53, in aclose
    await self._stream.aclose()
  File "C:\Users\jimcr\AppData\Roaming\Python\Python313\site-packages\anyio\streams\tls.py", line 236, in aclose
    await self.transport_stream.aclose()
  File "C:\Users\jimcr\AppData\Roaming\Python\Python313\site-packages\anyio\_backends\_asyncio.py", line 1344, in aclose
    self._transport.close()
    ~~~~~~~~~~~~~~~~~~~~~^^
  File "C:\Python313\Lib\asyncio\proactor_events.py", line 109, in close
    self._loop.call_soon(self._call_connection_lost, None)
    ~~~~~~~~~~~~~~~~~~~~^^^^^^^^^^^^^^^^^^^^^^^^^^^^^^^^^^
  File "C:\Python313\Lib\asyncio\base_events.py", line 828, in call_soon
    self._check_closed()
    ~~~~~~~~~~~~~~~~~~^^
  File "C:\Python313\Lib\asyncio\base_events.py", line 551, in _check_closed
    raise RuntimeError('Event loop is closed')
RuntimeError: Event loop is closed
INFO:regular_website_pipeline:  🤖 Starting DeepSeek analysis...
INFO:simple_llm_analysis:  ⏳ Initializing DeepSeek client...
INFO:simple_llm_analysis:  ⏱️ DeepSeek client initialized in 1.87 seconds
INFO:httpx:HTTP Request: POST https://api.deepseek.com/chat/completions "HTTP/1.1 200 OK"
INFO:regular_website_pipeline:  ✓ Analysis complete. Found 0 opportunities.
ERROR:asyncio:Task exception was never retrieved
future: <Task finished name='Task-2714' coro=<AsyncClient.aclose() done, defined at C:\Users\jimcr\AppData\Roaming\Python\Python313\site-packages\httpx\_client.py:1996> exception=RuntimeError('Event loop is closed')>
Traceback (most recent call last):
  File "C:\Users\jimcr\AppData\Roaming\Python\Python313\site-packages\httpx\_client.py", line 2003, in aclose
    await self._transport.aclose()
  File "C:\Users\jimcr\AppData\Roaming\Python\Python313\site-packages\httpx\_transports\default.py", line 383, in aclose
    await self._pool.aclose()
  File "C:\Users\jimcr\AppData\Roaming\Python\Python313\site-packages\httpcore\_async\connection_pool.py", line 353, in aclose
    await self._close_connections(closing_connections)
  File "C:\Users\jimcr\AppData\Roaming\Python\Python313\site-packages\httpcore\_async\connection_pool.py", line 345, in _close_connections
    await connection.aclose()
  File "C:\Users\jimcr\AppData\Roaming\Python\Python313\site-packages\httpcore\_async\connection.py", line 173, in aclose
    await self._connection.aclose()
  File "C:\Users\jimcr\AppData\Roaming\Python\Python313\site-packages\httpcore\_async\http11.py", line 258, in aclose
    await self._network_stream.aclose()
  File "C:\Users\jimcr\AppData\Roaming\Python\Python313\site-packages\httpcore\_backends\anyio.py", line 53, in aclose
    await self._stream.aclose()
  File "C:\Users\jimcr\AppData\Roaming\Python\Python313\site-packages\anyio\streams\tls.py", line 236, in aclose
    await self.transport_stream.aclose()
  File "C:\Users\jimcr\AppData\Roaming\Python\Python313\site-packages\anyio\_backends\_asyncio.py", line 1344, in aclose
    self._transport.close()
    ~~~~~~~~~~~~~~~~~~~~~^^
  File "C:\Python313\Lib\asyncio\proactor_events.py", line 109, in close
    self._loop.call_soon(self._call_connection_lost, None)
    ~~~~~~~~~~~~~~~~~~~~^^^^^^^^^^^^^^^^^^^^^^^^^^^^^^^^^^
  File "C:\Python313\Lib\asyncio\base_events.py", line 828, in call_soon
    self._check_closed()
    ~~~~~~~~~~~~~~~~~~^^
  File "C:\Python313\Lib\asyncio\base_events.py", line 551, in _check_closed
    raise RuntimeError('Event loop is closed')
RuntimeError: Event loop is closed
INFO:regular_website_pipeline:  🤖 Starting DeepSeek analysis...
INFO:simple_llm_analysis:  ⏳ Initializing DeepSeek client...
INFO:simple_llm_analysis:  ⏱️ DeepSeek client initialized in 1.99 seconds
INFO:httpx:HTTP Request: POST https://api.deepseek.com/chat/completions "HTTP/1.1 200 OK"
INFO:regular_website_pipeline:  ✓ Analysis complete. Found 0 opportunities.
ERROR:asyncio:Task exception was never retrieved
future: <Task finished name='Task-2741' coro=<AsyncClient.aclose() done, defined at C:\Users\jimcr\AppData\Roaming\Python\Python313\site-packages\httpx\_client.py:1996> exception=RuntimeError('Event loop is closed')>
Traceback (most recent call last):
  File "C:\Users\jimcr\AppData\Roaming\Python\Python313\site-packages\httpx\_client.py", line 2003, in aclose
    await self._transport.aclose()
  File "C:\Users\jimcr\AppData\Roaming\Python\Python313\site-packages\httpx\_transports\default.py", line 383, in aclose
    await self._pool.aclose()
  File "C:\Users\jimcr\AppData\Roaming\Python\Python313\site-packages\httpcore\_async\connection_pool.py", line 353, in aclose
    await self._close_connections(closing_connections)
  File "C:\Users\jimcr\AppData\Roaming\Python\Python313\site-packages\httpcore\_async\connection_pool.py", line 345, in _close_connections
    await connection.aclose()
  File "C:\Users\jimcr\AppData\Roaming\Python\Python313\site-packages\httpcore\_async\connection.py", line 173, in aclose
    await self._connection.aclose()
  File "C:\Users\jimcr\AppData\Roaming\Python\Python313\site-packages\httpcore\_async\http11.py", line 258, in aclose
    await self._network_stream.aclose()
  File "C:\Users\jimcr\AppData\Roaming\Python\Python313\site-packages\httpcore\_backends\anyio.py", line 53, in aclose
    await self._stream.aclose()
  File "C:\Users\jimcr\AppData\Roaming\Python\Python313\site-packages\anyio\streams\tls.py", line 236, in aclose
    await self.transport_stream.aclose()
  File "C:\Users\jimcr\AppData\Roaming\Python\Python313\site-packages\anyio\_backends\_asyncio.py", line 1344, in aclose
    self._transport.close()
    ~~~~~~~~~~~~~~~~~~~~~^^
  File "C:\Python313\Lib\asyncio\proactor_events.py", line 109, in close
    self._loop.call_soon(self._call_connection_lost, None)
    ~~~~~~~~~~~~~~~~~~~~^^^^^^^^^^^^^^^^^^^^^^^^^^^^^^^^^^
  File "C:\Python313\Lib\asyncio\base_events.py", line 828, in call_soon
    self._check_closed()
    ~~~~~~~~~~~~~~~~~~^^
  File "C:\Python313\Lib\asyncio\base_events.py", line 551, in _check_closed
    raise RuntimeError('Event loop is closed')
RuntimeError: Event loop is closed
INFO:regular_website_pipeline:  🤖 Starting DeepSeek analysis...
INFO:simple_llm_analysis:  ⏳ Initializing DeepSeek client...
INFO:simple_llm_analysis:  ⏱️ DeepSeek client initialized in 1.75 seconds
INFO:httpx:HTTP Request: POST https://api.deepseek.com/chat/completions "HTTP/1.1 200 OK"
INFO:regular_website_pipeline:  ✓ Analysis complete. Found 0 opportunities.
ERROR:asyncio:Task exception was never retrieved
future: <Task finished name='Task-2765' coro=<AsyncClient.aclose() done, defined at C:\Users\jimcr\AppData\Roaming\Python\Python313\site-packages\httpx\_client.py:1996> exception=RuntimeError('Event loop is closed')>
Traceback (most recent call last):
  File "C:\Users\jimcr\AppData\Roaming\Python\Python313\site-packages\httpx\_client.py", line 2003, in aclose
    await self._transport.aclose()
  File "C:\Users\jimcr\AppData\Roaming\Python\Python313\site-packages\httpx\_transports\default.py", line 383, in aclose
    await self._pool.aclose()
  File "C:\Users\jimcr\AppData\Roaming\Python\Python313\site-packages\httpcore\_async\connection_pool.py", line 353, in aclose
    await self._close_connections(closing_connections)
  File "C:\Users\jimcr\AppData\Roaming\Python\Python313\site-packages\httpcore\_async\connection_pool.py", line 345, in _close_connections
    await connection.aclose()
  File "C:\Users\jimcr\AppData\Roaming\Python\Python313\site-packages\httpcore\_async\connection.py", line 173, in aclose
    await self._connection.aclose()
  File "C:\Users\jimcr\AppData\Roaming\Python\Python313\site-packages\httpcore\_async\http11.py", line 258, in aclose
    await self._network_stream.aclose()
  File "C:\Users\jimcr\AppData\Roaming\Python\Python313\site-packages\httpcore\_backends\anyio.py", line 53, in aclose
    await self._stream.aclose()
  File "C:\Users\jimcr\AppData\Roaming\Python\Python313\site-packages\anyio\streams\tls.py", line 236, in aclose
    await self.transport_stream.aclose()
  File "C:\Users\jimcr\AppData\Roaming\Python\Python313\site-packages\anyio\_backends\_asyncio.py", line 1344, in aclose
    self._transport.close()
    ~~~~~~~~~~~~~~~~~~~~~^^
  File "C:\Python313\Lib\asyncio\proactor_events.py", line 109, in close
    self._loop.call_soon(self._call_connection_lost, None)
    ~~~~~~~~~~~~~~~~~~~~^^^^^^^^^^^^^^^^^^^^^^^^^^^^^^^^^^
  File "C:\Python313\Lib\asyncio\base_events.py", line 828, in call_soon
    self._check_closed()
    ~~~~~~~~~~~~~~~~~~^^
  File "C:\Python313\Lib\asyncio\base_events.py", line 551, in _check_closed
    raise RuntimeError('Event loop is closed')
RuntimeError: Event loop is closed
INFO:regular_website_pipeline:  🤖 Starting DeepSeek analysis...
INFO:simple_llm_analysis:  ⏳ Initializing DeepSeek client...
INFO:simple_llm_analysis:  ⏱️ DeepSeek client initialized in 2.06 seconds
INFO:httpx:HTTP Request: POST https://api.deepseek.com/chat/completions "HTTP/1.1 200 OK"
INFO:regular_website_pipeline:  ✓ Analysis complete. Found 4 opportunities.
ERROR:asyncio:Task exception was never retrieved
future: <Task finished name='Task-2789' coro=<AsyncClient.aclose() done, defined at C:\Users\jimcr\AppData\Roaming\Python\Python313\site-packages\httpx\_client.py:1996> exception=RuntimeError('Event loop is closed')>
Traceback (most recent call last):
  File "C:\Users\jimcr\AppData\Roaming\Python\Python313\site-packages\httpx\_client.py", line 2003, in aclose
    await self._transport.aclose()
  File "C:\Users\jimcr\AppData\Roaming\Python\Python313\site-packages\httpx\_transports\default.py", line 383, in aclose
    await self._pool.aclose()
  File "C:\Users\jimcr\AppData\Roaming\Python\Python313\site-packages\httpcore\_async\connection_pool.py", line 353, in aclose
    await self._close_connections(closing_connections)
  File "C:\Users\jimcr\AppData\Roaming\Python\Python313\site-packages\httpcore\_async\connection_pool.py", line 345, in _close_connections
    await connection.aclose()
  File "C:\Users\jimcr\AppData\Roaming\Python\Python313\site-packages\httpcore\_async\connection.py", line 173, in aclose
    await self._connection.aclose()
  File "C:\Users\jimcr\AppData\Roaming\Python\Python313\site-packages\httpcore\_async\http11.py", line 258, in aclose
    await self._network_stream.aclose()
  File "C:\Users\jimcr\AppData\Roaming\Python\Python313\site-packages\httpcore\_backends\anyio.py", line 53, in aclose
    await self._stream.aclose()
  File "C:\Users\jimcr\AppData\Roaming\Python\Python313\site-packages\anyio\streams\tls.py", line 236, in aclose
    await self.transport_stream.aclose()
  File "C:\Users\jimcr\AppData\Roaming\Python\Python313\site-packages\anyio\_backends\_asyncio.py", line 1344, in aclose
    self._transport.close()
    ~~~~~~~~~~~~~~~~~~~~~^^
  File "C:\Python313\Lib\asyncio\proactor_events.py", line 109, in close
    self._loop.call_soon(self._call_connection_lost, None)
    ~~~~~~~~~~~~~~~~~~~~^^^^^^^^^^^^^^^^^^^^^^^^^^^^^^^^^^
  File "C:\Python313\Lib\asyncio\base_events.py", line 828, in call_soon
    self._check_closed()
    ~~~~~~~~~~~~~~~~~~^^
  File "C:\Python313\Lib\asyncio\base_events.py", line 551, in _check_closed
    raise RuntimeError('Event loop is closed')
RuntimeError: Event loop is closed
INFO:regular_website_pipeline:  🤖 Starting DeepSeek analysis...
INFO:simple_llm_analysis:  ⏳ Initializing DeepSeek client...
INFO:simple_llm_analysis:  ⏱️ DeepSeek client initialized in 2.04 seconds
INFO:httpx:HTTP Request: POST https://api.deepseek.com/chat/completions "HTTP/1.1 200 OK"
INFO:regular_website_pipeline:  ✓ Analysis complete. Found 0 opportunities.
ERROR:asyncio:Task exception was never retrieved
future: <Task finished name='Task-2814' coro=<AsyncClient.aclose() done, defined at C:\Users\jimcr\AppData\Roaming\Python\Python313\site-packages\httpx\_client.py:1996> exception=RuntimeError('Event loop is closed')>
Traceback (most recent call last):
  File "C:\Users\jimcr\AppData\Roaming\Python\Python313\site-packages\httpx\_client.py", line 2003, in aclose
    await self._transport.aclose()
  File "C:\Users\jimcr\AppData\Roaming\Python\Python313\site-packages\httpx\_transports\default.py", line 383, in aclose
    await self._pool.aclose()
  File "C:\Users\jimcr\AppData\Roaming\Python\Python313\site-packages\httpcore\_async\connection_pool.py", line 353, in aclose
    await self._close_connections(closing_connections)
  File "C:\Users\jimcr\AppData\Roaming\Python\Python313\site-packages\httpcore\_async\connection_pool.py", line 345, in _close_connections
    await connection.aclose()
  File "C:\Users\jimcr\AppData\Roaming\Python\Python313\site-packages\httpcore\_async\connection.py", line 173, in aclose
    await self._connection.aclose()
  File "C:\Users\jimcr\AppData\Roaming\Python\Python313\site-packages\httpcore\_async\http11.py", line 258, in aclose
    await self._network_stream.aclose()
  File "C:\Users\jimcr\AppData\Roaming\Python\Python313\site-packages\httpcore\_backends\anyio.py", line 53, in aclose
    await self._stream.aclose()
  File "C:\Users\jimcr\AppData\Roaming\Python\Python313\site-packages\anyio\streams\tls.py", line 236, in aclose
    await self.transport_stream.aclose()
  File "C:\Users\jimcr\AppData\Roaming\Python\Python313\site-packages\anyio\_backends\_asyncio.py", line 1344, in aclose
    self._transport.close()
    ~~~~~~~~~~~~~~~~~~~~~^^
  File "C:\Python313\Lib\asyncio\proactor_events.py", line 109, in close
    self._loop.call_soon(self._call_connection_lost, None)
    ~~~~~~~~~~~~~~~~~~~~^^^^^^^^^^^^^^^^^^^^^^^^^^^^^^^^^^
  File "C:\Python313\Lib\asyncio\base_events.py", line 828, in call_soon
    self._check_closed()
    ~~~~~~~~~~~~~~~~~~^^
  File "C:\Python313\Lib\asyncio\base_events.py", line 551, in _check_closed
    raise RuntimeError('Event loop is closed')
RuntimeError: Event loop is closed
INFO:regular_website_pipeline:  🤖 Starting DeepSeek analysis...
INFO:simple_llm_analysis:  ⏳ Initializing DeepSeek client...
INFO:simple_llm_analysis:  ⏱️ DeepSeek client initialized in 1.44 seconds
INFO:httpx:HTTP Request: POST https://api.deepseek.com/chat/completions "HTTP/1.1 200 OK"
INFO:regular_website_pipeline:  ✓ Analysis complete. Found 0 opportunities.
ERROR:asyncio:Task exception was never retrieved
future: <Task finished name='Task-2837' coro=<AsyncClient.aclose() done, defined at C:\Users\jimcr\AppData\Roaming\Python\Python313\site-packages\httpx\_client.py:1996> exception=RuntimeError('Event loop is closed')>
Traceback (most recent call last):
  File "C:\Users\jimcr\AppData\Roaming\Python\Python313\site-packages\httpx\_client.py", line 2003, in aclose
    await self._transport.aclose()
  File "C:\Users\jimcr\AppData\Roaming\Python\Python313\site-packages\httpx\_transports\default.py", line 383, in aclose
    await self._pool.aclose()
  File "C:\Users\jimcr\AppData\Roaming\Python\Python313\site-packages\httpcore\_async\connection_pool.py", line 353, in aclose
    await self._close_connections(closing_connections)
  File "C:\Users\jimcr\AppData\Roaming\Python\Python313\site-packages\httpcore\_async\connection_pool.py", line 345, in _close_connections
    await connection.aclose()
  File "C:\Users\jimcr\AppData\Roaming\Python\Python313\site-packages\httpcore\_async\connection.py", line 173, in aclose
    await self._connection.aclose()
  File "C:\Users\jimcr\AppData\Roaming\Python\Python313\site-packages\httpcore\_async\http11.py", line 258, in aclose
    await self._network_stream.aclose()
  File "C:\Users\jimcr\AppData\Roaming\Python\Python313\site-packages\httpcore\_backends\anyio.py", line 53, in aclose
    await self._stream.aclose()
  File "C:\Users\jimcr\AppData\Roaming\Python\Python313\site-packages\anyio\streams\tls.py", line 236, in aclose
    await self.transport_stream.aclose()
  File "C:\Users\jimcr\AppData\Roaming\Python\Python313\site-packages\anyio\_backends\_asyncio.py", line 1344, in aclose
    self._transport.close()
    ~~~~~~~~~~~~~~~~~~~~~^^
  File "C:\Python313\Lib\asyncio\proactor_events.py", line 109, in close
    self._loop.call_soon(self._call_connection_lost, None)
    ~~~~~~~~~~~~~~~~~~~~^^^^^^^^^^^^^^^^^^^^^^^^^^^^^^^^^^
  File "C:\Python313\Lib\asyncio\base_events.py", line 828, in call_soon
    self._check_closed()
    ~~~~~~~~~~~~~~~~~~^^
  File "C:\Python313\Lib\asyncio\base_events.py", line 551, in _check_closed
    raise RuntimeError('Event loop is closed')
RuntimeError: Event loop is closed
INFO:regular_website_pipeline:  🤖 Starting DeepSeek analysis...
INFO:simple_llm_analysis:  ⏳ Initializing DeepSeek client...
INFO:simple_llm_analysis:  ⏱️ DeepSeek client initialized in 1.82 seconds
INFO:httpx:HTTP Request: POST https://api.deepseek.com/chat/completions "HTTP/1.1 200 OK"
INFO:regular_website_pipeline:  ✓ Analysis complete. Found 2 opportunities.
ERROR:asyncio:Task exception was never retrieved
future: <Task finished name='Task-2861' coro=<AsyncClient.aclose() done, defined at C:\Users\jimcr\AppData\Roaming\Python\Python313\site-packages\httpx\_client.py:1996> exception=RuntimeError('Event loop is closed')>
Traceback (most recent call last):
  File "C:\Users\jimcr\AppData\Roaming\Python\Python313\site-packages\httpx\_client.py", line 2003, in aclose
    await self._transport.aclose()
  File "C:\Users\jimcr\AppData\Roaming\Python\Python313\site-packages\httpx\_transports\default.py", line 383, in aclose
    await self._pool.aclose()
  File "C:\Users\jimcr\AppData\Roaming\Python\Python313\site-packages\httpcore\_async\connection_pool.py", line 353, in aclose
    await self._close_connections(closing_connections)
  File "C:\Users\jimcr\AppData\Roaming\Python\Python313\site-packages\httpcore\_async\connection_pool.py", line 345, in _close_connections
    await connection.aclose()
  File "C:\Users\jimcr\AppData\Roaming\Python\Python313\site-packages\httpcore\_async\connection.py", line 173, in aclose
    await self._connection.aclose()
  File "C:\Users\jimcr\AppData\Roaming\Python\Python313\site-packages\httpcore\_async\http11.py", line 258, in aclose
    await self._network_stream.aclose()
  File "C:\Users\jimcr\AppData\Roaming\Python\Python313\site-packages\httpcore\_backends\anyio.py", line 53, in aclose
    await self._stream.aclose()
  File "C:\Users\jimcr\AppData\Roaming\Python\Python313\site-packages\anyio\streams\tls.py", line 236, in aclose
    await self.transport_stream.aclose()
  File "C:\Users\jimcr\AppData\Roaming\Python\Python313\site-packages\anyio\_backends\_asyncio.py", line 1344, in aclose
    self._transport.close()
    ~~~~~~~~~~~~~~~~~~~~~^^
  File "C:\Python313\Lib\asyncio\proactor_events.py", line 109, in close
    self._loop.call_soon(self._call_connection_lost, None)
    ~~~~~~~~~~~~~~~~~~~~^^^^^^^^^^^^^^^^^^^^^^^^^^^^^^^^^^
  File "C:\Python313\Lib\asyncio\base_events.py", line 828, in call_soon
    self._check_closed()
    ~~~~~~~~~~~~~~~~~~^^
  File "C:\Python313\Lib\asyncio\base_events.py", line 551, in _check_closed
    raise RuntimeError('Event loop is closed')
RuntimeError: Event loop is closed
INFO:regular_website_pipeline:  🤖 Starting DeepSeek analysis...
INFO:simple_llm_analysis:  ⏳ Initializing DeepSeek client...
INFO:simple_llm_analysis:  ⏱️ DeepSeek client initialized in 1.74 seconds
INFO:httpx:HTTP Request: POST https://api.deepseek.com/chat/completions "HTTP/1.1 200 OK"
INFO:regular_website_pipeline:  ✓ Analysis complete. Found 0 opportunities.
ERROR:asyncio:Task exception was never retrieved
future: <Task finished name='Task-2885' coro=<AsyncClient.aclose() done, defined at C:\Users\jimcr\AppData\Roaming\Python\Python313\site-packages\httpx\_client.py:1996> exception=RuntimeError('Event loop is closed')>
Traceback (most recent call last):
  File "C:\Users\jimcr\AppData\Roaming\Python\Python313\site-packages\httpx\_client.py", line 2003, in aclose
    await self._transport.aclose()
  File "C:\Users\jimcr\AppData\Roaming\Python\Python313\site-packages\httpx\_transports\default.py", line 383, in aclose
    await self._pool.aclose()
  File "C:\Users\jimcr\AppData\Roaming\Python\Python313\site-packages\httpcore\_async\connection_pool.py", line 353, in aclose
    await self._close_connections(closing_connections)
  File "C:\Users\jimcr\AppData\Roaming\Python\Python313\site-packages\httpcore\_async\connection_pool.py", line 345, in _close_connections
    await connection.aclose()
  File "C:\Users\jimcr\AppData\Roaming\Python\Python313\site-packages\httpcore\_async\connection.py", line 173, in aclose
    await self._connection.aclose()
  File "C:\Users\jimcr\AppData\Roaming\Python\Python313\site-packages\httpcore\_async\http11.py", line 258, in aclose
    await self._network_stream.aclose()
  File "C:\Users\jimcr\AppData\Roaming\Python\Python313\site-packages\httpcore\_backends\anyio.py", line 53, in aclose
    await self._stream.aclose()
  File "C:\Users\jimcr\AppData\Roaming\Python\Python313\site-packages\anyio\streams\tls.py", line 236, in aclose
    await self.transport_stream.aclose()
  File "C:\Users\jimcr\AppData\Roaming\Python\Python313\site-packages\anyio\_backends\_asyncio.py", line 1344, in aclose
    self._transport.close()
    ~~~~~~~~~~~~~~~~~~~~~^^
  File "C:\Python313\Lib\asyncio\proactor_events.py", line 109, in close
    self._loop.call_soon(self._call_connection_lost, None)
    ~~~~~~~~~~~~~~~~~~~~^^^^^^^^^^^^^^^^^^^^^^^^^^^^^^^^^^
  File "C:\Python313\Lib\asyncio\base_events.py", line 828, in call_soon
    self._check_closed()
    ~~~~~~~~~~~~~~~~~~^^
  File "C:\Python313\Lib\asyncio\base_events.py", line 551, in _check_closed
    raise RuntimeError('Event loop is closed')
RuntimeError: Event loop is closed
INFO:regular_website_pipeline:  🤖 Starting DeepSeek analysis...
INFO:simple_llm_analysis:  ⏳ Initializing DeepSeek client...
INFO:simple_llm_analysis:  ⏱️ DeepSeek client initialized in 2.64 seconds
INFO:httpx:HTTP Request: POST https://api.deepseek.com/chat/completions "HTTP/1.1 200 OK"
INFO:regular_website_pipeline:  ✓ Analysis complete. Found 1 opportunities.
ERROR:asyncio:Task exception was never retrieved
future: <Task finished name='Task-2909' coro=<AsyncClient.aclose() done, defined at C:\Users\jimcr\AppData\Roaming\Python\Python313\site-packages\httpx\_client.py:1996> exception=RuntimeError('Event loop is closed')>
Traceback (most recent call last):
  File "C:\Users\jimcr\AppData\Roaming\Python\Python313\site-packages\httpx\_client.py", line 2003, in aclose
    await self._transport.aclose()
  File "C:\Users\jimcr\AppData\Roaming\Python\Python313\site-packages\httpx\_transports\default.py", line 383, in aclose
    await self._pool.aclose()
  File "C:\Users\jimcr\AppData\Roaming\Python\Python313\site-packages\httpcore\_async\connection_pool.py", line 353, in aclose
    await self._close_connections(closing_connections)
  File "C:\Users\jimcr\AppData\Roaming\Python\Python313\site-packages\httpcore\_async\connection_pool.py", line 345, in _close_connections
    await connection.aclose()
  File "C:\Users\jimcr\AppData\Roaming\Python\Python313\site-packages\httpcore\_async\connection.py", line 173, in aclose
    await self._connection.aclose()
  File "C:\Users\jimcr\AppData\Roaming\Python\Python313\site-packages\httpcore\_async\http11.py", line 258, in aclose
    await self._network_stream.aclose()
  File "C:\Users\jimcr\AppData\Roaming\Python\Python313\site-packages\httpcore\_backends\anyio.py", line 53, in aclose
    await self._stream.aclose()
  File "C:\Users\jimcr\AppData\Roaming\Python\Python313\site-packages\anyio\streams\tls.py", line 236, in aclose
    await self.transport_stream.aclose()
  File "C:\Users\jimcr\AppData\Roaming\Python\Python313\site-packages\anyio\_backends\_asyncio.py", line 1344, in aclose
    self._transport.close()
    ~~~~~~~~~~~~~~~~~~~~~^^
  File "C:\Python313\Lib\asyncio\proactor_events.py", line 109, in close
    self._loop.call_soon(self._call_connection_lost, None)
    ~~~~~~~~~~~~~~~~~~~~^^^^^^^^^^^^^^^^^^^^^^^^^^^^^^^^^^
  File "C:\Python313\Lib\asyncio\base_events.py", line 828, in call_soon
    self._check_closed()
    ~~~~~~~~~~~~~~~~~~^^
  File "C:\Python313\Lib\asyncio\base_events.py", line 551, in _check_closed
    raise RuntimeError('Event loop is closed')
RuntimeError: Event loop is closed
INFO:regular_website_pipeline:  🤖 Starting DeepSeek analysis...
INFO:simple_llm_analysis:  ⏳ Initializing DeepSeek client...
INFO:simple_llm_analysis:  ⏱️ DeepSeek client initialized in 3.19 seconds
INFO:httpx:HTTP Request: POST https://api.deepseek.com/chat/completions "HTTP/1.1 200 OK"
INFO:regular_website_pipeline:  ✓ Analysis complete. Found 1 opportunities.
ERROR:asyncio:Task exception was never retrieved
future: <Task finished name='Task-2933' coro=<AsyncClient.aclose() done, defined at C:\Users\jimcr\AppData\Roaming\Python\Python313\site-packages\httpx\_client.py:1996> exception=RuntimeError('Event loop is closed')>
Traceback (most recent call last):
  File "C:\Users\jimcr\AppData\Roaming\Python\Python313\site-packages\httpx\_client.py", line 2003, in aclose
    await self._transport.aclose()
  File "C:\Users\jimcr\AppData\Roaming\Python\Python313\site-packages\httpx\_transports\default.py", line 383, in aclose
    await self._pool.aclose()
  File "C:\Users\jimcr\AppData\Roaming\Python\Python313\site-packages\httpcore\_async\connection_pool.py", line 353, in aclose
    await self._close_connections(closing_connections)
  File "C:\Users\jimcr\AppData\Roaming\Python\Python313\site-packages\httpcore\_async\connection_pool.py", line 345, in _close_connections
    await connection.aclose()
  File "C:\Users\jimcr\AppData\Roaming\Python\Python313\site-packages\httpcore\_async\connection.py", line 173, in aclose
    await self._connection.aclose()
  File "C:\Users\jimcr\AppData\Roaming\Python\Python313\site-packages\httpcore\_async\http11.py", line 258, in aclose
    await self._network_stream.aclose()
  File "C:\Users\jimcr\AppData\Roaming\Python\Python313\site-packages\httpcore\_backends\anyio.py", line 53, in aclose
    await self._stream.aclose()
  File "C:\Users\jimcr\AppData\Roaming\Python\Python313\site-packages\anyio\streams\tls.py", line 236, in aclose
    await self.transport_stream.aclose()
  File "C:\Users\jimcr\AppData\Roaming\Python\Python313\site-packages\anyio\_backends\_asyncio.py", line 1344, in aclose
    self._transport.close()
    ~~~~~~~~~~~~~~~~~~~~~^^
  File "C:\Python313\Lib\asyncio\proactor_events.py", line 109, in close
    self._loop.call_soon(self._call_connection_lost, None)
    ~~~~~~~~~~~~~~~~~~~~^^^^^^^^^^^^^^^^^^^^^^^^^^^^^^^^^^
  File "C:\Python313\Lib\asyncio\base_events.py", line 828, in call_soon
    self._check_closed()
    ~~~~~~~~~~~~~~~~~~^^
  File "C:\Python313\Lib\asyncio\base_events.py", line 551, in _check_closed
    raise RuntimeError('Event loop is closed')
RuntimeError: Event loop is closed
INFO:regular_website_pipeline:  🤖 Starting DeepSeek analysis...
INFO:simple_llm_analysis:  ⏳ Initializing DeepSeek client...
INFO:simple_llm_analysis:  ⏱️ DeepSeek client initialized in 2.06 seconds
INFO:httpx:HTTP Request: POST https://api.deepseek.com/chat/completions "HTTP/1.1 200 OK"
INFO:regular_website_pipeline:  ✓ Analysis complete. Found 0 opportunities.
ERROR:asyncio:Task exception was never retrieved
future: <Task finished name='Task-2964' coro=<AsyncClient.aclose() done, defined at C:\Users\jimcr\AppData\Roaming\Python\Python313\site-packages\httpx\_client.py:1996> exception=RuntimeError('Event loop is closed')>
Traceback (most recent call last):
  File "C:\Users\jimcr\AppData\Roaming\Python\Python313\site-packages\httpx\_client.py", line 2003, in aclose
    await self._transport.aclose()
  File "C:\Users\jimcr\AppData\Roaming\Python\Python313\site-packages\httpx\_transports\default.py", line 383, in aclose
    await self._pool.aclose()
  File "C:\Users\jimcr\AppData\Roaming\Python\Python313\site-packages\httpcore\_async\connection_pool.py", line 353, in aclose
    await self._close_connections(closing_connections)
  File "C:\Users\jimcr\AppData\Roaming\Python\Python313\site-packages\httpcore\_async\connection_pool.py", line 345, in _close_connections
    await connection.aclose()
  File "C:\Users\jimcr\AppData\Roaming\Python\Python313\site-packages\httpcore\_async\connection.py", line 173, in aclose
    await self._connection.aclose()
  File "C:\Users\jimcr\AppData\Roaming\Python\Python313\site-packages\httpcore\_async\http11.py", line 258, in aclose
    await self._network_stream.aclose()
  File "C:\Users\jimcr\AppData\Roaming\Python\Python313\site-packages\httpcore\_backends\anyio.py", line 53, in aclose
    await self._stream.aclose()
  File "C:\Users\jimcr\AppData\Roaming\Python\Python313\site-packages\anyio\streams\tls.py", line 236, in aclose
    await self.transport_stream.aclose()
  File "C:\Users\jimcr\AppData\Roaming\Python\Python313\site-packages\anyio\_backends\_asyncio.py", line 1344, in aclose
    self._transport.close()
    ~~~~~~~~~~~~~~~~~~~~~^^
  File "C:\Python313\Lib\asyncio\proactor_events.py", line 109, in close
    self._loop.call_soon(self._call_connection_lost, None)
    ~~~~~~~~~~~~~~~~~~~~^^^^^^^^^^^^^^^^^^^^^^^^^^^^^^^^^^
  File "C:\Python313\Lib\asyncio\base_events.py", line 828, in call_soon
    self._check_closed()
    ~~~~~~~~~~~~~~~~~~^^
  File "C:\Python313\Lib\asyncio\base_events.py", line 551, in _check_closed
    raise RuntimeError('Event loop is closed')
RuntimeError: Event loop is closed
INFO:regular_website_pipeline:  🤖 Starting DeepSeek analysis...
INFO:simple_llm_analysis:  ⏳ Initializing DeepSeek client...
INFO:simple_llm_analysis:  ⏱️ DeepSeek client initialized in 1.95 seconds
INFO:httpx:HTTP Request: POST https://api.deepseek.com/chat/completions "HTTP/1.1 200 OK"
INFO:regular_website_pipeline:  ✓ Analysis complete. Found 0 opportunities.
ERROR:asyncio:Task exception was never retrieved
future: <Task finished name='Task-2987' coro=<AsyncClient.aclose() done, defined at C:\Users\jimcr\AppData\Roaming\Python\Python313\site-packages\httpx\_client.py:1996> exception=RuntimeError('Event loop is closed')>
Traceback (most recent call last):
  File "C:\Users\jimcr\AppData\Roaming\Python\Python313\site-packages\httpx\_client.py", line 2003, in aclose
    await self._transport.aclose()
  File "C:\Users\jimcr\AppData\Roaming\Python\Python313\site-packages\httpx\_transports\default.py", line 383, in aclose
    await self._pool.aclose()
  File "C:\Users\jimcr\AppData\Roaming\Python\Python313\site-packages\httpcore\_async\connection_pool.py", line 353, in aclose
    await self._close_connections(closing_connections)
  File "C:\Users\jimcr\AppData\Roaming\Python\Python313\site-packages\httpcore\_async\connection_pool.py", line 345, in _close_connections
    await connection.aclose()
  File "C:\Users\jimcr\AppData\Roaming\Python\Python313\site-packages\httpcore\_async\connection.py", line 173, in aclose
    await self._connection.aclose()
  File "C:\Users\jimcr\AppData\Roaming\Python\Python313\site-packages\httpcore\_async\http11.py", line 258, in aclose
    await self._network_stream.aclose()
  File "C:\Users\jimcr\AppData\Roaming\Python\Python313\site-packages\httpcore\_backends\anyio.py", line 53, in aclose
    await self._stream.aclose()
  File "C:\Users\jimcr\AppData\Roaming\Python\Python313\site-packages\anyio\streams\tls.py", line 236, in aclose
    await self.transport_stream.aclose()
  File "C:\Users\jimcr\AppData\Roaming\Python\Python313\site-packages\anyio\_backends\_asyncio.py", line 1344, in aclose
    self._transport.close()
    ~~~~~~~~~~~~~~~~~~~~~^^
  File "C:\Python313\Lib\asyncio\proactor_events.py", line 109, in close
    self._loop.call_soon(self._call_connection_lost, None)
    ~~~~~~~~~~~~~~~~~~~~^^^^^^^^^^^^^^^^^^^^^^^^^^^^^^^^^^
  File "C:\Python313\Lib\asyncio\base_events.py", line 828, in call_soon
    self._check_closed()
    ~~~~~~~~~~~~~~~~~~^^
  File "C:\Python313\Lib\asyncio\base_events.py", line 551, in _check_closed
    raise RuntimeError('Event loop is closed')
RuntimeError: Event loop is closed
INFO:regular_website_pipeline:  🤖 Starting DeepSeek analysis...
INFO:simple_llm_analysis:  ⏳ Initializing DeepSeek client...
INFO:simple_llm_analysis:  ⏱️ DeepSeek client initialized in 1.82 seconds
INFO:httpx:HTTP Request: POST https://api.deepseek.com/chat/completions "HTTP/1.1 200 OK"
INFO:regular_website_pipeline:  ✓ Analysis complete. Found 0 opportunities.
ERROR:asyncio:Task exception was never retrieved
future: <Task finished name='Task-3012' coro=<AsyncClient.aclose() done, defined at C:\Users\jimcr\AppData\Roaming\Python\Python313\site-packages\httpx\_client.py:1996> exception=RuntimeError('Event loop is closed')>
Traceback (most recent call last):
  File "C:\Users\jimcr\AppData\Roaming\Python\Python313\site-packages\httpx\_client.py", line 2003, in aclose
    await self._transport.aclose()
  File "C:\Users\jimcr\AppData\Roaming\Python\Python313\site-packages\httpx\_transports\default.py", line 383, in aclose
    await self._pool.aclose()
  File "C:\Users\jimcr\AppData\Roaming\Python\Python313\site-packages\httpcore\_async\connection_pool.py", line 353, in aclose
    await self._close_connections(closing_connections)
  File "C:\Users\jimcr\AppData\Roaming\Python\Python313\site-packages\httpcore\_async\connection_pool.py", line 345, in _close_connections
    await connection.aclose()
  File "C:\Users\jimcr\AppData\Roaming\Python\Python313\site-packages\httpcore\_async\connection.py", line 173, in aclose
    await self._connection.aclose()
  File "C:\Users\jimcr\AppData\Roaming\Python\Python313\site-packages\httpcore\_async\http11.py", line 258, in aclose
    await self._network_stream.aclose()
  File "C:\Users\jimcr\AppData\Roaming\Python\Python313\site-packages\httpcore\_backends\anyio.py", line 53, in aclose
    await self._stream.aclose()
  File "C:\Users\jimcr\AppData\Roaming\Python\Python313\site-packages\anyio\streams\tls.py", line 236, in aclose
    await self.transport_stream.aclose()
  File "C:\Users\jimcr\AppData\Roaming\Python\Python313\site-packages\anyio\_backends\_asyncio.py", line 1344, in aclose
    self._transport.close()
    ~~~~~~~~~~~~~~~~~~~~~^^
  File "C:\Python313\Lib\asyncio\proactor_events.py", line 109, in close
    self._loop.call_soon(self._call_connection_lost, None)
    ~~~~~~~~~~~~~~~~~~~~^^^^^^^^^^^^^^^^^^^^^^^^^^^^^^^^^^
  File "C:\Python313\Lib\asyncio\base_events.py", line 828, in call_soon
    self._check_closed()
    ~~~~~~~~~~~~~~~~~~^^
  File "C:\Python313\Lib\asyncio\base_events.py", line 551, in _check_closed
    raise RuntimeError('Event loop is closed')
RuntimeError: Event loop is closed
INFO:regular_website_pipeline:  🤖 Starting DeepSeek analysis...
INFO:simple_llm_analysis:  ⏳ Initializing DeepSeek client...
INFO:simple_llm_analysis:  ⏱️ DeepSeek client initialized in 1.60 seconds
INFO:httpx:HTTP Request: POST https://api.deepseek.com/chat/completions "HTTP/1.1 200 OK"
INFO:regular_website_pipeline:  ✓ Analysis complete. Found 0 opportunities.
ERROR:asyncio:Task exception was never retrieved
future: <Task finished name='Task-3036' coro=<AsyncClient.aclose() done, defined at C:\Users\jimcr\AppData\Roaming\Python\Python313\site-packages\httpx\_client.py:1996> exception=RuntimeError('Event loop is closed')>
Traceback (most recent call last):
  File "C:\Users\jimcr\AppData\Roaming\Python\Python313\site-packages\httpx\_client.py", line 2003, in aclose
    await self._transport.aclose()
  File "C:\Users\jimcr\AppData\Roaming\Python\Python313\site-packages\httpx\_transports\default.py", line 383, in aclose
    await self._pool.aclose()
  File "C:\Users\jimcr\AppData\Roaming\Python\Python313\site-packages\httpcore\_async\connection_pool.py", line 353, in aclose
    await self._close_connections(closing_connections)
  File "C:\Users\jimcr\AppData\Roaming\Python\Python313\site-packages\httpcore\_async\connection_pool.py", line 345, in _close_connections
    await connection.aclose()
  File "C:\Users\jimcr\AppData\Roaming\Python\Python313\site-packages\httpcore\_async\connection.py", line 173, in aclose
    await self._connection.aclose()
  File "C:\Users\jimcr\AppData\Roaming\Python\Python313\site-packages\httpcore\_async\http11.py", line 258, in aclose
    await self._network_stream.aclose()
  File "C:\Users\jimcr\AppData\Roaming\Python\Python313\site-packages\httpcore\_backends\anyio.py", line 53, in aclose
    await self._stream.aclose()
  File "C:\Users\jimcr\AppData\Roaming\Python\Python313\site-packages\anyio\streams\tls.py", line 236, in aclose
    await self.transport_stream.aclose()
  File "C:\Users\jimcr\AppData\Roaming\Python\Python313\site-packages\anyio\_backends\_asyncio.py", line 1344, in aclose
    self._transport.close()
    ~~~~~~~~~~~~~~~~~~~~~^^
  File "C:\Python313\Lib\asyncio\proactor_events.py", line 109, in close
    self._loop.call_soon(self._call_connection_lost, None)
    ~~~~~~~~~~~~~~~~~~~~^^^^^^^^^^^^^^^^^^^^^^^^^^^^^^^^^^
  File "C:\Python313\Lib\asyncio\base_events.py", line 828, in call_soon
    self._check_closed()
    ~~~~~~~~~~~~~~~~~~^^
  File "C:\Python313\Lib\asyncio\base_events.py", line 551, in _check_closed
    raise RuntimeError('Event loop is closed')
RuntimeError: Event loop is closed
INFO:regular_website_pipeline:  🤖 Starting DeepSeek analysis...
INFO:simple_llm_analysis:  ⏳ Initializing DeepSeek client...
INFO:simple_llm_analysis:  ⏱️ DeepSeek client initialized in 1.89 seconds
INFO:httpx:HTTP Request: POST https://api.deepseek.com/chat/completions "HTTP/1.1 200 OK"
INFO:regular_website_pipeline:  ✓ Analysis complete. Found 0 opportunities.
ERROR:asyncio:Task exception was never retrieved
future: <Task finished name='Task-3059' coro=<AsyncClient.aclose() done, defined at C:\Users\jimcr\AppData\Roaming\Python\Python313\site-packages\httpx\_client.py:1996> exception=RuntimeError('Event loop is closed')>
Traceback (most recent call last):
  File "C:\Users\jimcr\AppData\Roaming\Python\Python313\site-packages\httpx\_client.py", line 2003, in aclose
    await self._transport.aclose()
  File "C:\Users\jimcr\AppData\Roaming\Python\Python313\site-packages\httpx\_transports\default.py", line 383, in aclose
    await self._pool.aclose()
  File "C:\Users\jimcr\AppData\Roaming\Python\Python313\site-packages\httpcore\_async\connection_pool.py", line 353, in aclose
    await self._close_connections(closing_connections)
  File "C:\Users\jimcr\AppData\Roaming\Python\Python313\site-packages\httpcore\_async\connection_pool.py", line 345, in _close_connections
    await connection.aclose()
  File "C:\Users\jimcr\AppData\Roaming\Python\Python313\site-packages\httpcore\_async\connection.py", line 173, in aclose
    await self._connection.aclose()
  File "C:\Users\jimcr\AppData\Roaming\Python\Python313\site-packages\httpcore\_async\http11.py", line 258, in aclose
    await self._network_stream.aclose()
  File "C:\Users\jimcr\AppData\Roaming\Python\Python313\site-packages\httpcore\_backends\anyio.py", line 53, in aclose
    await self._stream.aclose()
  File "C:\Users\jimcr\AppData\Roaming\Python\Python313\site-packages\anyio\streams\tls.py", line 236, in aclose
    await self.transport_stream.aclose()
  File "C:\Users\jimcr\AppData\Roaming\Python\Python313\site-packages\anyio\_backends\_asyncio.py", line 1344, in aclose
    self._transport.close()
    ~~~~~~~~~~~~~~~~~~~~~^^
  File "C:\Python313\Lib\asyncio\proactor_events.py", line 109, in close
    self._loop.call_soon(self._call_connection_lost, None)
    ~~~~~~~~~~~~~~~~~~~~^^^^^^^^^^^^^^^^^^^^^^^^^^^^^^^^^^
  File "C:\Python313\Lib\asyncio\base_events.py", line 828, in call_soon
    self._check_closed()
    ~~~~~~~~~~~~~~~~~~^^
  File "C:\Python313\Lib\asyncio\base_events.py", line 551, in _check_closed
    raise RuntimeError('Event loop is closed')
RuntimeError: Event loop is closed
INFO:regular_website_pipeline:  🤖 Starting DeepSeek analysis...
INFO:simple_llm_analysis:  ⏳ Initializing DeepSeek client...
INFO:simple_llm_analysis:  ⏱️ DeepSeek client initialized in 2.93 seconds
INFO:httpx:HTTP Request: POST https://api.deepseek.com/chat/completions "HTTP/1.1 200 OK"
INFO:regular_website_pipeline:  ✓ Analysis complete. Found 1 opportunities.
INFO:regular_website_pipeline:  🤖 Starting DeepSeek analysis...
INFO:simple_llm_analysis:  ⏳ Initializing DeepSeek client...
INFO:simple_llm_analysis:  ⏱️ DeepSeek client initialized in 2.41 seconds
INFO:httpx:HTTP Request: POST https://api.deepseek.com/chat/completions "HTTP/1.1 200 OK"
INFO:regular_website_pipeline:  ✓ Analysis complete. Found 5 opportunities.
ERROR:asyncio:Task exception was never retrieved
future: <Task finished name='Task-3113' coro=<AsyncClient.aclose() done, defined at C:\Users\jimcr\AppData\Roaming\Python\Python313\site-packages\httpx\_client.py:1996> exception=RuntimeError('Event loop is closed')>
Traceback (most recent call last):
  File "C:\Users\jimcr\AppData\Roaming\Python\Python313\site-packages\httpx\_client.py", line 2003, in aclose
    await self._transport.aclose()
  File "C:\Users\jimcr\AppData\Roaming\Python\Python313\site-packages\httpx\_transports\default.py", line 383, in aclose
    await self._pool.aclose()
  File "C:\Users\jimcr\AppData\Roaming\Python\Python313\site-packages\httpcore\_async\connection_pool.py", line 353, in aclose
    await self._close_connections(closing_connections)
  File "C:\Users\jimcr\AppData\Roaming\Python\Python313\site-packages\httpcore\_async\connection_pool.py", line 345, in _close_connections
    await connection.aclose()
  File "C:\Users\jimcr\AppData\Roaming\Python\Python313\site-packages\httpcore\_async\connection.py", line 173, in aclose
    await self._connection.aclose()
  File "C:\Users\jimcr\AppData\Roaming\Python\Python313\site-packages\httpcore\_async\http11.py", line 258, in aclose
    await self._network_stream.aclose()
  File "C:\Users\jimcr\AppData\Roaming\Python\Python313\site-packages\httpcore\_backends\anyio.py", line 53, in aclose
    await self._stream.aclose()
  File "C:\Users\jimcr\AppData\Roaming\Python\Python313\site-packages\anyio\streams\tls.py", line 236, in aclose
    await self.transport_stream.aclose()
  File "C:\Users\jimcr\AppData\Roaming\Python\Python313\site-packages\anyio\_backends\_asyncio.py", line 1344, in aclose
    self._transport.close()
    ~~~~~~~~~~~~~~~~~~~~~^^
  File "C:\Python313\Lib\asyncio\proactor_events.py", line 109, in close
    self._loop.call_soon(self._call_connection_lost, None)
    ~~~~~~~~~~~~~~~~~~~~^^^^^^^^^^^^^^^^^^^^^^^^^^^^^^^^^^
  File "C:\Python313\Lib\asyncio\base_events.py", line 828, in call_soon
    self._check_closed()
    ~~~~~~~~~~~~~~~~~~^^
  File "C:\Python313\Lib\asyncio\base_events.py", line 551, in _check_closed
    raise RuntimeError('Event loop is closed')
RuntimeError: Event loop is closed
INFO:regular_website_pipeline:  🤖 Starting DeepSeek analysis...
INFO:simple_llm_analysis:  ⏳ Initializing DeepSeek client...
INFO:simple_llm_analysis:  ⏱️ DeepSeek client initialized in 2.79 seconds
INFO:httpx:HTTP Request: POST https://api.deepseek.com/chat/completions "HTTP/1.1 200 OK"
INFO:regular_website_pipeline:  ✓ Analysis complete. Found 0 opportunities.
ERROR:asyncio:Task exception was never retrieved
future: <Task finished name='Task-3136' coro=<AsyncClient.aclose() done, defined at C:\Users\jimcr\AppData\Roaming\Python\Python313\site-packages\httpx\_client.py:1996> exception=RuntimeError('Event loop is closed')>
Traceback (most recent call last):
  File "C:\Users\jimcr\AppData\Roaming\Python\Python313\site-packages\httpx\_client.py", line 2003, in aclose
    await self._transport.aclose()
  File "C:\Users\jimcr\AppData\Roaming\Python\Python313\site-packages\httpx\_transports\default.py", line 383, in aclose
    await self._pool.aclose()
  File "C:\Users\jimcr\AppData\Roaming\Python\Python313\site-packages\httpcore\_async\connection_pool.py", line 353, in aclose
    await self._close_connections(closing_connections)
  File "C:\Users\jimcr\AppData\Roaming\Python\Python313\site-packages\httpcore\_async\connection_pool.py", line 345, in _close_connections
    await connection.aclose()
  File "C:\Users\jimcr\AppData\Roaming\Python\Python313\site-packages\httpcore\_async\connection.py", line 173, in aclose
    await self._connection.aclose()
  File "C:\Users\jimcr\AppData\Roaming\Python\Python313\site-packages\httpcore\_async\http11.py", line 258, in aclose
    await self._network_stream.aclose()
  File "C:\Users\jimcr\AppData\Roaming\Python\Python313\site-packages\httpcore\_backends\anyio.py", line 53, in aclose
    await self._stream.aclose()
  File "C:\Users\jimcr\AppData\Roaming\Python\Python313\site-packages\anyio\streams\tls.py", line 236, in aclose
    await self.transport_stream.aclose()
  File "C:\Users\jimcr\AppData\Roaming\Python\Python313\site-packages\anyio\_backends\_asyncio.py", line 1344, in aclose
    self._transport.close()
    ~~~~~~~~~~~~~~~~~~~~~^^
  File "C:\Python313\Lib\asyncio\proactor_events.py", line 109, in close
    self._loop.call_soon(self._call_connection_lost, None)
    ~~~~~~~~~~~~~~~~~~~~^^^^^^^^^^^^^^^^^^^^^^^^^^^^^^^^^^
  File "C:\Python313\Lib\asyncio\base_events.py", line 828, in call_soon
    self._check_closed()
    ~~~~~~~~~~~~~~~~~~^^
  File "C:\Python313\Lib\asyncio\base_events.py", line 551, in _check_closed
    raise RuntimeError('Event loop is closed')
RuntimeError: Event loop is closed
INFO:regular_website_pipeline:  🤖 Starting DeepSeek analysis...
INFO:simple_llm_analysis:  ⏳ Initializing DeepSeek client...
INFO:simple_llm_analysis:  ⏱️ DeepSeek client initialized in 2.14 seconds
INFO:httpx:HTTP Request: POST https://api.deepseek.com/chat/completions "HTTP/1.1 200 OK"
INFO:regular_website_pipeline:  ✓ Analysis complete. Found 0 opportunities.
