INFO:regular_website_pipeline:  🤖 Starting DeepSeek analysis...
INFO:simple_llm_analysis:  ⏳ Initializing DeepSeek client...
INFO:simple_llm_analysis:  ⏱️ DeepSeek client initialized in 1.44 seconds
INFO:httpx:HTTP Request: POST https://api.deepseek.com/chat/completions "HTTP/1.1 200 OK"
INFO:regular_website_pipeline:  ✓ Analysis complete. Found 2 opportunities.
INFO:regular_website_pipeline:  🤖 Starting DeepSeek analysis...
INFO:simple_llm_analysis:  ⏳ Initializing DeepSeek client...
INFO:simple_llm_analysis:  ⏱️ DeepSeek client initialized in 1.17 seconds
INFO:httpx:HTTP Request: POST https://api.deepseek.com/chat/completions "HTTP/1.1 200 OK"
INFO:regular_website_pipeline:  ✓ Analysis complete. Found 1 opportunities.
ERROR:asyncio:Task exception was never retrieved
future: <Task finished name='Task-62' coro=<AsyncClient.aclose() done, defined at C:\Users\jimcr\AppData\Roaming\Python\Python313\site-packages\httpx\_client.py:1996> exception=RuntimeError('Event loop is closed')>
Traceback (most recent call last):
  File "C:\Users\jimcr\AppData\Roaming\Python\Python313\site-packages\httpx\_client.py", line 2003, in aclose
    await self._transport.aclose()
  File "C:\Users\jimcr\AppData\Roaming\Python\Python313\site-packages\httpx\_transports\default.py", line 383, in aclose
    await self._pool.aclose()
  File "C:\Users\jimcr\AppData\Roaming\Python\Python313\site-packages\httpcore\_async\connection_pool.py", line 353, in aclose
    await self._close_connections(closing_connections)
  File "C:\Users\jimcr\AppData\Roaming\Python\Python313\site-packages\httpcore\_async\connection_pool.py", line 345, in _close_connections
    await connection.aclose()
  File "C:\Users\jimcr\AppData\Roaming\Python\Python313\site-packages\httpcore\_async\connection.py", line 173, in aclose
    await self._connection.aclose()
  File "C:\Users\jimcr\AppData\Roaming\Python\Python313\site-packages\httpcore\_async\http11.py", line 258, in aclose
    await self._network_stream.aclose()
  File "C:\Users\jimcr\AppData\Roaming\Python\Python313\site-packages\httpcore\_backends\anyio.py", line 53, in aclose
    await self._stream.aclose()
  File "C:\Users\jimcr\AppData\Roaming\Python\Python313\site-packages\anyio\streams\tls.py", line 236, in aclose
    await self.transport_stream.aclose()
  File "C:\Users\jimcr\AppData\Roaming\Python\Python313\site-packages\anyio\_backends\_asyncio.py", line 1344, in aclose
    self._transport.close()
    ~~~~~~~~~~~~~~~~~~~~~^^
  File "C:\Python313\Lib\asyncio\proactor_events.py", line 109, in close
    self._loop.call_soon(self._call_connection_lost, None)
    ~~~~~~~~~~~~~~~~~~~~^^^^^^^^^^^^^^^^^^^^^^^^^^^^^^^^^^
  File "C:\Python313\Lib\asyncio\base_events.py", line 828, in call_soon
    self._check_closed()
    ~~~~~~~~~~~~~~~~~~^^
  File "C:\Python313\Lib\asyncio\base_events.py", line 551, in _check_closed
    raise RuntimeError('Event loop is closed')
RuntimeError: Event loop is closed
INFO:regular_website_pipeline:  🤖 Starting DeepSeek analysis...
INFO:simple_llm_analysis:  ⏳ Initializing DeepSeek client...
INFO:simple_llm_analysis:  ⏱️ DeepSeek client initialized in 1.21 seconds
INFO:httpx:HTTP Request: POST https://api.deepseek.com/chat/completions "HTTP/1.1 200 OK"
INFO:regular_website_pipeline:  ✓ Analysis complete. Found 1 opportunities.
ERROR:asyncio:Task exception was never retrieved
future: <Task finished name='Task-86' coro=<AsyncClient.aclose() done, defined at C:\Users\jimcr\AppData\Roaming\Python\Python313\site-packages\httpx\_client.py:1996> exception=RuntimeError('Event loop is closed')>
Traceback (most recent call last):
  File "C:\Users\jimcr\AppData\Roaming\Python\Python313\site-packages\httpx\_client.py", line 2003, in aclose
    await self._transport.aclose()
  File "C:\Users\jimcr\AppData\Roaming\Python\Python313\site-packages\httpx\_transports\default.py", line 383, in aclose
    await self._pool.aclose()
  File "C:\Users\jimcr\AppData\Roaming\Python\Python313\site-packages\httpcore\_async\connection_pool.py", line 353, in aclose
    await self._close_connections(closing_connections)
  File "C:\Users\jimcr\AppData\Roaming\Python\Python313\site-packages\httpcore\_async\connection_pool.py", line 345, in _close_connections
    await connection.aclose()
  File "C:\Users\jimcr\AppData\Roaming\Python\Python313\site-packages\httpcore\_async\connection.py", line 173, in aclose
    await self._connection.aclose()
  File "C:\Users\jimcr\AppData\Roaming\Python\Python313\site-packages\httpcore\_async\http11.py", line 258, in aclose
    await self._network_stream.aclose()
  File "C:\Users\jimcr\AppData\Roaming\Python\Python313\site-packages\httpcore\_backends\anyio.py", line 53, in aclose
    await self._stream.aclose()
  File "C:\Users\jimcr\AppData\Roaming\Python\Python313\site-packages\anyio\streams\tls.py", line 236, in aclose
    await self.transport_stream.aclose()
  File "C:\Users\jimcr\AppData\Roaming\Python\Python313\site-packages\anyio\_backends\_asyncio.py", line 1344, in aclose
    self._transport.close()
    ~~~~~~~~~~~~~~~~~~~~~^^
  File "C:\Python313\Lib\asyncio\proactor_events.py", line 109, in close
    self._loop.call_soon(self._call_connection_lost, None)
    ~~~~~~~~~~~~~~~~~~~~^^^^^^^^^^^^^^^^^^^^^^^^^^^^^^^^^^
  File "C:\Python313\Lib\asyncio\base_events.py", line 828, in call_soon
    self._check_closed()
    ~~~~~~~~~~~~~~~~~~^^
  File "C:\Python313\Lib\asyncio\base_events.py", line 551, in _check_closed
    raise RuntimeError('Event loop is closed')
RuntimeError: Event loop is closed
INFO:regular_website_pipeline:  🤖 Starting DeepSeek analysis...
INFO:simple_llm_analysis:  ⏳ Initializing DeepSeek client...
INFO:simple_llm_analysis:  ⏱️ DeepSeek client initialized in 1.08 seconds
INFO:httpx:HTTP Request: POST https://api.deepseek.com/chat/completions "HTTP/1.1 200 OK"
INFO:regular_website_pipeline:  ✓ Analysis complete. Found 5 opportunities.
ERROR:asyncio:Task exception was never retrieved
future: <Task finished name='Task-117' coro=<AsyncClient.aclose() done, defined at C:\Users\jimcr\AppData\Roaming\Python\Python313\site-packages\httpx\_client.py:1996> exception=RuntimeError('Event loop is closed')>
Traceback (most recent call last):
  File "C:\Users\jimcr\AppData\Roaming\Python\Python313\site-packages\httpx\_client.py", line 2003, in aclose
    await self._transport.aclose()
  File "C:\Users\jimcr\AppData\Roaming\Python\Python313\site-packages\httpx\_transports\default.py", line 383, in aclose
    await self._pool.aclose()
  File "C:\Users\jimcr\AppData\Roaming\Python\Python313\site-packages\httpcore\_async\connection_pool.py", line 353, in aclose
    await self._close_connections(closing_connections)
  File "C:\Users\jimcr\AppData\Roaming\Python\Python313\site-packages\httpcore\_async\connection_pool.py", line 345, in _close_connections
    await connection.aclose()
  File "C:\Users\jimcr\AppData\Roaming\Python\Python313\site-packages\httpcore\_async\connection.py", line 173, in aclose
    await self._connection.aclose()
  File "C:\Users\jimcr\AppData\Roaming\Python\Python313\site-packages\httpcore\_async\http11.py", line 258, in aclose
    await self._network_stream.aclose()
  File "C:\Users\jimcr\AppData\Roaming\Python\Python313\site-packages\httpcore\_backends\anyio.py", line 53, in aclose
    await self._stream.aclose()
  File "C:\Users\jimcr\AppData\Roaming\Python\Python313\site-packages\anyio\streams\tls.py", line 236, in aclose
    await self.transport_stream.aclose()
  File "C:\Users\jimcr\AppData\Roaming\Python\Python313\site-packages\anyio\_backends\_asyncio.py", line 1344, in aclose
    self._transport.close()
    ~~~~~~~~~~~~~~~~~~~~~^^
  File "C:\Python313\Lib\asyncio\proactor_events.py", line 109, in close
    self._loop.call_soon(self._call_connection_lost, None)
    ~~~~~~~~~~~~~~~~~~~~^^^^^^^^^^^^^^^^^^^^^^^^^^^^^^^^^^
  File "C:\Python313\Lib\asyncio\base_events.py", line 828, in call_soon
    self._check_closed()
    ~~~~~~~~~~~~~~~~~~^^
  File "C:\Python313\Lib\asyncio\base_events.py", line 551, in _check_closed
    raise RuntimeError('Event loop is closed')
RuntimeError: Event loop is closed
INFO:regular_website_pipeline:  🤖 Starting DeepSeek analysis...
INFO:simple_llm_analysis:  ⏳ Initializing DeepSeek client...
INFO:simple_llm_analysis:  ⏱️ DeepSeek client initialized in 1.53 seconds
INFO:httpx:HTTP Request: POST https://api.deepseek.com/chat/completions "HTTP/1.1 200 OK"
INFO:regular_website_pipeline:  ✓ Analysis complete. Found 2 opportunities.
ERROR:asyncio:Task exception was never retrieved
future: <Task finished name='Task-148' coro=<AsyncClient.aclose() done, defined at C:\Users\jimcr\AppData\Roaming\Python\Python313\site-packages\httpx\_client.py:1996> exception=RuntimeError('Event loop is closed')>
Traceback (most recent call last):
  File "C:\Users\jimcr\AppData\Roaming\Python\Python313\site-packages\httpx\_client.py", line 2003, in aclose
    await self._transport.aclose()
  File "C:\Users\jimcr\AppData\Roaming\Python\Python313\site-packages\httpx\_transports\default.py", line 383, in aclose
    await self._pool.aclose()
  File "C:\Users\jimcr\AppData\Roaming\Python\Python313\site-packages\httpcore\_async\connection_pool.py", line 353, in aclose
    await self._close_connections(closing_connections)
  File "C:\Users\jimcr\AppData\Roaming\Python\Python313\site-packages\httpcore\_async\connection_pool.py", line 345, in _close_connections
    await connection.aclose()
  File "C:\Users\jimcr\AppData\Roaming\Python\Python313\site-packages\httpcore\_async\connection.py", line 173, in aclose
    await self._connection.aclose()
  File "C:\Users\jimcr\AppData\Roaming\Python\Python313\site-packages\httpcore\_async\http11.py", line 258, in aclose
    await self._network_stream.aclose()
  File "C:\Users\jimcr\AppData\Roaming\Python\Python313\site-packages\httpcore\_backends\anyio.py", line 53, in aclose
    await self._stream.aclose()
  File "C:\Users\jimcr\AppData\Roaming\Python\Python313\site-packages\anyio\streams\tls.py", line 236, in aclose
    await self.transport_stream.aclose()
  File "C:\Users\jimcr\AppData\Roaming\Python\Python313\site-packages\anyio\_backends\_asyncio.py", line 1344, in aclose
    self._transport.close()
    ~~~~~~~~~~~~~~~~~~~~~^^
  File "C:\Python313\Lib\asyncio\proactor_events.py", line 109, in close
    self._loop.call_soon(self._call_connection_lost, None)
    ~~~~~~~~~~~~~~~~~~~~^^^^^^^^^^^^^^^^^^^^^^^^^^^^^^^^^^
  File "C:\Python313\Lib\asyncio\base_events.py", line 828, in call_soon
    self._check_closed()
    ~~~~~~~~~~~~~~~~~~^^
  File "C:\Python313\Lib\asyncio\base_events.py", line 551, in _check_closed
    raise RuntimeError('Event loop is closed')
RuntimeError: Event loop is closed
ERROR:asyncio:Task exception was never retrieved
future: <Task finished name='Task-149' coro=<AsyncClient.aclose() done, defined at C:\Users\jimcr\AppData\Roaming\Python\Python313\site-packages\httpx\_client.py:1996> exception=RuntimeError('Event loop is closed')>
Traceback (most recent call last):
  File "C:\Users\jimcr\AppData\Roaming\Python\Python313\site-packages\httpx\_client.py", line 2003, in aclose
    await self._transport.aclose()
  File "C:\Users\jimcr\AppData\Roaming\Python\Python313\site-packages\httpx\_transports\default.py", line 383, in aclose
    await self._pool.aclose()
  File "C:\Users\jimcr\AppData\Roaming\Python\Python313\site-packages\httpcore\_async\connection_pool.py", line 353, in aclose
    await self._close_connections(closing_connections)
  File "C:\Users\jimcr\AppData\Roaming\Python\Python313\site-packages\httpcore\_async\connection_pool.py", line 345, in _close_connections
    await connection.aclose()
  File "C:\Users\jimcr\AppData\Roaming\Python\Python313\site-packages\httpcore\_async\connection.py", line 173, in aclose
    await self._connection.aclose()
  File "C:\Users\jimcr\AppData\Roaming\Python\Python313\site-packages\httpcore\_async\http11.py", line 258, in aclose
    await self._network_stream.aclose()
  File "C:\Users\jimcr\AppData\Roaming\Python\Python313\site-packages\httpcore\_backends\anyio.py", line 53, in aclose
    await self._stream.aclose()
  File "C:\Users\jimcr\AppData\Roaming\Python\Python313\site-packages\anyio\streams\tls.py", line 236, in aclose
    await self.transport_stream.aclose()
  File "C:\Users\jimcr\AppData\Roaming\Python\Python313\site-packages\anyio\_backends\_asyncio.py", line 1344, in aclose
    self._transport.close()
    ~~~~~~~~~~~~~~~~~~~~~^^
  File "C:\Python313\Lib\asyncio\proactor_events.py", line 109, in close
    self._loop.call_soon(self._call_connection_lost, None)
    ~~~~~~~~~~~~~~~~~~~~^^^^^^^^^^^^^^^^^^^^^^^^^^^^^^^^^^
  File "C:\Python313\Lib\asyncio\base_events.py", line 828, in call_soon
    self._check_closed()
    ~~~~~~~~~~~~~~~~~~^^
  File "C:\Python313\Lib\asyncio\base_events.py", line 551, in _check_closed
    raise RuntimeError('Event loop is closed')
RuntimeError: Event loop is closed
INFO:regular_website_pipeline:  🤖 Starting DeepSeek analysis...
INFO:simple_llm_analysis:  ⏳ Initializing DeepSeek client...
INFO:simple_llm_analysis:  ⏱️ DeepSeek client initialized in 1.58 seconds
INFO:httpx:HTTP Request: POST https://api.deepseek.com/chat/completions "HTTP/1.1 200 OK"
INFO:regular_website_pipeline:  ✓ Analysis complete. Found 0 opportunities.
ERROR:asyncio:Task exception was never retrieved
future: <Task finished name='Task-180' coro=<AsyncClient.aclose() done, defined at C:\Users\jimcr\AppData\Roaming\Python\Python313\site-packages\httpx\_client.py:1996> exception=RuntimeError('Event loop is closed')>
Traceback (most recent call last):
  File "C:\Users\jimcr\AppData\Roaming\Python\Python313\site-packages\httpx\_client.py", line 2003, in aclose
    await self._transport.aclose()
  File "C:\Users\jimcr\AppData\Roaming\Python\Python313\site-packages\httpx\_transports\default.py", line 383, in aclose
    await self._pool.aclose()
  File "C:\Users\jimcr\AppData\Roaming\Python\Python313\site-packages\httpcore\_async\connection_pool.py", line 353, in aclose
    await self._close_connections(closing_connections)
  File "C:\Users\jimcr\AppData\Roaming\Python\Python313\site-packages\httpcore\_async\connection_pool.py", line 345, in _close_connections
    await connection.aclose()
  File "C:\Users\jimcr\AppData\Roaming\Python\Python313\site-packages\httpcore\_async\connection.py", line 173, in aclose
    await self._connection.aclose()
  File "C:\Users\jimcr\AppData\Roaming\Python\Python313\site-packages\httpcore\_async\http11.py", line 258, in aclose
    await self._network_stream.aclose()
  File "C:\Users\jimcr\AppData\Roaming\Python\Python313\site-packages\httpcore\_backends\anyio.py", line 53, in aclose
    await self._stream.aclose()
  File "C:\Users\jimcr\AppData\Roaming\Python\Python313\site-packages\anyio\streams\tls.py", line 236, in aclose
    await self.transport_stream.aclose()
  File "C:\Users\jimcr\AppData\Roaming\Python\Python313\site-packages\anyio\_backends\_asyncio.py", line 1344, in aclose
    self._transport.close()
    ~~~~~~~~~~~~~~~~~~~~~^^
  File "C:\Python313\Lib\asyncio\proactor_events.py", line 109, in close
    self._loop.call_soon(self._call_connection_lost, None)
    ~~~~~~~~~~~~~~~~~~~~^^^^^^^^^^^^^^^^^^^^^^^^^^^^^^^^^^
  File "C:\Python313\Lib\asyncio\base_events.py", line 828, in call_soon
    self._check_closed()
    ~~~~~~~~~~~~~~~~~~^^
  File "C:\Python313\Lib\asyncio\base_events.py", line 551, in _check_closed
    raise RuntimeError('Event loop is closed')
RuntimeError: Event loop is closed
INFO:regular_website_pipeline:  🤖 Starting DeepSeek analysis...
INFO:simple_llm_analysis:  ⏳ Initializing DeepSeek client...
INFO:simple_llm_analysis:  ⏱️ DeepSeek client initialized in 1.04 seconds
INFO:httpx:HTTP Request: POST https://api.deepseek.com/chat/completions "HTTP/1.1 200 OK"
INFO:regular_website_pipeline:  ✓ Analysis complete. Found 1 opportunities.
ERROR:asyncio:Task exception was never retrieved
future: <Task finished name='Task-211' coro=<AsyncClient.aclose() done, defined at C:\Users\jimcr\AppData\Roaming\Python\Python313\site-packages\httpx\_client.py:1996> exception=RuntimeError('Event loop is closed')>
Traceback (most recent call last):
  File "C:\Users\jimcr\AppData\Roaming\Python\Python313\site-packages\httpx\_client.py", line 2003, in aclose
    await self._transport.aclose()
  File "C:\Users\jimcr\AppData\Roaming\Python\Python313\site-packages\httpx\_transports\default.py", line 383, in aclose
    await self._pool.aclose()
  File "C:\Users\jimcr\AppData\Roaming\Python\Python313\site-packages\httpcore\_async\connection_pool.py", line 353, in aclose
    await self._close_connections(closing_connections)
  File "C:\Users\jimcr\AppData\Roaming\Python\Python313\site-packages\httpcore\_async\connection_pool.py", line 345, in _close_connections
    await connection.aclose()
  File "C:\Users\jimcr\AppData\Roaming\Python\Python313\site-packages\httpcore\_async\connection.py", line 173, in aclose
    await self._connection.aclose()
  File "C:\Users\jimcr\AppData\Roaming\Python\Python313\site-packages\httpcore\_async\http11.py", line 258, in aclose
    await self._network_stream.aclose()
  File "C:\Users\jimcr\AppData\Roaming\Python\Python313\site-packages\httpcore\_backends\anyio.py", line 53, in aclose
    await self._stream.aclose()
  File "C:\Users\jimcr\AppData\Roaming\Python\Python313\site-packages\anyio\streams\tls.py", line 236, in aclose
    await self.transport_stream.aclose()
  File "C:\Users\jimcr\AppData\Roaming\Python\Python313\site-packages\anyio\_backends\_asyncio.py", line 1344, in aclose
    self._transport.close()
    ~~~~~~~~~~~~~~~~~~~~~^^
  File "C:\Python313\Lib\asyncio\proactor_events.py", line 109, in close
    self._loop.call_soon(self._call_connection_lost, None)
    ~~~~~~~~~~~~~~~~~~~~^^^^^^^^^^^^^^^^^^^^^^^^^^^^^^^^^^
  File "C:\Python313\Lib\asyncio\base_events.py", line 828, in call_soon
    self._check_closed()
    ~~~~~~~~~~~~~~~~~~^^
  File "C:\Python313\Lib\asyncio\base_events.py", line 551, in _check_closed
    raise RuntimeError('Event loop is closed')
RuntimeError: Event loop is closed
INFO:regular_website_pipeline:  🤖 Starting DeepSeek analysis...
INFO:simple_llm_analysis:  ⏳ Initializing DeepSeek client...
INFO:simple_llm_analysis:  ⏱️ DeepSeek client initialized in 1.25 seconds
INFO:httpx:HTTP Request: POST https://api.deepseek.com/chat/completions "HTTP/1.1 200 OK"
INFO:regular_website_pipeline:  ✓ Analysis complete. Found 2 opportunities.
ERROR:asyncio:Task exception was never retrieved
future: <Task finished name='Task-250' coro=<AsyncClient.aclose() done, defined at C:\Users\jimcr\AppData\Roaming\Python\Python313\site-packages\httpx\_client.py:1996> exception=RuntimeError('Event loop is closed')>
Traceback (most recent call last):
  File "C:\Users\jimcr\AppData\Roaming\Python\Python313\site-packages\httpx\_client.py", line 2003, in aclose
    await self._transport.aclose()
  File "C:\Users\jimcr\AppData\Roaming\Python\Python313\site-packages\httpx\_transports\default.py", line 383, in aclose
    await self._pool.aclose()
  File "C:\Users\jimcr\AppData\Roaming\Python\Python313\site-packages\httpcore\_async\connection_pool.py", line 353, in aclose
    await self._close_connections(closing_connections)
  File "C:\Users\jimcr\AppData\Roaming\Python\Python313\site-packages\httpcore\_async\connection_pool.py", line 345, in _close_connections
    await connection.aclose()
  File "C:\Users\jimcr\AppData\Roaming\Python\Python313\site-packages\httpcore\_async\connection.py", line 173, in aclose
    await self._connection.aclose()
  File "C:\Users\jimcr\AppData\Roaming\Python\Python313\site-packages\httpcore\_async\http11.py", line 258, in aclose
    await self._network_stream.aclose()
  File "C:\Users\jimcr\AppData\Roaming\Python\Python313\site-packages\httpcore\_backends\anyio.py", line 53, in aclose
    await self._stream.aclose()
  File "C:\Users\jimcr\AppData\Roaming\Python\Python313\site-packages\anyio\streams\tls.py", line 236, in aclose
    await self.transport_stream.aclose()
  File "C:\Users\jimcr\AppData\Roaming\Python\Python313\site-packages\anyio\_backends\_asyncio.py", line 1344, in aclose
    self._transport.close()
    ~~~~~~~~~~~~~~~~~~~~~^^
  File "C:\Python313\Lib\asyncio\proactor_events.py", line 109, in close
    self._loop.call_soon(self._call_connection_lost, None)
    ~~~~~~~~~~~~~~~~~~~~^^^^^^^^^^^^^^^^^^^^^^^^^^^^^^^^^^
  File "C:\Python313\Lib\asyncio\base_events.py", line 828, in call_soon
    self._check_closed()
    ~~~~~~~~~~~~~~~~~~^^
  File "C:\Python313\Lib\asyncio\base_events.py", line 551, in _check_closed
    raise RuntimeError('Event loop is closed')
RuntimeError: Event loop is closed
INFO:regular_website_pipeline:  🤖 Starting DeepSeek analysis...
INFO:simple_llm_analysis:  ⏳ Initializing DeepSeek client...
INFO:simple_llm_analysis:  ⏱️ DeepSeek client initialized in 1.38 seconds
INFO:httpx:HTTP Request: POST https://api.deepseek.com/chat/completions "HTTP/1.1 200 OK"
INFO:regular_website_pipeline:  ✓ Analysis complete. Found 1 opportunities.
ERROR:asyncio:Task exception was never retrieved
future: <Task finished name='Task-270' coro=<AsyncClient.aclose() done, defined at C:\Users\jimcr\AppData\Roaming\Python\Python313\site-packages\httpx\_client.py:1996> exception=RuntimeError('Event loop is closed')>
Traceback (most recent call last):
  File "C:\Users\jimcr\AppData\Roaming\Python\Python313\site-packages\httpx\_client.py", line 2003, in aclose
    await self._transport.aclose()
  File "C:\Users\jimcr\AppData\Roaming\Python\Python313\site-packages\httpx\_transports\default.py", line 383, in aclose
    await self._pool.aclose()
  File "C:\Users\jimcr\AppData\Roaming\Python\Python313\site-packages\httpcore\_async\connection_pool.py", line 353, in aclose
    await self._close_connections(closing_connections)
  File "C:\Users\jimcr\AppData\Roaming\Python\Python313\site-packages\httpcore\_async\connection_pool.py", line 345, in _close_connections
    await connection.aclose()
  File "C:\Users\jimcr\AppData\Roaming\Python\Python313\site-packages\httpcore\_async\connection.py", line 173, in aclose
    await self._connection.aclose()
  File "C:\Users\jimcr\AppData\Roaming\Python\Python313\site-packages\httpcore\_async\http11.py", line 258, in aclose
    await self._network_stream.aclose()
  File "C:\Users\jimcr\AppData\Roaming\Python\Python313\site-packages\httpcore\_backends\anyio.py", line 53, in aclose
    await self._stream.aclose()
  File "C:\Users\jimcr\AppData\Roaming\Python\Python313\site-packages\anyio\streams\tls.py", line 236, in aclose
    await self.transport_stream.aclose()
  File "C:\Users\jimcr\AppData\Roaming\Python\Python313\site-packages\anyio\_backends\_asyncio.py", line 1344, in aclose
    self._transport.close()
    ~~~~~~~~~~~~~~~~~~~~~^^
  File "C:\Python313\Lib\asyncio\proactor_events.py", line 109, in close
    self._loop.call_soon(self._call_connection_lost, None)
    ~~~~~~~~~~~~~~~~~~~~^^^^^^^^^^^^^^^^^^^^^^^^^^^^^^^^^^
  File "C:\Python313\Lib\asyncio\base_events.py", line 828, in call_soon
    self._check_closed()
    ~~~~~~~~~~~~~~~~~~^^
  File "C:\Python313\Lib\asyncio\base_events.py", line 551, in _check_closed
    raise RuntimeError('Event loop is closed')
RuntimeError: Event loop is closed
INFO:regular_website_pipeline:  🤖 Starting DeepSeek analysis...
INFO:simple_llm_analysis:  ⏳ Initializing DeepSeek client...
INFO:simple_llm_analysis:  ⏱️ DeepSeek client initialized in 1.41 seconds
INFO:httpx:HTTP Request: POST https://api.deepseek.com/chat/completions "HTTP/1.1 200 OK"
INFO:regular_website_pipeline:  ✓ Analysis complete. Found 1 opportunities.
ERROR:asyncio:Task exception was never retrieved
future: <Task finished name='Task-300' coro=<AsyncClient.aclose() done, defined at C:\Users\jimcr\AppData\Roaming\Python\Python313\site-packages\httpx\_client.py:1996> exception=RuntimeError('Event loop is closed')>
Traceback (most recent call last):
  File "C:\Users\jimcr\AppData\Roaming\Python\Python313\site-packages\httpx\_client.py", line 2003, in aclose
    await self._transport.aclose()
  File "C:\Users\jimcr\AppData\Roaming\Python\Python313\site-packages\httpx\_transports\default.py", line 383, in aclose
    await self._pool.aclose()
  File "C:\Users\jimcr\AppData\Roaming\Python\Python313\site-packages\httpcore\_async\connection_pool.py", line 353, in aclose
    await self._close_connections(closing_connections)
  File "C:\Users\jimcr\AppData\Roaming\Python\Python313\site-packages\httpcore\_async\connection_pool.py", line 345, in _close_connections
    await connection.aclose()
  File "C:\Users\jimcr\AppData\Roaming\Python\Python313\site-packages\httpcore\_async\connection.py", line 173, in aclose
    await self._connection.aclose()
  File "C:\Users\jimcr\AppData\Roaming\Python\Python313\site-packages\httpcore\_async\http11.py", line 258, in aclose
    await self._network_stream.aclose()
  File "C:\Users\jimcr\AppData\Roaming\Python\Python313\site-packages\httpcore\_backends\anyio.py", line 53, in aclose
    await self._stream.aclose()
  File "C:\Users\jimcr\AppData\Roaming\Python\Python313\site-packages\anyio\streams\tls.py", line 236, in aclose
    await self.transport_stream.aclose()
  File "C:\Users\jimcr\AppData\Roaming\Python\Python313\site-packages\anyio\_backends\_asyncio.py", line 1344, in aclose
    self._transport.close()
    ~~~~~~~~~~~~~~~~~~~~~^^
  File "C:\Python313\Lib\asyncio\proactor_events.py", line 109, in close
    self._loop.call_soon(self._call_connection_lost, None)
    ~~~~~~~~~~~~~~~~~~~~^^^^^^^^^^^^^^^^^^^^^^^^^^^^^^^^^^
  File "C:\Python313\Lib\asyncio\base_events.py", line 828, in call_soon
    self._check_closed()
    ~~~~~~~~~~~~~~~~~~^^
  File "C:\Python313\Lib\asyncio\base_events.py", line 551, in _check_closed
    raise RuntimeError('Event loop is closed')
RuntimeError: Event loop is closed
INFO:regular_website_pipeline:  🤖 Starting DeepSeek analysis...
INFO:simple_llm_analysis:  ⏳ Initializing DeepSeek client...
INFO:simple_llm_analysis:  ⏱️ DeepSeek client initialized in 1.02 seconds
INFO:httpx:HTTP Request: POST https://api.deepseek.com/chat/completions "HTTP/1.1 200 OK"
INFO:regular_website_pipeline:  ✓ Analysis complete. Found 1 opportunities.
ERROR:asyncio:Task exception was never retrieved
future: <Task finished name='Task-324' coro=<AsyncClient.aclose() done, defined at C:\Users\jimcr\AppData\Roaming\Python\Python313\site-packages\httpx\_client.py:1996> exception=RuntimeError('Event loop is closed')>
Traceback (most recent call last):
  File "C:\Users\jimcr\AppData\Roaming\Python\Python313\site-packages\httpx\_client.py", line 2003, in aclose
    await self._transport.aclose()
  File "C:\Users\jimcr\AppData\Roaming\Python\Python313\site-packages\httpx\_transports\default.py", line 383, in aclose
    await self._pool.aclose()
  File "C:\Users\jimcr\AppData\Roaming\Python\Python313\site-packages\httpcore\_async\connection_pool.py", line 353, in aclose
    await self._close_connections(closing_connections)
  File "C:\Users\jimcr\AppData\Roaming\Python\Python313\site-packages\httpcore\_async\connection_pool.py", line 345, in _close_connections
    await connection.aclose()
  File "C:\Users\jimcr\AppData\Roaming\Python\Python313\site-packages\httpcore\_async\connection.py", line 173, in aclose
    await self._connection.aclose()
  File "C:\Users\jimcr\AppData\Roaming\Python\Python313\site-packages\httpcore\_async\http11.py", line 258, in aclose
    await self._network_stream.aclose()
  File "C:\Users\jimcr\AppData\Roaming\Python\Python313\site-packages\httpcore\_backends\anyio.py", line 53, in aclose
    await self._stream.aclose()
  File "C:\Users\jimcr\AppData\Roaming\Python\Python313\site-packages\anyio\streams\tls.py", line 236, in aclose
    await self.transport_stream.aclose()
  File "C:\Users\jimcr\AppData\Roaming\Python\Python313\site-packages\anyio\_backends\_asyncio.py", line 1344, in aclose
    self._transport.close()
    ~~~~~~~~~~~~~~~~~~~~~^^
  File "C:\Python313\Lib\asyncio\proactor_events.py", line 109, in close
    self._loop.call_soon(self._call_connection_lost, None)
    ~~~~~~~~~~~~~~~~~~~~^^^^^^^^^^^^^^^^^^^^^^^^^^^^^^^^^^
  File "C:\Python313\Lib\asyncio\base_events.py", line 828, in call_soon
    self._check_closed()
    ~~~~~~~~~~~~~~~~~~^^
  File "C:\Python313\Lib\asyncio\base_events.py", line 551, in _check_closed
    raise RuntimeError('Event loop is closed')
RuntimeError: Event loop is closed
INFO:regular_website_pipeline:  🤖 Starting DeepSeek analysis...
INFO:simple_llm_analysis:  ⏳ Initializing DeepSeek client...
INFO:simple_llm_analysis:  ⏱️ DeepSeek client initialized in 3.14 seconds
INFO:httpx:HTTP Request: POST https://api.deepseek.com/chat/completions "HTTP/1.1 200 OK"
INFO:regular_website_pipeline:  ✓ Analysis complete. Found 1 opportunities.
ERROR:asyncio:Task exception was never retrieved
future: <Task finished name='Task-353' coro=<AsyncClient.aclose() done, defined at C:\Users\jimcr\AppData\Roaming\Python\Python313\site-packages\httpx\_client.py:1996> exception=RuntimeError('Event loop is closed')>
Traceback (most recent call last):
  File "C:\Users\jimcr\AppData\Roaming\Python\Python313\site-packages\httpx\_client.py", line 2003, in aclose
    await self._transport.aclose()
  File "C:\Users\jimcr\AppData\Roaming\Python\Python313\site-packages\httpx\_transports\default.py", line 383, in aclose
    await self._pool.aclose()
  File "C:\Users\jimcr\AppData\Roaming\Python\Python313\site-packages\httpcore\_async\connection_pool.py", line 353, in aclose
    await self._close_connections(closing_connections)
  File "C:\Users\jimcr\AppData\Roaming\Python\Python313\site-packages\httpcore\_async\connection_pool.py", line 345, in _close_connections
    await connection.aclose()
  File "C:\Users\jimcr\AppData\Roaming\Python\Python313\site-packages\httpcore\_async\connection.py", line 173, in aclose
    await self._connection.aclose()
  File "C:\Users\jimcr\AppData\Roaming\Python\Python313\site-packages\httpcore\_async\http11.py", line 258, in aclose
    await self._network_stream.aclose()
  File "C:\Users\jimcr\AppData\Roaming\Python\Python313\site-packages\httpcore\_backends\anyio.py", line 53, in aclose
    await self._stream.aclose()
  File "C:\Users\jimcr\AppData\Roaming\Python\Python313\site-packages\anyio\streams\tls.py", line 236, in aclose
    await self.transport_stream.aclose()
  File "C:\Users\jimcr\AppData\Roaming\Python\Python313\site-packages\anyio\_backends\_asyncio.py", line 1344, in aclose
    self._transport.close()
    ~~~~~~~~~~~~~~~~~~~~~^^
  File "C:\Python313\Lib\asyncio\proactor_events.py", line 109, in close
    self._loop.call_soon(self._call_connection_lost, None)
    ~~~~~~~~~~~~~~~~~~~~^^^^^^^^^^^^^^^^^^^^^^^^^^^^^^^^^^
  File "C:\Python313\Lib\asyncio\base_events.py", line 828, in call_soon
    self._check_closed()
    ~~~~~~~~~~~~~~~~~~^^
  File "C:\Python313\Lib\asyncio\base_events.py", line 551, in _check_closed
    raise RuntimeError('Event loop is closed')
RuntimeError: Event loop is closed
INFO:regular_website_pipeline:  🤖 Starting DeepSeek analysis...
INFO:simple_llm_analysis:  ⏳ Initializing DeepSeek client...
INFO:simple_llm_analysis:  ⏱️ DeepSeek client initialized in 1.46 seconds
INFO:httpx:HTTP Request: POST https://api.deepseek.com/chat/completions "HTTP/1.1 200 OK"
INFO:regular_website_pipeline:  ✓ Analysis complete. Found 1 opportunities.
ERROR:asyncio:Task exception was never retrieved
future: <Task finished name='Task-394' coro=<AsyncClient.aclose() done, defined at C:\Users\jimcr\AppData\Roaming\Python\Python313\site-packages\httpx\_client.py:1996> exception=RuntimeError('Event loop is closed')>
Traceback (most recent call last):
  File "C:\Users\jimcr\AppData\Roaming\Python\Python313\site-packages\httpx\_client.py", line 2003, in aclose
    await self._transport.aclose()
  File "C:\Users\jimcr\AppData\Roaming\Python\Python313\site-packages\httpx\_transports\default.py", line 383, in aclose
    await self._pool.aclose()
  File "C:\Users\jimcr\AppData\Roaming\Python\Python313\site-packages\httpcore\_async\connection_pool.py", line 353, in aclose
    await self._close_connections(closing_connections)
  File "C:\Users\jimcr\AppData\Roaming\Python\Python313\site-packages\httpcore\_async\connection_pool.py", line 345, in _close_connections
    await connection.aclose()
  File "C:\Users\jimcr\AppData\Roaming\Python\Python313\site-packages\httpcore\_async\connection.py", line 173, in aclose
    await self._connection.aclose()
  File "C:\Users\jimcr\AppData\Roaming\Python\Python313\site-packages\httpcore\_async\http11.py", line 258, in aclose
    await self._network_stream.aclose()
  File "C:\Users\jimcr\AppData\Roaming\Python\Python313\site-packages\httpcore\_backends\anyio.py", line 53, in aclose
    await self._stream.aclose()
  File "C:\Users\jimcr\AppData\Roaming\Python\Python313\site-packages\anyio\streams\tls.py", line 236, in aclose
    await self.transport_stream.aclose()
  File "C:\Users\jimcr\AppData\Roaming\Python\Python313\site-packages\anyio\_backends\_asyncio.py", line 1344, in aclose
    self._transport.close()
    ~~~~~~~~~~~~~~~~~~~~~^^
  File "C:\Python313\Lib\asyncio\proactor_events.py", line 109, in close
    self._loop.call_soon(self._call_connection_lost, None)
    ~~~~~~~~~~~~~~~~~~~~^^^^^^^^^^^^^^^^^^^^^^^^^^^^^^^^^^
  File "C:\Python313\Lib\asyncio\base_events.py", line 828, in call_soon
    self._check_closed()
    ~~~~~~~~~~~~~~~~~~^^
  File "C:\Python313\Lib\asyncio\base_events.py", line 551, in _check_closed
    raise RuntimeError('Event loop is closed')
RuntimeError: Event loop is closed
INFO:regular_website_pipeline:  🤖 Starting DeepSeek analysis...
INFO:simple_llm_analysis:  ⏳ Initializing DeepSeek client...
INFO:simple_llm_analysis:  ⏱️ DeepSeek client initialized in 1.99 seconds
INFO:httpx:HTTP Request: POST https://api.deepseek.com/chat/completions "HTTP/1.1 200 OK"
INFO:regular_website_pipeline:  ✓ Analysis complete. Found 2 opportunities.
ERROR:asyncio:Task exception was never retrieved
future: <Task finished name='Task-408' coro=<AsyncClient.aclose() done, defined at C:\Users\jimcr\AppData\Roaming\Python\Python313\site-packages\httpx\_client.py:1996> exception=RuntimeError('Event loop is closed')>
Traceback (most recent call last):
  File "C:\Users\jimcr\AppData\Roaming\Python\Python313\site-packages\httpx\_client.py", line 2003, in aclose
    await self._transport.aclose()
  File "C:\Users\jimcr\AppData\Roaming\Python\Python313\site-packages\httpx\_transports\default.py", line 383, in aclose
    await self._pool.aclose()
  File "C:\Users\jimcr\AppData\Roaming\Python\Python313\site-packages\httpcore\_async\connection_pool.py", line 353, in aclose
    await self._close_connections(closing_connections)
  File "C:\Users\jimcr\AppData\Roaming\Python\Python313\site-packages\httpcore\_async\connection_pool.py", line 345, in _close_connections
    await connection.aclose()
  File "C:\Users\jimcr\AppData\Roaming\Python\Python313\site-packages\httpcore\_async\connection.py", line 173, in aclose
    await self._connection.aclose()
  File "C:\Users\jimcr\AppData\Roaming\Python\Python313\site-packages\httpcore\_async\http11.py", line 258, in aclose
    await self._network_stream.aclose()
  File "C:\Users\jimcr\AppData\Roaming\Python\Python313\site-packages\httpcore\_backends\anyio.py", line 53, in aclose
    await self._stream.aclose()
  File "C:\Users\jimcr\AppData\Roaming\Python\Python313\site-packages\anyio\streams\tls.py", line 236, in aclose
    await self.transport_stream.aclose()
  File "C:\Users\jimcr\AppData\Roaming\Python\Python313\site-packages\anyio\_backends\_asyncio.py", line 1344, in aclose
    self._transport.close()
    ~~~~~~~~~~~~~~~~~~~~~^^
  File "C:\Python313\Lib\asyncio\proactor_events.py", line 109, in close
    self._loop.call_soon(self._call_connection_lost, None)
    ~~~~~~~~~~~~~~~~~~~~^^^^^^^^^^^^^^^^^^^^^^^^^^^^^^^^^^
  File "C:\Python313\Lib\asyncio\base_events.py", line 828, in call_soon
    self._check_closed()
    ~~~~~~~~~~~~~~~~~~^^
  File "C:\Python313\Lib\asyncio\base_events.py", line 551, in _check_closed
    raise RuntimeError('Event loop is closed')
RuntimeError: Event loop is closed
INFO:regular_website_pipeline:  🤖 Starting DeepSeek analysis...
INFO:simple_llm_analysis:  ⏳ Initializing DeepSeek client...
INFO:simple_llm_analysis:  ⏱️ DeepSeek client initialized in 1.64 seconds
INFO:httpx:HTTP Request: POST https://api.deepseek.com/chat/completions "HTTP/1.1 200 OK"
INFO:regular_website_pipeline:  ✓ Analysis complete. Found 0 opportunities.
ERROR:asyncio:Task exception was never retrieved
future: <Task finished name='Task-439' coro=<AsyncClient.aclose() done, defined at C:\Users\jimcr\AppData\Roaming\Python\Python313\site-packages\httpx\_client.py:1996> exception=RuntimeError('Event loop is closed')>
Traceback (most recent call last):
  File "C:\Users\jimcr\AppData\Roaming\Python\Python313\site-packages\httpx\_client.py", line 2003, in aclose
    await self._transport.aclose()
  File "C:\Users\jimcr\AppData\Roaming\Python\Python313\site-packages\httpx\_transports\default.py", line 383, in aclose
    await self._pool.aclose()
  File "C:\Users\jimcr\AppData\Roaming\Python\Python313\site-packages\httpcore\_async\connection_pool.py", line 353, in aclose
    await self._close_connections(closing_connections)
  File "C:\Users\jimcr\AppData\Roaming\Python\Python313\site-packages\httpcore\_async\connection_pool.py", line 345, in _close_connections
    await connection.aclose()
  File "C:\Users\jimcr\AppData\Roaming\Python\Python313\site-packages\httpcore\_async\connection.py", line 173, in aclose
    await self._connection.aclose()
  File "C:\Users\jimcr\AppData\Roaming\Python\Python313\site-packages\httpcore\_async\http11.py", line 258, in aclose
    await self._network_stream.aclose()
  File "C:\Users\jimcr\AppData\Roaming\Python\Python313\site-packages\httpcore\_backends\anyio.py", line 53, in aclose
    await self._stream.aclose()
  File "C:\Users\jimcr\AppData\Roaming\Python\Python313\site-packages\anyio\streams\tls.py", line 236, in aclose
    await self.transport_stream.aclose()
  File "C:\Users\jimcr\AppData\Roaming\Python\Python313\site-packages\anyio\_backends\_asyncio.py", line 1344, in aclose
    self._transport.close()
    ~~~~~~~~~~~~~~~~~~~~~^^
  File "C:\Python313\Lib\asyncio\proactor_events.py", line 109, in close
    self._loop.call_soon(self._call_connection_lost, None)
    ~~~~~~~~~~~~~~~~~~~~^^^^^^^^^^^^^^^^^^^^^^^^^^^^^^^^^^
  File "C:\Python313\Lib\asyncio\base_events.py", line 828, in call_soon
    self._check_closed()
    ~~~~~~~~~~~~~~~~~~^^
  File "C:\Python313\Lib\asyncio\base_events.py", line 551, in _check_closed
    raise RuntimeError('Event loop is closed')
RuntimeError: Event loop is closed
INFO:regular_website_pipeline:  🤖 Starting DeepSeek analysis...
INFO:simple_llm_analysis:  ⏳ Initializing DeepSeek client...
INFO:simple_llm_analysis:  ⏱️ DeepSeek client initialized in 1.37 seconds
INFO:httpx:HTTP Request: POST https://api.deepseek.com/chat/completions "HTTP/1.1 200 OK"
INFO:regular_website_pipeline:  ✓ Analysis complete. Found 2 opportunities.
ERROR:asyncio:Task exception was never retrieved
future: <Task finished name='Task-484' coro=<AsyncClient.aclose() done, defined at C:\Users\jimcr\AppData\Roaming\Python\Python313\site-packages\httpx\_client.py:1996> exception=RuntimeError('Event loop is closed')>
Traceback (most recent call last):
  File "C:\Users\jimcr\AppData\Roaming\Python\Python313\site-packages\httpx\_client.py", line 2003, in aclose
    await self._transport.aclose()
  File "C:\Users\jimcr\AppData\Roaming\Python\Python313\site-packages\httpx\_transports\default.py", line 383, in aclose
    await self._pool.aclose()
  File "C:\Users\jimcr\AppData\Roaming\Python\Python313\site-packages\httpcore\_async\connection_pool.py", line 353, in aclose
    await self._close_connections(closing_connections)
  File "C:\Users\jimcr\AppData\Roaming\Python\Python313\site-packages\httpcore\_async\connection_pool.py", line 345, in _close_connections
    await connection.aclose()
  File "C:\Users\jimcr\AppData\Roaming\Python\Python313\site-packages\httpcore\_async\connection.py", line 173, in aclose
    await self._connection.aclose()
  File "C:\Users\jimcr\AppData\Roaming\Python\Python313\site-packages\httpcore\_async\http11.py", line 258, in aclose
    await self._network_stream.aclose()
  File "C:\Users\jimcr\AppData\Roaming\Python\Python313\site-packages\httpcore\_backends\anyio.py", line 53, in aclose
    await self._stream.aclose()
  File "C:\Users\jimcr\AppData\Roaming\Python\Python313\site-packages\anyio\streams\tls.py", line 236, in aclose
    await self.transport_stream.aclose()
  File "C:\Users\jimcr\AppData\Roaming\Python\Python313\site-packages\anyio\_backends\_asyncio.py", line 1344, in aclose
    self._transport.close()
    ~~~~~~~~~~~~~~~~~~~~~^^
  File "C:\Python313\Lib\asyncio\proactor_events.py", line 109, in close
    self._loop.call_soon(self._call_connection_lost, None)
    ~~~~~~~~~~~~~~~~~~~~^^^^^^^^^^^^^^^^^^^^^^^^^^^^^^^^^^
  File "C:\Python313\Lib\asyncio\base_events.py", line 828, in call_soon
    self._check_closed()
    ~~~~~~~~~~~~~~~~~~^^
  File "C:\Python313\Lib\asyncio\base_events.py", line 551, in _check_closed
    raise RuntimeError('Event loop is closed')
RuntimeError: Event loop is closed
INFO:regular_website_pipeline:  🤖 Starting DeepSeek analysis...
INFO:simple_llm_analysis:  ⏳ Initializing DeepSeek client...
INFO:simple_llm_analysis:  ⏱️ DeepSeek client initialized in 1.39 seconds
INFO:httpx:HTTP Request: POST https://api.deepseek.com/chat/completions "HTTP/1.1 200 OK"
INFO:regular_website_pipeline:  ✓ Analysis complete. Found 1 opportunities.
ERROR:asyncio:Task exception was never retrieved
future: <Task finished name='Task-496' coro=<AsyncClient.aclose() done, defined at C:\Users\jimcr\AppData\Roaming\Python\Python313\site-packages\httpx\_client.py:1996> exception=RuntimeError('Event loop is closed')>
Traceback (most recent call last):
  File "C:\Users\jimcr\AppData\Roaming\Python\Python313\site-packages\httpx\_client.py", line 2003, in aclose
    await self._transport.aclose()
  File "C:\Users\jimcr\AppData\Roaming\Python\Python313\site-packages\httpx\_transports\default.py", line 383, in aclose
    await self._pool.aclose()
  File "C:\Users\jimcr\AppData\Roaming\Python\Python313\site-packages\httpcore\_async\connection_pool.py", line 353, in aclose
    await self._close_connections(closing_connections)
  File "C:\Users\jimcr\AppData\Roaming\Python\Python313\site-packages\httpcore\_async\connection_pool.py", line 345, in _close_connections
    await connection.aclose()
  File "C:\Users\jimcr\AppData\Roaming\Python\Python313\site-packages\httpcore\_async\connection.py", line 173, in aclose
    await self._connection.aclose()
  File "C:\Users\jimcr\AppData\Roaming\Python\Python313\site-packages\httpcore\_async\http11.py", line 258, in aclose
    await self._network_stream.aclose()
  File "C:\Users\jimcr\AppData\Roaming\Python\Python313\site-packages\httpcore\_backends\anyio.py", line 53, in aclose
    await self._stream.aclose()
  File "C:\Users\jimcr\AppData\Roaming\Python\Python313\site-packages\anyio\streams\tls.py", line 236, in aclose
    await self.transport_stream.aclose()
  File "C:\Users\jimcr\AppData\Roaming\Python\Python313\site-packages\anyio\_backends\_asyncio.py", line 1344, in aclose
    self._transport.close()
    ~~~~~~~~~~~~~~~~~~~~~^^
  File "C:\Python313\Lib\asyncio\proactor_events.py", line 109, in close
    self._loop.call_soon(self._call_connection_lost, None)
    ~~~~~~~~~~~~~~~~~~~~^^^^^^^^^^^^^^^^^^^^^^^^^^^^^^^^^^
  File "C:\Python313\Lib\asyncio\base_events.py", line 828, in call_soon
    self._check_closed()
    ~~~~~~~~~~~~~~~~~~^^
  File "C:\Python313\Lib\asyncio\base_events.py", line 551, in _check_closed
    raise RuntimeError('Event loop is closed')
RuntimeError: Event loop is closed
INFO:regular_website_pipeline:  🤖 Starting DeepSeek analysis...
INFO:simple_llm_analysis:  ⏳ Initializing DeepSeek client...
INFO:simple_llm_analysis:  ⏱️ DeepSeek client initialized in 1.14 seconds
INFO:httpx:HTTP Request: POST https://api.deepseek.com/chat/completions "HTTP/1.1 200 OK"
INFO:regular_website_pipeline:  ✓ Analysis complete. Found 1 opportunities.
ERROR:asyncio:Task exception was never retrieved
future: <Task finished name='Task-525' coro=<AsyncClient.aclose() done, defined at C:\Users\jimcr\AppData\Roaming\Python\Python313\site-packages\httpx\_client.py:1996> exception=RuntimeError('Event loop is closed')>
Traceback (most recent call last):
  File "C:\Users\jimcr\AppData\Roaming\Python\Python313\site-packages\httpx\_client.py", line 2003, in aclose
    await self._transport.aclose()
  File "C:\Users\jimcr\AppData\Roaming\Python\Python313\site-packages\httpx\_transports\default.py", line 383, in aclose
    await self._pool.aclose()
  File "C:\Users\jimcr\AppData\Roaming\Python\Python313\site-packages\httpcore\_async\connection_pool.py", line 353, in aclose
    await self._close_connections(closing_connections)
  File "C:\Users\jimcr\AppData\Roaming\Python\Python313\site-packages\httpcore\_async\connection_pool.py", line 345, in _close_connections
    await connection.aclose()
  File "C:\Users\jimcr\AppData\Roaming\Python\Python313\site-packages\httpcore\_async\connection.py", line 173, in aclose
    await self._connection.aclose()
  File "C:\Users\jimcr\AppData\Roaming\Python\Python313\site-packages\httpcore\_async\http11.py", line 258, in aclose
    await self._network_stream.aclose()
  File "C:\Users\jimcr\AppData\Roaming\Python\Python313\site-packages\httpcore\_backends\anyio.py", line 53, in aclose
    await self._stream.aclose()
  File "C:\Users\jimcr\AppData\Roaming\Python\Python313\site-packages\anyio\streams\tls.py", line 236, in aclose
    await self.transport_stream.aclose()
  File "C:\Users\jimcr\AppData\Roaming\Python\Python313\site-packages\anyio\_backends\_asyncio.py", line 1344, in aclose
    self._transport.close()
    ~~~~~~~~~~~~~~~~~~~~~^^
  File "C:\Python313\Lib\asyncio\proactor_events.py", line 109, in close
    self._loop.call_soon(self._call_connection_lost, None)
    ~~~~~~~~~~~~~~~~~~~~^^^^^^^^^^^^^^^^^^^^^^^^^^^^^^^^^^
  File "C:\Python313\Lib\asyncio\base_events.py", line 828, in call_soon
    self._check_closed()
    ~~~~~~~~~~~~~~~~~~^^
  File "C:\Python313\Lib\asyncio\base_events.py", line 551, in _check_closed
    raise RuntimeError('Event loop is closed')
RuntimeError: Event loop is closed
INFO:regular_website_pipeline:  🤖 Starting DeepSeek analysis...
INFO:simple_llm_analysis:  ⏳ Initializing DeepSeek client...
INFO:simple_llm_analysis:  ⏱️ DeepSeek client initialized in 1.26 seconds
INFO:httpx:HTTP Request: POST https://api.deepseek.com/chat/completions "HTTP/1.1 200 OK"
INFO:regular_website_pipeline:  ✓ Analysis complete. Found 0 opportunities.
ERROR:asyncio:Task exception was never retrieved
future: <Task finished name='Task-556' coro=<AsyncClient.aclose() done, defined at C:\Users\jimcr\AppData\Roaming\Python\Python313\site-packages\httpx\_client.py:1996> exception=RuntimeError('Event loop is closed')>
Traceback (most recent call last):
  File "C:\Users\jimcr\AppData\Roaming\Python\Python313\site-packages\httpx\_client.py", line 2003, in aclose
    await self._transport.aclose()
  File "C:\Users\jimcr\AppData\Roaming\Python\Python313\site-packages\httpx\_transports\default.py", line 383, in aclose
    await self._pool.aclose()
  File "C:\Users\jimcr\AppData\Roaming\Python\Python313\site-packages\httpcore\_async\connection_pool.py", line 353, in aclose
    await self._close_connections(closing_connections)
  File "C:\Users\jimcr\AppData\Roaming\Python\Python313\site-packages\httpcore\_async\connection_pool.py", line 345, in _close_connections
    await connection.aclose()
  File "C:\Users\jimcr\AppData\Roaming\Python\Python313\site-packages\httpcore\_async\connection.py", line 173, in aclose
    await self._connection.aclose()
  File "C:\Users\jimcr\AppData\Roaming\Python\Python313\site-packages\httpcore\_async\http11.py", line 258, in aclose
    await self._network_stream.aclose()
  File "C:\Users\jimcr\AppData\Roaming\Python\Python313\site-packages\httpcore\_backends\anyio.py", line 53, in aclose
    await self._stream.aclose()
  File "C:\Users\jimcr\AppData\Roaming\Python\Python313\site-packages\anyio\streams\tls.py", line 236, in aclose
    await self.transport_stream.aclose()
  File "C:\Users\jimcr\AppData\Roaming\Python\Python313\site-packages\anyio\_backends\_asyncio.py", line 1344, in aclose
    self._transport.close()
    ~~~~~~~~~~~~~~~~~~~~~^^
  File "C:\Python313\Lib\asyncio\proactor_events.py", line 109, in close
    self._loop.call_soon(self._call_connection_lost, None)
    ~~~~~~~~~~~~~~~~~~~~^^^^^^^^^^^^^^^^^^^^^^^^^^^^^^^^^^
  File "C:\Python313\Lib\asyncio\base_events.py", line 828, in call_soon
    self._check_closed()
    ~~~~~~~~~~~~~~~~~~^^
  File "C:\Python313\Lib\asyncio\base_events.py", line 551, in _check_closed
    raise RuntimeError('Event loop is closed')
RuntimeError: Event loop is closed
INFO:regular_website_pipeline:  🤖 Starting DeepSeek analysis...
INFO:simple_llm_analysis:  ⏳ Initializing DeepSeek client...
INFO:simple_llm_analysis:  ⏱️ DeepSeek client initialized in 1.24 seconds
INFO:httpx:HTTP Request: POST https://api.deepseek.com/chat/completions "HTTP/1.1 200 OK"
INFO:regular_website_pipeline:  ✓ Analysis complete. Found 0 opportunities.
ERROR:asyncio:Task exception was never retrieved
future: <Task finished name='Task-579' coro=<AsyncClient.aclose() done, defined at C:\Users\jimcr\AppData\Roaming\Python\Python313\site-packages\httpx\_client.py:1996> exception=RuntimeError('Event loop is closed')>
Traceback (most recent call last):
  File "C:\Users\jimcr\AppData\Roaming\Python\Python313\site-packages\httpx\_client.py", line 2003, in aclose
    await self._transport.aclose()
  File "C:\Users\jimcr\AppData\Roaming\Python\Python313\site-packages\httpx\_transports\default.py", line 383, in aclose
    await self._pool.aclose()
  File "C:\Users\jimcr\AppData\Roaming\Python\Python313\site-packages\httpcore\_async\connection_pool.py", line 353, in aclose
    await self._close_connections(closing_connections)
  File "C:\Users\jimcr\AppData\Roaming\Python\Python313\site-packages\httpcore\_async\connection_pool.py", line 345, in _close_connections
    await connection.aclose()
  File "C:\Users\jimcr\AppData\Roaming\Python\Python313\site-packages\httpcore\_async\connection.py", line 173, in aclose
    await self._connection.aclose()
  File "C:\Users\jimcr\AppData\Roaming\Python\Python313\site-packages\httpcore\_async\http11.py", line 258, in aclose
    await self._network_stream.aclose()
  File "C:\Users\jimcr\AppData\Roaming\Python\Python313\site-packages\httpcore\_backends\anyio.py", line 53, in aclose
    await self._stream.aclose()
  File "C:\Users\jimcr\AppData\Roaming\Python\Python313\site-packages\anyio\streams\tls.py", line 236, in aclose
    await self.transport_stream.aclose()
  File "C:\Users\jimcr\AppData\Roaming\Python\Python313\site-packages\anyio\_backends\_asyncio.py", line 1344, in aclose
    self._transport.close()
    ~~~~~~~~~~~~~~~~~~~~~^^
  File "C:\Python313\Lib\asyncio\proactor_events.py", line 109, in close
    self._loop.call_soon(self._call_connection_lost, None)
    ~~~~~~~~~~~~~~~~~~~~^^^^^^^^^^^^^^^^^^^^^^^^^^^^^^^^^^
  File "C:\Python313\Lib\asyncio\base_events.py", line 828, in call_soon
    self._check_closed()
    ~~~~~~~~~~~~~~~~~~^^
  File "C:\Python313\Lib\asyncio\base_events.py", line 551, in _check_closed
    raise RuntimeError('Event loop is closed')
RuntimeError: Event loop is closed
INFO:regular_website_pipeline:  🤖 Starting DeepSeek analysis...
INFO:simple_llm_analysis:  ⏳ Initializing DeepSeek client...
INFO:simple_llm_analysis:  ⏱️ DeepSeek client initialized in 1.37 seconds
INFO:httpx:HTTP Request: POST https://api.deepseek.com/chat/completions "HTTP/1.1 200 OK"
INFO:regular_website_pipeline:  ✓ Analysis complete. Found 0 opportunities.
ERROR:asyncio:Task exception was never retrieved
future: <Task finished name='Task-610' coro=<AsyncClient.aclose() done, defined at C:\Users\jimcr\AppData\Roaming\Python\Python313\site-packages\httpx\_client.py:1996> exception=RuntimeError('Event loop is closed')>
Traceback (most recent call last):
  File "C:\Users\jimcr\AppData\Roaming\Python\Python313\site-packages\httpx\_client.py", line 2003, in aclose
    await self._transport.aclose()
  File "C:\Users\jimcr\AppData\Roaming\Python\Python313\site-packages\httpx\_transports\default.py", line 383, in aclose
    await self._pool.aclose()
  File "C:\Users\jimcr\AppData\Roaming\Python\Python313\site-packages\httpcore\_async\connection_pool.py", line 353, in aclose
    await self._close_connections(closing_connections)
  File "C:\Users\jimcr\AppData\Roaming\Python\Python313\site-packages\httpcore\_async\connection_pool.py", line 345, in _close_connections
    await connection.aclose()
  File "C:\Users\jimcr\AppData\Roaming\Python\Python313\site-packages\httpcore\_async\connection.py", line 173, in aclose
    await self._connection.aclose()
  File "C:\Users\jimcr\AppData\Roaming\Python\Python313\site-packages\httpcore\_async\http11.py", line 258, in aclose
    await self._network_stream.aclose()
  File "C:\Users\jimcr\AppData\Roaming\Python\Python313\site-packages\httpcore\_backends\anyio.py", line 53, in aclose
    await self._stream.aclose()
  File "C:\Users\jimcr\AppData\Roaming\Python\Python313\site-packages\anyio\streams\tls.py", line 236, in aclose
    await self.transport_stream.aclose()
  File "C:\Users\jimcr\AppData\Roaming\Python\Python313\site-packages\anyio\_backends\_asyncio.py", line 1344, in aclose
    self._transport.close()
    ~~~~~~~~~~~~~~~~~~~~~^^
  File "C:\Python313\Lib\asyncio\proactor_events.py", line 109, in close
    self._loop.call_soon(self._call_connection_lost, None)
    ~~~~~~~~~~~~~~~~~~~~^^^^^^^^^^^^^^^^^^^^^^^^^^^^^^^^^^
  File "C:\Python313\Lib\asyncio\base_events.py", line 828, in call_soon
    self._check_closed()
    ~~~~~~~~~~~~~~~~~~^^
  File "C:\Python313\Lib\asyncio\base_events.py", line 551, in _check_closed
    raise RuntimeError('Event loop is closed')
RuntimeError: Event loop is closed
INFO:regular_website_pipeline:  🤖 Starting DeepSeek analysis...
INFO:simple_llm_analysis:  ⏳ Initializing DeepSeek client...
INFO:simple_llm_analysis:  ⏱️ DeepSeek client initialized in 1.45 seconds
INFO:httpx:HTTP Request: POST https://api.deepseek.com/chat/completions "HTTP/1.1 200 OK"
INFO:regular_website_pipeline:  ✓ Analysis complete. Found 1 opportunities.
ERROR:asyncio:Task exception was never retrieved
future: <Task finished name='Task-634' coro=<AsyncClient.aclose() done, defined at C:\Users\jimcr\AppData\Roaming\Python\Python313\site-packages\httpx\_client.py:1996> exception=RuntimeError('Event loop is closed')>
Traceback (most recent call last):
  File "C:\Users\jimcr\AppData\Roaming\Python\Python313\site-packages\httpx\_client.py", line 2003, in aclose
    await self._transport.aclose()
  File "C:\Users\jimcr\AppData\Roaming\Python\Python313\site-packages\httpx\_transports\default.py", line 383, in aclose
    await self._pool.aclose()
  File "C:\Users\jimcr\AppData\Roaming\Python\Python313\site-packages\httpcore\_async\connection_pool.py", line 353, in aclose
    await self._close_connections(closing_connections)
  File "C:\Users\jimcr\AppData\Roaming\Python\Python313\site-packages\httpcore\_async\connection_pool.py", line 345, in _close_connections
    await connection.aclose()
  File "C:\Users\jimcr\AppData\Roaming\Python\Python313\site-packages\httpcore\_async\connection.py", line 173, in aclose
    await self._connection.aclose()
  File "C:\Users\jimcr\AppData\Roaming\Python\Python313\site-packages\httpcore\_async\http11.py", line 258, in aclose
    await self._network_stream.aclose()
  File "C:\Users\jimcr\AppData\Roaming\Python\Python313\site-packages\httpcore\_backends\anyio.py", line 53, in aclose
    await self._stream.aclose()
  File "C:\Users\jimcr\AppData\Roaming\Python\Python313\site-packages\anyio\streams\tls.py", line 236, in aclose
    await self.transport_stream.aclose()
  File "C:\Users\jimcr\AppData\Roaming\Python\Python313\site-packages\anyio\_backends\_asyncio.py", line 1344, in aclose
    self._transport.close()
    ~~~~~~~~~~~~~~~~~~~~~^^
  File "C:\Python313\Lib\asyncio\proactor_events.py", line 109, in close
    self._loop.call_soon(self._call_connection_lost, None)
    ~~~~~~~~~~~~~~~~~~~~^^^^^^^^^^^^^^^^^^^^^^^^^^^^^^^^^^
  File "C:\Python313\Lib\asyncio\base_events.py", line 828, in call_soon
    self._check_closed()
    ~~~~~~~~~~~~~~~~~~^^
  File "C:\Python313\Lib\asyncio\base_events.py", line 551, in _check_closed
    raise RuntimeError('Event loop is closed')
RuntimeError: Event loop is closed
INFO:regular_website_pipeline:  🤖 Starting DeepSeek analysis...
INFO:simple_llm_analysis:  ⏳ Initializing DeepSeek client...
INFO:simple_llm_analysis:  ⏱️ DeepSeek client initialized in 1.85 seconds
INFO:httpx:HTTP Request: POST https://api.deepseek.com/chat/completions "HTTP/1.1 200 OK"
INFO:regular_website_pipeline:  ✓ Analysis complete. Found 1 opportunities.
ERROR:asyncio:Task exception was never retrieved
future: <Task finished name='Task-662' coro=<AsyncClient.aclose() done, defined at C:\Users\jimcr\AppData\Roaming\Python\Python313\site-packages\httpx\_client.py:1996> exception=RuntimeError('Event loop is closed')>
Traceback (most recent call last):
  File "C:\Users\jimcr\AppData\Roaming\Python\Python313\site-packages\httpx\_client.py", line 2003, in aclose
    await self._transport.aclose()
  File "C:\Users\jimcr\AppData\Roaming\Python\Python313\site-packages\httpx\_transports\default.py", line 383, in aclose
    await self._pool.aclose()
  File "C:\Users\jimcr\AppData\Roaming\Python\Python313\site-packages\httpcore\_async\connection_pool.py", line 353, in aclose
    await self._close_connections(closing_connections)
  File "C:\Users\jimcr\AppData\Roaming\Python\Python313\site-packages\httpcore\_async\connection_pool.py", line 345, in _close_connections
    await connection.aclose()
  File "C:\Users\jimcr\AppData\Roaming\Python\Python313\site-packages\httpcore\_async\connection.py", line 173, in aclose
    await self._connection.aclose()
  File "C:\Users\jimcr\AppData\Roaming\Python\Python313\site-packages\httpcore\_async\http11.py", line 258, in aclose
    await self._network_stream.aclose()
  File "C:\Users\jimcr\AppData\Roaming\Python\Python313\site-packages\httpcore\_backends\anyio.py", line 53, in aclose
    await self._stream.aclose()
  File "C:\Users\jimcr\AppData\Roaming\Python\Python313\site-packages\anyio\streams\tls.py", line 236, in aclose
    await self.transport_stream.aclose()
  File "C:\Users\jimcr\AppData\Roaming\Python\Python313\site-packages\anyio\_backends\_asyncio.py", line 1344, in aclose
    self._transport.close()
    ~~~~~~~~~~~~~~~~~~~~~^^
  File "C:\Python313\Lib\asyncio\proactor_events.py", line 109, in close
    self._loop.call_soon(self._call_connection_lost, None)
    ~~~~~~~~~~~~~~~~~~~~^^^^^^^^^^^^^^^^^^^^^^^^^^^^^^^^^^
  File "C:\Python313\Lib\asyncio\base_events.py", line 828, in call_soon
    self._check_closed()
    ~~~~~~~~~~~~~~~~~~^^
  File "C:\Python313\Lib\asyncio\base_events.py", line 551, in _check_closed
    raise RuntimeError('Event loop is closed')
RuntimeError: Event loop is closed
INFO:regular_website_pipeline:  🤖 Starting DeepSeek analysis...
INFO:simple_llm_analysis:  ⏳ Initializing DeepSeek client...
INFO:simple_llm_analysis:  ⏱️ DeepSeek client initialized in 1.60 seconds
INFO:httpx:HTTP Request: POST https://api.deepseek.com/chat/completions "HTTP/1.1 200 OK"
INFO:regular_website_pipeline:  ✓ Analysis complete. Found 1 opportunities.
ERROR:asyncio:Task exception was never retrieved
future: <Task finished name='Task-686' coro=<AsyncClient.aclose() done, defined at C:\Users\jimcr\AppData\Roaming\Python\Python313\site-packages\httpx\_client.py:1996> exception=RuntimeError('Event loop is closed')>
Traceback (most recent call last):
  File "C:\Users\jimcr\AppData\Roaming\Python\Python313\site-packages\httpx\_client.py", line 2003, in aclose
    await self._transport.aclose()
  File "C:\Users\jimcr\AppData\Roaming\Python\Python313\site-packages\httpx\_transports\default.py", line 383, in aclose
    await self._pool.aclose()
  File "C:\Users\jimcr\AppData\Roaming\Python\Python313\site-packages\httpcore\_async\connection_pool.py", line 353, in aclose
    await self._close_connections(closing_connections)
  File "C:\Users\jimcr\AppData\Roaming\Python\Python313\site-packages\httpcore\_async\connection_pool.py", line 345, in _close_connections
    await connection.aclose()
  File "C:\Users\jimcr\AppData\Roaming\Python\Python313\site-packages\httpcore\_async\connection.py", line 173, in aclose
    await self._connection.aclose()
  File "C:\Users\jimcr\AppData\Roaming\Python\Python313\site-packages\httpcore\_async\http11.py", line 258, in aclose
    await self._network_stream.aclose()
  File "C:\Users\jimcr\AppData\Roaming\Python\Python313\site-packages\httpcore\_backends\anyio.py", line 53, in aclose
    await self._stream.aclose()
  File "C:\Users\jimcr\AppData\Roaming\Python\Python313\site-packages\anyio\streams\tls.py", line 236, in aclose
    await self.transport_stream.aclose()
  File "C:\Users\jimcr\AppData\Roaming\Python\Python313\site-packages\anyio\_backends\_asyncio.py", line 1344, in aclose
    self._transport.close()
    ~~~~~~~~~~~~~~~~~~~~~^^
  File "C:\Python313\Lib\asyncio\proactor_events.py", line 109, in close
    self._loop.call_soon(self._call_connection_lost, None)
    ~~~~~~~~~~~~~~~~~~~~^^^^^^^^^^^^^^^^^^^^^^^^^^^^^^^^^^
  File "C:\Python313\Lib\asyncio\base_events.py", line 828, in call_soon
    self._check_closed()
    ~~~~~~~~~~~~~~~~~~^^
  File "C:\Python313\Lib\asyncio\base_events.py", line 551, in _check_closed
    raise RuntimeError('Event loop is closed')
RuntimeError: Event loop is closed
INFO:regular_website_pipeline:  🤖 Starting DeepSeek analysis...
INFO:simple_llm_analysis:  ⏳ Initializing DeepSeek client...
INFO:simple_llm_analysis:  ⏱️ DeepSeek client initialized in 1.13 seconds
INFO:httpx:HTTP Request: POST https://api.deepseek.com/chat/completions "HTTP/1.1 200 OK"
INFO:regular_website_pipeline:  ✓ Analysis complete. Found 2 opportunities.
ERROR:asyncio:Task exception was never retrieved
future: <Task finished name='Task-717' coro=<AsyncClient.aclose() done, defined at C:\Users\jimcr\AppData\Roaming\Python\Python313\site-packages\httpx\_client.py:1996> exception=RuntimeError('Event loop is closed')>
Traceback (most recent call last):
  File "C:\Users\jimcr\AppData\Roaming\Python\Python313\site-packages\httpx\_client.py", line 2003, in aclose
    await self._transport.aclose()
  File "C:\Users\jimcr\AppData\Roaming\Python\Python313\site-packages\httpx\_transports\default.py", line 383, in aclose
    await self._pool.aclose()
  File "C:\Users\jimcr\AppData\Roaming\Python\Python313\site-packages\httpcore\_async\connection_pool.py", line 353, in aclose
    await self._close_connections(closing_connections)
  File "C:\Users\jimcr\AppData\Roaming\Python\Python313\site-packages\httpcore\_async\connection_pool.py", line 345, in _close_connections
    await connection.aclose()
  File "C:\Users\jimcr\AppData\Roaming\Python\Python313\site-packages\httpcore\_async\connection.py", line 173, in aclose
    await self._connection.aclose()
  File "C:\Users\jimcr\AppData\Roaming\Python\Python313\site-packages\httpcore\_async\http11.py", line 258, in aclose
    await self._network_stream.aclose()
  File "C:\Users\jimcr\AppData\Roaming\Python\Python313\site-packages\httpcore\_backends\anyio.py", line 53, in aclose
    await self._stream.aclose()
  File "C:\Users\jimcr\AppData\Roaming\Python\Python313\site-packages\anyio\streams\tls.py", line 236, in aclose
    await self.transport_stream.aclose()
  File "C:\Users\jimcr\AppData\Roaming\Python\Python313\site-packages\anyio\_backends\_asyncio.py", line 1344, in aclose
    self._transport.close()
    ~~~~~~~~~~~~~~~~~~~~~^^
  File "C:\Python313\Lib\asyncio\proactor_events.py", line 109, in close
    self._loop.call_soon(self._call_connection_lost, None)
    ~~~~~~~~~~~~~~~~~~~~^^^^^^^^^^^^^^^^^^^^^^^^^^^^^^^^^^
  File "C:\Python313\Lib\asyncio\base_events.py", line 828, in call_soon
    self._check_closed()
    ~~~~~~~~~~~~~~~~~~^^
  File "C:\Python313\Lib\asyncio\base_events.py", line 551, in _check_closed
    raise RuntimeError('Event loop is closed')
RuntimeError: Event loop is closed
INFO:regular_website_pipeline:  🤖 Starting DeepSeek analysis...
INFO:simple_llm_analysis:  ⏳ Initializing DeepSeek client...
INFO:simple_llm_analysis:  ⏱️ DeepSeek client initialized in 1.92 seconds
INFO:httpx:HTTP Request: POST https://api.deepseek.com/chat/completions "HTTP/1.1 200 OK"
INFO:regular_website_pipeline:  ✓ Analysis complete. Found 1 opportunities.
ERROR:asyncio:Task exception was never retrieved
future: <Task finished name='Task-741' coro=<AsyncClient.aclose() done, defined at C:\Users\jimcr\AppData\Roaming\Python\Python313\site-packages\httpx\_client.py:1996> exception=RuntimeError('Event loop is closed')>
Traceback (most recent call last):
  File "C:\Users\jimcr\AppData\Roaming\Python\Python313\site-packages\httpx\_client.py", line 2003, in aclose
    await self._transport.aclose()
  File "C:\Users\jimcr\AppData\Roaming\Python\Python313\site-packages\httpx\_transports\default.py", line 383, in aclose
    await self._pool.aclose()
  File "C:\Users\jimcr\AppData\Roaming\Python\Python313\site-packages\httpcore\_async\connection_pool.py", line 353, in aclose
    await self._close_connections(closing_connections)
  File "C:\Users\jimcr\AppData\Roaming\Python\Python313\site-packages\httpcore\_async\connection_pool.py", line 345, in _close_connections
    await connection.aclose()
  File "C:\Users\jimcr\AppData\Roaming\Python\Python313\site-packages\httpcore\_async\connection.py", line 173, in aclose
    await self._connection.aclose()
  File "C:\Users\jimcr\AppData\Roaming\Python\Python313\site-packages\httpcore\_async\http11.py", line 258, in aclose
    await self._network_stream.aclose()
  File "C:\Users\jimcr\AppData\Roaming\Python\Python313\site-packages\httpcore\_backends\anyio.py", line 53, in aclose
    await self._stream.aclose()
  File "C:\Users\jimcr\AppData\Roaming\Python\Python313\site-packages\anyio\streams\tls.py", line 236, in aclose
    await self.transport_stream.aclose()
  File "C:\Users\jimcr\AppData\Roaming\Python\Python313\site-packages\anyio\_backends\_asyncio.py", line 1344, in aclose
    self._transport.close()
    ~~~~~~~~~~~~~~~~~~~~~^^
  File "C:\Python313\Lib\asyncio\proactor_events.py", line 109, in close
    self._loop.call_soon(self._call_connection_lost, None)
    ~~~~~~~~~~~~~~~~~~~~^^^^^^^^^^^^^^^^^^^^^^^^^^^^^^^^^^
  File "C:\Python313\Lib\asyncio\base_events.py", line 828, in call_soon
    self._check_closed()
    ~~~~~~~~~~~~~~~~~~^^
  File "C:\Python313\Lib\asyncio\base_events.py", line 551, in _check_closed
    raise RuntimeError('Event loop is closed')
RuntimeError: Event loop is closed
INFO:regular_website_pipeline:  🤖 Starting DeepSeek analysis...
INFO:simple_llm_analysis:  ⏳ Initializing DeepSeek client...
INFO:simple_llm_analysis:  ⏱️ DeepSeek client initialized in 1.83 seconds
INFO:httpx:HTTP Request: POST https://api.deepseek.com/chat/completions "HTTP/1.1 200 OK"
INFO:regular_website_pipeline:  ✓ Analysis complete. Found 0 opportunities.
ERROR:asyncio:Task exception was never retrieved
future: <Task finished name='Task-772' coro=<AsyncClient.aclose() done, defined at C:\Users\jimcr\AppData\Roaming\Python\Python313\site-packages\httpx\_client.py:1996> exception=RuntimeError('Event loop is closed')>
Traceback (most recent call last):
  File "C:\Users\jimcr\AppData\Roaming\Python\Python313\site-packages\httpx\_client.py", line 2003, in aclose
    await self._transport.aclose()
  File "C:\Users\jimcr\AppData\Roaming\Python\Python313\site-packages\httpx\_transports\default.py", line 383, in aclose
    await self._pool.aclose()
  File "C:\Users\jimcr\AppData\Roaming\Python\Python313\site-packages\httpcore\_async\connection_pool.py", line 353, in aclose
    await self._close_connections(closing_connections)
  File "C:\Users\jimcr\AppData\Roaming\Python\Python313\site-packages\httpcore\_async\connection_pool.py", line 345, in _close_connections
    await connection.aclose()
  File "C:\Users\jimcr\AppData\Roaming\Python\Python313\site-packages\httpcore\_async\connection.py", line 173, in aclose
    await self._connection.aclose()
  File "C:\Users\jimcr\AppData\Roaming\Python\Python313\site-packages\httpcore\_async\http11.py", line 258, in aclose
    await self._network_stream.aclose()
  File "C:\Users\jimcr\AppData\Roaming\Python\Python313\site-packages\httpcore\_backends\anyio.py", line 53, in aclose
    await self._stream.aclose()
  File "C:\Users\jimcr\AppData\Roaming\Python\Python313\site-packages\anyio\streams\tls.py", line 236, in aclose
    await self.transport_stream.aclose()
  File "C:\Users\jimcr\AppData\Roaming\Python\Python313\site-packages\anyio\_backends\_asyncio.py", line 1344, in aclose
    self._transport.close()
    ~~~~~~~~~~~~~~~~~~~~~^^
  File "C:\Python313\Lib\asyncio\proactor_events.py", line 109, in close
    self._loop.call_soon(self._call_connection_lost, None)
    ~~~~~~~~~~~~~~~~~~~~^^^^^^^^^^^^^^^^^^^^^^^^^^^^^^^^^^
  File "C:\Python313\Lib\asyncio\base_events.py", line 828, in call_soon
    self._check_closed()
    ~~~~~~~~~~~~~~~~~~^^
  File "C:\Python313\Lib\asyncio\base_events.py", line 551, in _check_closed
    raise RuntimeError('Event loop is closed')
RuntimeError: Event loop is closed
INFO:regular_website_pipeline:  🤖 Starting DeepSeek analysis...
INFO:simple_llm_analysis:  ⏳ Initializing DeepSeek client...
INFO:simple_llm_analysis:  ⏱️ DeepSeek client initialized in 1.06 seconds
INFO:httpx:HTTP Request: POST https://api.deepseek.com/chat/completions "HTTP/1.1 200 OK"
INFO:regular_website_pipeline:  ✓ Analysis complete. Found 1 opportunities.
ERROR:asyncio:Task exception was never retrieved
future: <Task finished name='Task-796' coro=<AsyncClient.aclose() done, defined at C:\Users\jimcr\AppData\Roaming\Python\Python313\site-packages\httpx\_client.py:1996> exception=RuntimeError('Event loop is closed')>
Traceback (most recent call last):
  File "C:\Users\jimcr\AppData\Roaming\Python\Python313\site-packages\httpx\_client.py", line 2003, in aclose
    await self._transport.aclose()
  File "C:\Users\jimcr\AppData\Roaming\Python\Python313\site-packages\httpx\_transports\default.py", line 383, in aclose
    await self._pool.aclose()
  File "C:\Users\jimcr\AppData\Roaming\Python\Python313\site-packages\httpcore\_async\connection_pool.py", line 353, in aclose
    await self._close_connections(closing_connections)
  File "C:\Users\jimcr\AppData\Roaming\Python\Python313\site-packages\httpcore\_async\connection_pool.py", line 345, in _close_connections
    await connection.aclose()
  File "C:\Users\jimcr\AppData\Roaming\Python\Python313\site-packages\httpcore\_async\connection.py", line 173, in aclose
    await self._connection.aclose()
  File "C:\Users\jimcr\AppData\Roaming\Python\Python313\site-packages\httpcore\_async\http11.py", line 258, in aclose
    await self._network_stream.aclose()
  File "C:\Users\jimcr\AppData\Roaming\Python\Python313\site-packages\httpcore\_backends\anyio.py", line 53, in aclose
    await self._stream.aclose()
  File "C:\Users\jimcr\AppData\Roaming\Python\Python313\site-packages\anyio\streams\tls.py", line 236, in aclose
    await self.transport_stream.aclose()
  File "C:\Users\jimcr\AppData\Roaming\Python\Python313\site-packages\anyio\_backends\_asyncio.py", line 1344, in aclose
    self._transport.close()
    ~~~~~~~~~~~~~~~~~~~~~^^
  File "C:\Python313\Lib\asyncio\proactor_events.py", line 109, in close
    self._loop.call_soon(self._call_connection_lost, None)
    ~~~~~~~~~~~~~~~~~~~~^^^^^^^^^^^^^^^^^^^^^^^^^^^^^^^^^^
  File "C:\Python313\Lib\asyncio\base_events.py", line 828, in call_soon
    self._check_closed()
    ~~~~~~~~~~~~~~~~~~^^
  File "C:\Python313\Lib\asyncio\base_events.py", line 551, in _check_closed
    raise RuntimeError('Event loop is closed')
RuntimeError: Event loop is closed
INFO:regular_website_pipeline:  🤖 Starting DeepSeek analysis...
INFO:simple_llm_analysis:  ⏳ Initializing DeepSeek client...
INFO:simple_llm_analysis:  ⏱️ DeepSeek client initialized in 1.16 seconds
INFO:httpx:HTTP Request: POST https://api.deepseek.com/chat/completions "HTTP/1.1 200 OK"
INFO:regular_website_pipeline:  ✓ Analysis complete. Found 1 opportunities.
ERROR:asyncio:Task exception was never retrieved
future: <Task finished name='Task-827' coro=<AsyncClient.aclose() done, defined at C:\Users\jimcr\AppData\Roaming\Python\Python313\site-packages\httpx\_client.py:1996> exception=RuntimeError('Event loop is closed')>
Traceback (most recent call last):
  File "C:\Users\jimcr\AppData\Roaming\Python\Python313\site-packages\httpx\_client.py", line 2003, in aclose
    await self._transport.aclose()
  File "C:\Users\jimcr\AppData\Roaming\Python\Python313\site-packages\httpx\_transports\default.py", line 383, in aclose
    await self._pool.aclose()
  File "C:\Users\jimcr\AppData\Roaming\Python\Python313\site-packages\httpcore\_async\connection_pool.py", line 353, in aclose
    await self._close_connections(closing_connections)
  File "C:\Users\jimcr\AppData\Roaming\Python\Python313\site-packages\httpcore\_async\connection_pool.py", line 345, in _close_connections
    await connection.aclose()
  File "C:\Users\jimcr\AppData\Roaming\Python\Python313\site-packages\httpcore\_async\connection.py", line 173, in aclose
    await self._connection.aclose()
  File "C:\Users\jimcr\AppData\Roaming\Python\Python313\site-packages\httpcore\_async\http11.py", line 258, in aclose
    await self._network_stream.aclose()
  File "C:\Users\jimcr\AppData\Roaming\Python\Python313\site-packages\httpcore\_backends\anyio.py", line 53, in aclose
    await self._stream.aclose()
  File "C:\Users\jimcr\AppData\Roaming\Python\Python313\site-packages\anyio\streams\tls.py", line 236, in aclose
    await self.transport_stream.aclose()
  File "C:\Users\jimcr\AppData\Roaming\Python\Python313\site-packages\anyio\_backends\_asyncio.py", line 1344, in aclose
    self._transport.close()
    ~~~~~~~~~~~~~~~~~~~~~^^
  File "C:\Python313\Lib\asyncio\proactor_events.py", line 109, in close
    self._loop.call_soon(self._call_connection_lost, None)
    ~~~~~~~~~~~~~~~~~~~~^^^^^^^^^^^^^^^^^^^^^^^^^^^^^^^^^^
  File "C:\Python313\Lib\asyncio\base_events.py", line 828, in call_soon
    self._check_closed()
    ~~~~~~~~~~~~~~~~~~^^
  File "C:\Python313\Lib\asyncio\base_events.py", line 551, in _check_closed
    raise RuntimeError('Event loop is closed')
RuntimeError: Event loop is closed
INFO:regular_website_pipeline:  🤖 Starting DeepSeek analysis...
INFO:simple_llm_analysis:  ⏳ Initializing DeepSeek client...
INFO:simple_llm_analysis:  ⏱️ DeepSeek client initialized in 1.70 seconds
INFO:httpx:HTTP Request: POST https://api.deepseek.com/chat/completions "HTTP/1.1 200 OK"
INFO:regular_website_pipeline:  ✓ Analysis complete. Found 0 opportunities.
ERROR:asyncio:Task exception was never retrieved
future: <Task finished name='Task-858' coro=<AsyncClient.aclose() done, defined at C:\Users\jimcr\AppData\Roaming\Python\Python313\site-packages\httpx\_client.py:1996> exception=RuntimeError('Event loop is closed')>
Traceback (most recent call last):
  File "C:\Users\jimcr\AppData\Roaming\Python\Python313\site-packages\httpx\_client.py", line 2003, in aclose
    await self._transport.aclose()
  File "C:\Users\jimcr\AppData\Roaming\Python\Python313\site-packages\httpx\_transports\default.py", line 383, in aclose
    await self._pool.aclose()
  File "C:\Users\jimcr\AppData\Roaming\Python\Python313\site-packages\httpcore\_async\connection_pool.py", line 353, in aclose
    await self._close_connections(closing_connections)
  File "C:\Users\jimcr\AppData\Roaming\Python\Python313\site-packages\httpcore\_async\connection_pool.py", line 345, in _close_connections
    await connection.aclose()
  File "C:\Users\jimcr\AppData\Roaming\Python\Python313\site-packages\httpcore\_async\connection.py", line 173, in aclose
    await self._connection.aclose()
  File "C:\Users\jimcr\AppData\Roaming\Python\Python313\site-packages\httpcore\_async\http11.py", line 258, in aclose
    await self._network_stream.aclose()
  File "C:\Users\jimcr\AppData\Roaming\Python\Python313\site-packages\httpcore\_backends\anyio.py", line 53, in aclose
    await self._stream.aclose()
  File "C:\Users\jimcr\AppData\Roaming\Python\Python313\site-packages\anyio\streams\tls.py", line 236, in aclose
    await self.transport_stream.aclose()
  File "C:\Users\jimcr\AppData\Roaming\Python\Python313\site-packages\anyio\_backends\_asyncio.py", line 1344, in aclose
    self._transport.close()
    ~~~~~~~~~~~~~~~~~~~~~^^
  File "C:\Python313\Lib\asyncio\proactor_events.py", line 109, in close
    self._loop.call_soon(self._call_connection_lost, None)
    ~~~~~~~~~~~~~~~~~~~~^^^^^^^^^^^^^^^^^^^^^^^^^^^^^^^^^^
  File "C:\Python313\Lib\asyncio\base_events.py", line 828, in call_soon
    self._check_closed()
    ~~~~~~~~~~~~~~~~~~^^
  File "C:\Python313\Lib\asyncio\base_events.py", line 551, in _check_closed
    raise RuntimeError('Event loop is closed')
RuntimeError: Event loop is closed
INFO:regular_website_pipeline:  🤖 Starting DeepSeek analysis...
INFO:simple_llm_analysis:  ⏳ Initializing DeepSeek client...
INFO:simple_llm_analysis:  ⏱️ DeepSeek client initialized in 1.50 seconds
INFO:httpx:HTTP Request: POST https://api.deepseek.com/chat/completions "HTTP/1.1 200 OK"
INFO:regular_website_pipeline:  ✓ Analysis complete. Found 1 opportunities.
ERROR:asyncio:Task exception was never retrieved
future: <Task finished name='Task-889' coro=<AsyncClient.aclose() done, defined at C:\Users\jimcr\AppData\Roaming\Python\Python313\site-packages\httpx\_client.py:1996> exception=RuntimeError('Event loop is closed')>
Traceback (most recent call last):
  File "C:\Users\jimcr\AppData\Roaming\Python\Python313\site-packages\httpx\_client.py", line 2003, in aclose
    await self._transport.aclose()
  File "C:\Users\jimcr\AppData\Roaming\Python\Python313\site-packages\httpx\_transports\default.py", line 383, in aclose
    await self._pool.aclose()
  File "C:\Users\jimcr\AppData\Roaming\Python\Python313\site-packages\httpcore\_async\connection_pool.py", line 353, in aclose
    await self._close_connections(closing_connections)
  File "C:\Users\jimcr\AppData\Roaming\Python\Python313\site-packages\httpcore\_async\connection_pool.py", line 345, in _close_connections
    await connection.aclose()
  File "C:\Users\jimcr\AppData\Roaming\Python\Python313\site-packages\httpcore\_async\connection.py", line 173, in aclose
    await self._connection.aclose()
  File "C:\Users\jimcr\AppData\Roaming\Python\Python313\site-packages\httpcore\_async\http11.py", line 258, in aclose
    await self._network_stream.aclose()
  File "C:\Users\jimcr\AppData\Roaming\Python\Python313\site-packages\httpcore\_backends\anyio.py", line 53, in aclose
    await self._stream.aclose()
  File "C:\Users\jimcr\AppData\Roaming\Python\Python313\site-packages\anyio\streams\tls.py", line 236, in aclose
    await self.transport_stream.aclose()
  File "C:\Users\jimcr\AppData\Roaming\Python\Python313\site-packages\anyio\_backends\_asyncio.py", line 1344, in aclose
    self._transport.close()
    ~~~~~~~~~~~~~~~~~~~~~^^
  File "C:\Python313\Lib\asyncio\proactor_events.py", line 109, in close
    self._loop.call_soon(self._call_connection_lost, None)
    ~~~~~~~~~~~~~~~~~~~~^^^^^^^^^^^^^^^^^^^^^^^^^^^^^^^^^^
  File "C:\Python313\Lib\asyncio\base_events.py", line 828, in call_soon
    self._check_closed()
    ~~~~~~~~~~~~~~~~~~^^
  File "C:\Python313\Lib\asyncio\base_events.py", line 551, in _check_closed
    raise RuntimeError('Event loop is closed')
RuntimeError: Event loop is closed
INFO:regular_website_pipeline:  🤖 Starting DeepSeek analysis...
INFO:simple_llm_analysis:  ⏳ Initializing DeepSeek client...
INFO:simple_llm_analysis:  ⏱️ DeepSeek client initialized in 1.80 seconds
INFO:httpx:HTTP Request: POST https://api.deepseek.com/chat/completions "HTTP/1.1 200 OK"
INFO:regular_website_pipeline:  ✓ Analysis complete. Found 1 opportunities.
ERROR:asyncio:Task exception was never retrieved
future: <Task finished name='Task-913' coro=<AsyncClient.aclose() done, defined at C:\Users\jimcr\AppData\Roaming\Python\Python313\site-packages\httpx\_client.py:1996> exception=RuntimeError('Event loop is closed')>
Traceback (most recent call last):
  File "C:\Users\jimcr\AppData\Roaming\Python\Python313\site-packages\httpx\_client.py", line 2003, in aclose
    await self._transport.aclose()
  File "C:\Users\jimcr\AppData\Roaming\Python\Python313\site-packages\httpx\_transports\default.py", line 383, in aclose
    await self._pool.aclose()
  File "C:\Users\jimcr\AppData\Roaming\Python\Python313\site-packages\httpcore\_async\connection_pool.py", line 353, in aclose
    await self._close_connections(closing_connections)
  File "C:\Users\jimcr\AppData\Roaming\Python\Python313\site-packages\httpcore\_async\connection_pool.py", line 345, in _close_connections
    await connection.aclose()
  File "C:\Users\jimcr\AppData\Roaming\Python\Python313\site-packages\httpcore\_async\connection.py", line 173, in aclose
    await self._connection.aclose()
  File "C:\Users\jimcr\AppData\Roaming\Python\Python313\site-packages\httpcore\_async\http11.py", line 258, in aclose
    await self._network_stream.aclose()
  File "C:\Users\jimcr\AppData\Roaming\Python\Python313\site-packages\httpcore\_backends\anyio.py", line 53, in aclose
    await self._stream.aclose()
  File "C:\Users\jimcr\AppData\Roaming\Python\Python313\site-packages\anyio\streams\tls.py", line 236, in aclose
    await self.transport_stream.aclose()
  File "C:\Users\jimcr\AppData\Roaming\Python\Python313\site-packages\anyio\_backends\_asyncio.py", line 1344, in aclose
    self._transport.close()
    ~~~~~~~~~~~~~~~~~~~~~^^
  File "C:\Python313\Lib\asyncio\proactor_events.py", line 109, in close
    self._loop.call_soon(self._call_connection_lost, None)
    ~~~~~~~~~~~~~~~~~~~~^^^^^^^^^^^^^^^^^^^^^^^^^^^^^^^^^^
  File "C:\Python313\Lib\asyncio\base_events.py", line 828, in call_soon
    self._check_closed()
    ~~~~~~~~~~~~~~~~~~^^
  File "C:\Python313\Lib\asyncio\base_events.py", line 551, in _check_closed
    raise RuntimeError('Event loop is closed')
RuntimeError: Event loop is closed
INFO:regular_website_pipeline:  🤖 Starting DeepSeek analysis...
INFO:simple_llm_analysis:  ⏳ Initializing DeepSeek client...
INFO:simple_llm_analysis:  ⏱️ DeepSeek client initialized in 3.57 seconds
INFO:httpx:HTTP Request: POST https://api.deepseek.com/chat/completions "HTTP/1.1 200 OK"
INFO:regular_website_pipeline:  ✓ Analysis complete. Found 4 opportunities.
ERROR:asyncio:Task exception was never retrieved
future: <Task finished name='Task-937' coro=<AsyncClient.aclose() done, defined at C:\Users\jimcr\AppData\Roaming\Python\Python313\site-packages\httpx\_client.py:1996> exception=RuntimeError('Event loop is closed')>
Traceback (most recent call last):
  File "C:\Users\jimcr\AppData\Roaming\Python\Python313\site-packages\httpx\_client.py", line 2003, in aclose
    await self._transport.aclose()
  File "C:\Users\jimcr\AppData\Roaming\Python\Python313\site-packages\httpx\_transports\default.py", line 383, in aclose
    await self._pool.aclose()
  File "C:\Users\jimcr\AppData\Roaming\Python\Python313\site-packages\httpcore\_async\connection_pool.py", line 353, in aclose
    await self._close_connections(closing_connections)
  File "C:\Users\jimcr\AppData\Roaming\Python\Python313\site-packages\httpcore\_async\connection_pool.py", line 345, in _close_connections
    await connection.aclose()
  File "C:\Users\jimcr\AppData\Roaming\Python\Python313\site-packages\httpcore\_async\connection.py", line 173, in aclose
    await self._connection.aclose()
  File "C:\Users\jimcr\AppData\Roaming\Python\Python313\site-packages\httpcore\_async\http11.py", line 258, in aclose
    await self._network_stream.aclose()
  File "C:\Users\jimcr\AppData\Roaming\Python\Python313\site-packages\httpcore\_backends\anyio.py", line 53, in aclose
    await self._stream.aclose()
  File "C:\Users\jimcr\AppData\Roaming\Python\Python313\site-packages\anyio\streams\tls.py", line 236, in aclose
    await self.transport_stream.aclose()
  File "C:\Users\jimcr\AppData\Roaming\Python\Python313\site-packages\anyio\_backends\_asyncio.py", line 1344, in aclose
    self._transport.close()
    ~~~~~~~~~~~~~~~~~~~~~^^
  File "C:\Python313\Lib\asyncio\proactor_events.py", line 109, in close
    self._loop.call_soon(self._call_connection_lost, None)
    ~~~~~~~~~~~~~~~~~~~~^^^^^^^^^^^^^^^^^^^^^^^^^^^^^^^^^^
  File "C:\Python313\Lib\asyncio\base_events.py", line 828, in call_soon
    self._check_closed()
    ~~~~~~~~~~~~~~~~~~^^
  File "C:\Python313\Lib\asyncio\base_events.py", line 551, in _check_closed
    raise RuntimeError('Event loop is closed')
RuntimeError: Event loop is closed
INFO:regular_website_pipeline:  🤖 Starting DeepSeek analysis...
INFO:simple_llm_analysis:  ⏳ Initializing DeepSeek client...
INFO:simple_llm_analysis:  ⏱️ DeepSeek client initialized in 1.24 seconds
INFO:httpx:HTTP Request: POST https://api.deepseek.com/chat/completions "HTTP/1.1 200 OK"
INFO:regular_website_pipeline:  ✓ Analysis complete. Found 1 opportunities.
ERROR:asyncio:Task exception was never retrieved
future: <Task finished name='Task-968' coro=<AsyncClient.aclose() done, defined at C:\Users\jimcr\AppData\Roaming\Python\Python313\site-packages\httpx\_client.py:1996> exception=RuntimeError('Event loop is closed')>
Traceback (most recent call last):
  File "C:\Users\jimcr\AppData\Roaming\Python\Python313\site-packages\httpx\_client.py", line 2003, in aclose
    await self._transport.aclose()
  File "C:\Users\jimcr\AppData\Roaming\Python\Python313\site-packages\httpx\_transports\default.py", line 383, in aclose
    await self._pool.aclose()
  File "C:\Users\jimcr\AppData\Roaming\Python\Python313\site-packages\httpcore\_async\connection_pool.py", line 353, in aclose
    await self._close_connections(closing_connections)
  File "C:\Users\jimcr\AppData\Roaming\Python\Python313\site-packages\httpcore\_async\connection_pool.py", line 345, in _close_connections
    await connection.aclose()
  File "C:\Users\jimcr\AppData\Roaming\Python\Python313\site-packages\httpcore\_async\connection.py", line 173, in aclose
    await self._connection.aclose()
  File "C:\Users\jimcr\AppData\Roaming\Python\Python313\site-packages\httpcore\_async\http11.py", line 258, in aclose
    await self._network_stream.aclose()
  File "C:\Users\jimcr\AppData\Roaming\Python\Python313\site-packages\httpcore\_backends\anyio.py", line 53, in aclose
    await self._stream.aclose()
  File "C:\Users\jimcr\AppData\Roaming\Python\Python313\site-packages\anyio\streams\tls.py", line 236, in aclose
    await self.transport_stream.aclose()
  File "C:\Users\jimcr\AppData\Roaming\Python\Python313\site-packages\anyio\_backends\_asyncio.py", line 1344, in aclose
    self._transport.close()
    ~~~~~~~~~~~~~~~~~~~~~^^
  File "C:\Python313\Lib\asyncio\proactor_events.py", line 109, in close
    self._loop.call_soon(self._call_connection_lost, None)
    ~~~~~~~~~~~~~~~~~~~~^^^^^^^^^^^^^^^^^^^^^^^^^^^^^^^^^^
  File "C:\Python313\Lib\asyncio\base_events.py", line 828, in call_soon
    self._check_closed()
    ~~~~~~~~~~~~~~~~~~^^
  File "C:\Python313\Lib\asyncio\base_events.py", line 551, in _check_closed
    raise RuntimeError('Event loop is closed')
RuntimeError: Event loop is closed
INFO:regular_website_pipeline:  🤖 Starting DeepSeek analysis...
INFO:simple_llm_analysis:  ⏳ Initializing DeepSeek client...
INFO:simple_llm_analysis:  ⏱️ DeepSeek client initialized in 1.42 seconds
INFO:httpx:HTTP Request: POST https://api.deepseek.com/chat/completions "HTTP/1.1 200 OK"
INFO:regular_website_pipeline:  ✓ Analysis complete. Found 4 opportunities.
ERROR:asyncio:Task exception was never retrieved
future: <Task finished name='Task-999' coro=<AsyncClient.aclose() done, defined at C:\Users\jimcr\AppData\Roaming\Python\Python313\site-packages\httpx\_client.py:1996> exception=RuntimeError('Event loop is closed')>
Traceback (most recent call last):
  File "C:\Users\jimcr\AppData\Roaming\Python\Python313\site-packages\httpx\_client.py", line 2003, in aclose
    await self._transport.aclose()
  File "C:\Users\jimcr\AppData\Roaming\Python\Python313\site-packages\httpx\_transports\default.py", line 383, in aclose
    await self._pool.aclose()
  File "C:\Users\jimcr\AppData\Roaming\Python\Python313\site-packages\httpcore\_async\connection_pool.py", line 353, in aclose
    await self._close_connections(closing_connections)
  File "C:\Users\jimcr\AppData\Roaming\Python\Python313\site-packages\httpcore\_async\connection_pool.py", line 345, in _close_connections
    await connection.aclose()
  File "C:\Users\jimcr\AppData\Roaming\Python\Python313\site-packages\httpcore\_async\connection.py", line 173, in aclose
    await self._connection.aclose()
  File "C:\Users\jimcr\AppData\Roaming\Python\Python313\site-packages\httpcore\_async\http11.py", line 258, in aclose
    await self._network_stream.aclose()
  File "C:\Users\jimcr\AppData\Roaming\Python\Python313\site-packages\httpcore\_backends\anyio.py", line 53, in aclose
    await self._stream.aclose()
  File "C:\Users\jimcr\AppData\Roaming\Python\Python313\site-packages\anyio\streams\tls.py", line 236, in aclose
    await self.transport_stream.aclose()
  File "C:\Users\jimcr\AppData\Roaming\Python\Python313\site-packages\anyio\_backends\_asyncio.py", line 1344, in aclose
    self._transport.close()
    ~~~~~~~~~~~~~~~~~~~~~^^
  File "C:\Python313\Lib\asyncio\proactor_events.py", line 109, in close
    self._loop.call_soon(self._call_connection_lost, None)
    ~~~~~~~~~~~~~~~~~~~~^^^^^^^^^^^^^^^^^^^^^^^^^^^^^^^^^^
  File "C:\Python313\Lib\asyncio\base_events.py", line 828, in call_soon
    self._check_closed()
    ~~~~~~~~~~~~~~~~~~^^
  File "C:\Python313\Lib\asyncio\base_events.py", line 551, in _check_closed
    raise RuntimeError('Event loop is closed')
RuntimeError: Event loop is closed
INFO:regular_website_pipeline:  🤖 Starting DeepSeek analysis...
INFO:simple_llm_analysis:  ⏳ Initializing DeepSeek client...
INFO:simple_llm_analysis:  ⏱️ DeepSeek client initialized in 1.31 seconds
INFO:httpx:HTTP Request: POST https://api.deepseek.com/chat/completions "HTTP/1.1 200 OK"
INFO:regular_website_pipeline:  ✓ Analysis complete. Found 1 opportunities.
ERROR:asyncio:Task exception was never retrieved
future: <Task finished name='Task-1023' coro=<AsyncClient.aclose() done, defined at C:\Users\jimcr\AppData\Roaming\Python\Python313\site-packages\httpx\_client.py:1996> exception=RuntimeError('Event loop is closed')>
Traceback (most recent call last):
  File "C:\Users\jimcr\AppData\Roaming\Python\Python313\site-packages\httpx\_client.py", line 2003, in aclose
    await self._transport.aclose()
  File "C:\Users\jimcr\AppData\Roaming\Python\Python313\site-packages\httpx\_transports\default.py", line 383, in aclose
    await self._pool.aclose()
  File "C:\Users\jimcr\AppData\Roaming\Python\Python313\site-packages\httpcore\_async\connection_pool.py", line 353, in aclose
    await self._close_connections(closing_connections)
  File "C:\Users\jimcr\AppData\Roaming\Python\Python313\site-packages\httpcore\_async\connection_pool.py", line 345, in _close_connections
    await connection.aclose()
  File "C:\Users\jimcr\AppData\Roaming\Python\Python313\site-packages\httpcore\_async\connection.py", line 173, in aclose
    await self._connection.aclose()
  File "C:\Users\jimcr\AppData\Roaming\Python\Python313\site-packages\httpcore\_async\http11.py", line 258, in aclose
    await self._network_stream.aclose()
  File "C:\Users\jimcr\AppData\Roaming\Python\Python313\site-packages\httpcore\_backends\anyio.py", line 53, in aclose
    await self._stream.aclose()
  File "C:\Users\jimcr\AppData\Roaming\Python\Python313\site-packages\anyio\streams\tls.py", line 236, in aclose
    await self.transport_stream.aclose()
  File "C:\Users\jimcr\AppData\Roaming\Python\Python313\site-packages\anyio\_backends\_asyncio.py", line 1344, in aclose
    self._transport.close()
    ~~~~~~~~~~~~~~~~~~~~~^^
  File "C:\Python313\Lib\asyncio\proactor_events.py", line 109, in close
    self._loop.call_soon(self._call_connection_lost, None)
    ~~~~~~~~~~~~~~~~~~~~^^^^^^^^^^^^^^^^^^^^^^^^^^^^^^^^^^
  File "C:\Python313\Lib\asyncio\base_events.py", line 828, in call_soon
    self._check_closed()
    ~~~~~~~~~~~~~~~~~~^^
  File "C:\Python313\Lib\asyncio\base_events.py", line 551, in _check_closed
    raise RuntimeError('Event loop is closed')
RuntimeError: Event loop is closed
INFO:regular_website_pipeline:  🤖 Starting DeepSeek analysis...
INFO:simple_llm_analysis:  ⏳ Initializing DeepSeek client...
INFO:simple_llm_analysis:  ⏱️ DeepSeek client initialized in 1.76 seconds
INFO:httpx:HTTP Request: POST https://api.deepseek.com/chat/completions "HTTP/1.1 200 OK"
INFO:regular_website_pipeline:  ✓ Analysis complete. Found 1 opportunities.
ERROR:asyncio:Task exception was never retrieved
future: <Task finished name='Task-1047' coro=<AsyncClient.aclose() done, defined at C:\Users\jimcr\AppData\Roaming\Python\Python313\site-packages\httpx\_client.py:1996> exception=RuntimeError('Event loop is closed')>
Traceback (most recent call last):
  File "C:\Users\jimcr\AppData\Roaming\Python\Python313\site-packages\httpx\_client.py", line 2003, in aclose
    await self._transport.aclose()
  File "C:\Users\jimcr\AppData\Roaming\Python\Python313\site-packages\httpx\_transports\default.py", line 383, in aclose
    await self._pool.aclose()
  File "C:\Users\jimcr\AppData\Roaming\Python\Python313\site-packages\httpcore\_async\connection_pool.py", line 353, in aclose
    await self._close_connections(closing_connections)
  File "C:\Users\jimcr\AppData\Roaming\Python\Python313\site-packages\httpcore\_async\connection_pool.py", line 345, in _close_connections
    await connection.aclose()
  File "C:\Users\jimcr\AppData\Roaming\Python\Python313\site-packages\httpcore\_async\connection.py", line 173, in aclose
    await self._connection.aclose()
  File "C:\Users\jimcr\AppData\Roaming\Python\Python313\site-packages\httpcore\_async\http11.py", line 258, in aclose
    await self._network_stream.aclose()
  File "C:\Users\jimcr\AppData\Roaming\Python\Python313\site-packages\httpcore\_backends\anyio.py", line 53, in aclose
    await self._stream.aclose()
  File "C:\Users\jimcr\AppData\Roaming\Python\Python313\site-packages\anyio\streams\tls.py", line 236, in aclose
    await self.transport_stream.aclose()
  File "C:\Users\jimcr\AppData\Roaming\Python\Python313\site-packages\anyio\_backends\_asyncio.py", line 1344, in aclose
    self._transport.close()
    ~~~~~~~~~~~~~~~~~~~~~^^
  File "C:\Python313\Lib\asyncio\proactor_events.py", line 109, in close
    self._loop.call_soon(self._call_connection_lost, None)
    ~~~~~~~~~~~~~~~~~~~~^^^^^^^^^^^^^^^^^^^^^^^^^^^^^^^^^^
  File "C:\Python313\Lib\asyncio\base_events.py", line 828, in call_soon
    self._check_closed()
    ~~~~~~~~~~~~~~~~~~^^
  File "C:\Python313\Lib\asyncio\base_events.py", line 551, in _check_closed
    raise RuntimeError('Event loop is closed')
RuntimeError: Event loop is closed
INFO:regular_website_pipeline:  🤖 Starting DeepSeek analysis...
INFO:simple_llm_analysis:  ⏳ Initializing DeepSeek client...
INFO:simple_llm_analysis:  ⏱️ DeepSeek client initialized in 1.61 seconds
INFO:httpx:HTTP Request: POST https://api.deepseek.com/chat/completions "HTTP/1.1 200 OK"
INFO:regular_website_pipeline:  ✓ Analysis complete. Found 1 opportunities.
ERROR:asyncio:Task exception was never retrieved
future: <Task finished name='Task-1071' coro=<AsyncClient.aclose() done, defined at C:\Users\jimcr\AppData\Roaming\Python\Python313\site-packages\httpx\_client.py:1996> exception=RuntimeError('Event loop is closed')>
Traceback (most recent call last):
  File "C:\Users\jimcr\AppData\Roaming\Python\Python313\site-packages\httpx\_client.py", line 2003, in aclose
    await self._transport.aclose()
  File "C:\Users\jimcr\AppData\Roaming\Python\Python313\site-packages\httpx\_transports\default.py", line 383, in aclose
    await self._pool.aclose()
  File "C:\Users\jimcr\AppData\Roaming\Python\Python313\site-packages\httpcore\_async\connection_pool.py", line 353, in aclose
    await self._close_connections(closing_connections)
  File "C:\Users\jimcr\AppData\Roaming\Python\Python313\site-packages\httpcore\_async\connection_pool.py", line 345, in _close_connections
    await connection.aclose()
  File "C:\Users\jimcr\AppData\Roaming\Python\Python313\site-packages\httpcore\_async\connection.py", line 173, in aclose
    await self._connection.aclose()
  File "C:\Users\jimcr\AppData\Roaming\Python\Python313\site-packages\httpcore\_async\http11.py", line 258, in aclose
    await self._network_stream.aclose()
  File "C:\Users\jimcr\AppData\Roaming\Python\Python313\site-packages\httpcore\_backends\anyio.py", line 53, in aclose
    await self._stream.aclose()
  File "C:\Users\jimcr\AppData\Roaming\Python\Python313\site-packages\anyio\streams\tls.py", line 236, in aclose
    await self.transport_stream.aclose()
  File "C:\Users\jimcr\AppData\Roaming\Python\Python313\site-packages\anyio\_backends\_asyncio.py", line 1344, in aclose
    self._transport.close()
    ~~~~~~~~~~~~~~~~~~~~~^^
  File "C:\Python313\Lib\asyncio\proactor_events.py", line 109, in close
    self._loop.call_soon(self._call_connection_lost, None)
    ~~~~~~~~~~~~~~~~~~~~^^^^^^^^^^^^^^^^^^^^^^^^^^^^^^^^^^
  File "C:\Python313\Lib\asyncio\base_events.py", line 828, in call_soon
    self._check_closed()
    ~~~~~~~~~~~~~~~~~~^^
  File "C:\Python313\Lib\asyncio\base_events.py", line 551, in _check_closed
    raise RuntimeError('Event loop is closed')
RuntimeError: Event loop is closed
INFO:regular_website_pipeline:  🤖 Starting DeepSeek analysis...
INFO:simple_llm_analysis:  ⏳ Initializing DeepSeek client...
INFO:simple_llm_analysis:  ⏱️ DeepSeek client initialized in 1.60 seconds
INFO:httpx:HTTP Request: POST https://api.deepseek.com/chat/completions "HTTP/1.1 200 OK"
INFO:regular_website_pipeline:  ✓ Analysis complete. Found 0 opportunities.
ERROR:asyncio:Task exception was never retrieved
future: <Task finished name='Task-1095' coro=<AsyncClient.aclose() done, defined at C:\Users\jimcr\AppData\Roaming\Python\Python313\site-packages\httpx\_client.py:1996> exception=RuntimeError('Event loop is closed')>
Traceback (most recent call last):
  File "C:\Users\jimcr\AppData\Roaming\Python\Python313\site-packages\httpx\_client.py", line 2003, in aclose
    await self._transport.aclose()
  File "C:\Users\jimcr\AppData\Roaming\Python\Python313\site-packages\httpx\_transports\default.py", line 383, in aclose
    await self._pool.aclose()
  File "C:\Users\jimcr\AppData\Roaming\Python\Python313\site-packages\httpcore\_async\connection_pool.py", line 353, in aclose
    await self._close_connections(closing_connections)
  File "C:\Users\jimcr\AppData\Roaming\Python\Python313\site-packages\httpcore\_async\connection_pool.py", line 345, in _close_connections
    await connection.aclose()
  File "C:\Users\jimcr\AppData\Roaming\Python\Python313\site-packages\httpcore\_async\connection.py", line 173, in aclose
    await self._connection.aclose()
  File "C:\Users\jimcr\AppData\Roaming\Python\Python313\site-packages\httpcore\_async\http11.py", line 258, in aclose
    await self._network_stream.aclose()
  File "C:\Users\jimcr\AppData\Roaming\Python\Python313\site-packages\httpcore\_backends\anyio.py", line 53, in aclose
    await self._stream.aclose()
  File "C:\Users\jimcr\AppData\Roaming\Python\Python313\site-packages\anyio\streams\tls.py", line 236, in aclose
    await self.transport_stream.aclose()
  File "C:\Users\jimcr\AppData\Roaming\Python\Python313\site-packages\anyio\_backends\_asyncio.py", line 1344, in aclose
    self._transport.close()
    ~~~~~~~~~~~~~~~~~~~~~^^
  File "C:\Python313\Lib\asyncio\proactor_events.py", line 109, in close
    self._loop.call_soon(self._call_connection_lost, None)
    ~~~~~~~~~~~~~~~~~~~~^^^^^^^^^^^^^^^^^^^^^^^^^^^^^^^^^^
  File "C:\Python313\Lib\asyncio\base_events.py", line 828, in call_soon
    self._check_closed()
    ~~~~~~~~~~~~~~~~~~^^
  File "C:\Python313\Lib\asyncio\base_events.py", line 551, in _check_closed
    raise RuntimeError('Event loop is closed')
RuntimeError: Event loop is closed
INFO:regular_website_pipeline:  🤖 Starting DeepSeek analysis...
INFO:simple_llm_analysis:  ⏳ Initializing DeepSeek client...
INFO:simple_llm_analysis:  ⏱️ DeepSeek client initialized in 1.50 seconds
INFO:httpx:HTTP Request: POST https://api.deepseek.com/chat/completions "HTTP/1.1 200 OK"
INFO:regular_website_pipeline:  ✓ Analysis complete. Found 2 opportunities.
ERROR:asyncio:Task exception was never retrieved
future: <Task finished name='Task-1122' coro=<AsyncClient.aclose() done, defined at C:\Users\jimcr\AppData\Roaming\Python\Python313\site-packages\httpx\_client.py:1996> exception=RuntimeError('Event loop is closed')>
Traceback (most recent call last):
  File "C:\Users\jimcr\AppData\Roaming\Python\Python313\site-packages\httpx\_client.py", line 2003, in aclose
    await self._transport.aclose()
  File "C:\Users\jimcr\AppData\Roaming\Python\Python313\site-packages\httpx\_transports\default.py", line 383, in aclose
    await self._pool.aclose()
  File "C:\Users\jimcr\AppData\Roaming\Python\Python313\site-packages\httpcore\_async\connection_pool.py", line 353, in aclose
    await self._close_connections(closing_connections)
  File "C:\Users\jimcr\AppData\Roaming\Python\Python313\site-packages\httpcore\_async\connection_pool.py", line 345, in _close_connections
    await connection.aclose()
  File "C:\Users\jimcr\AppData\Roaming\Python\Python313\site-packages\httpcore\_async\connection.py", line 173, in aclose
    await self._connection.aclose()
  File "C:\Users\jimcr\AppData\Roaming\Python\Python313\site-packages\httpcore\_async\http11.py", line 258, in aclose
    await self._network_stream.aclose()
  File "C:\Users\jimcr\AppData\Roaming\Python\Python313\site-packages\httpcore\_backends\anyio.py", line 53, in aclose
    await self._stream.aclose()
  File "C:\Users\jimcr\AppData\Roaming\Python\Python313\site-packages\anyio\streams\tls.py", line 236, in aclose
    await self.transport_stream.aclose()
  File "C:\Users\jimcr\AppData\Roaming\Python\Python313\site-packages\anyio\_backends\_asyncio.py", line 1344, in aclose
    self._transport.close()
    ~~~~~~~~~~~~~~~~~~~~~^^
  File "C:\Python313\Lib\asyncio\proactor_events.py", line 109, in close
    self._loop.call_soon(self._call_connection_lost, None)
    ~~~~~~~~~~~~~~~~~~~~^^^^^^^^^^^^^^^^^^^^^^^^^^^^^^^^^^
  File "C:\Python313\Lib\asyncio\base_events.py", line 828, in call_soon
    self._check_closed()
    ~~~~~~~~~~~~~~~~~~^^
  File "C:\Python313\Lib\asyncio\base_events.py", line 551, in _check_closed
    raise RuntimeError('Event loop is closed')
RuntimeError: Event loop is closed
INFO:regular_website_pipeline:  🤖 Starting DeepSeek analysis...
INFO:simple_llm_analysis:  ⏳ Initializing DeepSeek client...
INFO:simple_llm_analysis:  ⏱️ DeepSeek client initialized in 2.08 seconds
INFO:httpx:HTTP Request: POST https://api.deepseek.com/chat/completions "HTTP/1.1 200 OK"
INFO:regular_website_pipeline:  ✓ Analysis complete. Found 1 opportunities.
ERROR:asyncio:Task exception was never retrieved
future: <Task finished name='Task-1150' coro=<AsyncClient.aclose() done, defined at C:\Users\jimcr\AppData\Roaming\Python\Python313\site-packages\httpx\_client.py:1996> exception=RuntimeError('Event loop is closed')>
Traceback (most recent call last):
  File "C:\Users\jimcr\AppData\Roaming\Python\Python313\site-packages\httpx\_client.py", line 2003, in aclose
    await self._transport.aclose()
  File "C:\Users\jimcr\AppData\Roaming\Python\Python313\site-packages\httpx\_transports\default.py", line 383, in aclose
    await self._pool.aclose()
  File "C:\Users\jimcr\AppData\Roaming\Python\Python313\site-packages\httpcore\_async\connection_pool.py", line 353, in aclose
    await self._close_connections(closing_connections)
  File "C:\Users\jimcr\AppData\Roaming\Python\Python313\site-packages\httpcore\_async\connection_pool.py", line 345, in _close_connections
    await connection.aclose()
  File "C:\Users\jimcr\AppData\Roaming\Python\Python313\site-packages\httpcore\_async\connection.py", line 173, in aclose
    await self._connection.aclose()
  File "C:\Users\jimcr\AppData\Roaming\Python\Python313\site-packages\httpcore\_async\http11.py", line 258, in aclose
    await self._network_stream.aclose()
  File "C:\Users\jimcr\AppData\Roaming\Python\Python313\site-packages\httpcore\_backends\anyio.py", line 53, in aclose
    await self._stream.aclose()
  File "C:\Users\jimcr\AppData\Roaming\Python\Python313\site-packages\anyio\streams\tls.py", line 236, in aclose
    await self.transport_stream.aclose()
  File "C:\Users\jimcr\AppData\Roaming\Python\Python313\site-packages\anyio\_backends\_asyncio.py", line 1344, in aclose
    self._transport.close()
    ~~~~~~~~~~~~~~~~~~~~~^^
  File "C:\Python313\Lib\asyncio\proactor_events.py", line 109, in close
    self._loop.call_soon(self._call_connection_lost, None)
    ~~~~~~~~~~~~~~~~~~~~^^^^^^^^^^^^^^^^^^^^^^^^^^^^^^^^^^
  File "C:\Python313\Lib\asyncio\base_events.py", line 828, in call_soon
    self._check_closed()
    ~~~~~~~~~~~~~~~~~~^^
  File "C:\Python313\Lib\asyncio\base_events.py", line 551, in _check_closed
    raise RuntimeError('Event loop is closed')
RuntimeError: Event loop is closed
INFO:regular_website_pipeline:  🤖 Starting DeepSeek analysis...
INFO:simple_llm_analysis:  ⏳ Initializing DeepSeek client...
INFO:simple_llm_analysis:  ⏱️ DeepSeek client initialized in 1.96 seconds
INFO:httpx:HTTP Request: POST https://api.deepseek.com/chat/completions "HTTP/1.1 200 OK"
INFO:regular_website_pipeline:  ✓ Analysis complete. Found 2 opportunities.
ERROR:asyncio:Task exception was never retrieved
future: <Task finished name='Task-1178' coro=<AsyncClient.aclose() done, defined at C:\Users\jimcr\AppData\Roaming\Python\Python313\site-packages\httpx\_client.py:1996> exception=RuntimeError('Event loop is closed')>
Traceback (most recent call last):
  File "C:\Users\jimcr\AppData\Roaming\Python\Python313\site-packages\httpx\_client.py", line 2003, in aclose
    await self._transport.aclose()
  File "C:\Users\jimcr\AppData\Roaming\Python\Python313\site-packages\httpx\_transports\default.py", line 383, in aclose
    await self._pool.aclose()
  File "C:\Users\jimcr\AppData\Roaming\Python\Python313\site-packages\httpcore\_async\connection_pool.py", line 353, in aclose
    await self._close_connections(closing_connections)
  File "C:\Users\jimcr\AppData\Roaming\Python\Python313\site-packages\httpcore\_async\connection_pool.py", line 345, in _close_connections
    await connection.aclose()
  File "C:\Users\jimcr\AppData\Roaming\Python\Python313\site-packages\httpcore\_async\connection.py", line 173, in aclose
    await self._connection.aclose()
  File "C:\Users\jimcr\AppData\Roaming\Python\Python313\site-packages\httpcore\_async\http11.py", line 258, in aclose
    await self._network_stream.aclose()
  File "C:\Users\jimcr\AppData\Roaming\Python\Python313\site-packages\httpcore\_backends\anyio.py", line 53, in aclose
    await self._stream.aclose()
  File "C:\Users\jimcr\AppData\Roaming\Python\Python313\site-packages\anyio\streams\tls.py", line 236, in aclose
    await self.transport_stream.aclose()
  File "C:\Users\jimcr\AppData\Roaming\Python\Python313\site-packages\anyio\_backends\_asyncio.py", line 1344, in aclose
    self._transport.close()
    ~~~~~~~~~~~~~~~~~~~~~^^
  File "C:\Python313\Lib\asyncio\proactor_events.py", line 109, in close
    self._loop.call_soon(self._call_connection_lost, None)
    ~~~~~~~~~~~~~~~~~~~~^^^^^^^^^^^^^^^^^^^^^^^^^^^^^^^^^^
  File "C:\Python313\Lib\asyncio\base_events.py", line 828, in call_soon
    self._check_closed()
    ~~~~~~~~~~~~~~~~~~^^
  File "C:\Python313\Lib\asyncio\base_events.py", line 551, in _check_closed
    raise RuntimeError('Event loop is closed')
RuntimeError: Event loop is closed
INFO:regular_website_pipeline:  🤖 Starting DeepSeek analysis...
INFO:simple_llm_analysis:  ⏳ Initializing DeepSeek client...
INFO:simple_llm_analysis:  ⏱️ DeepSeek client initialized in 1.45 seconds
INFO:httpx:HTTP Request: POST https://api.deepseek.com/chat/completions "HTTP/1.1 200 OK"
INFO:regular_website_pipeline:  ✓ Analysis complete. Found 1 opportunities.
ERROR:asyncio:Task exception was never retrieved
future: <Task finished name='Task-1209' coro=<AsyncClient.aclose() done, defined at C:\Users\jimcr\AppData\Roaming\Python\Python313\site-packages\httpx\_client.py:1996> exception=RuntimeError('Event loop is closed')>
Traceback (most recent call last):
  File "C:\Users\jimcr\AppData\Roaming\Python\Python313\site-packages\httpx\_client.py", line 2003, in aclose
    await self._transport.aclose()
  File "C:\Users\jimcr\AppData\Roaming\Python\Python313\site-packages\httpx\_transports\default.py", line 383, in aclose
    await self._pool.aclose()
  File "C:\Users\jimcr\AppData\Roaming\Python\Python313\site-packages\httpcore\_async\connection_pool.py", line 353, in aclose
    await self._close_connections(closing_connections)
  File "C:\Users\jimcr\AppData\Roaming\Python\Python313\site-packages\httpcore\_async\connection_pool.py", line 345, in _close_connections
    await connection.aclose()
  File "C:\Users\jimcr\AppData\Roaming\Python\Python313\site-packages\httpcore\_async\connection.py", line 173, in aclose
    await self._connection.aclose()
  File "C:\Users\jimcr\AppData\Roaming\Python\Python313\site-packages\httpcore\_async\http11.py", line 258, in aclose
    await self._network_stream.aclose()
  File "C:\Users\jimcr\AppData\Roaming\Python\Python313\site-packages\httpcore\_backends\anyio.py", line 53, in aclose
    await self._stream.aclose()
  File "C:\Users\jimcr\AppData\Roaming\Python\Python313\site-packages\anyio\streams\tls.py", line 236, in aclose
    await self.transport_stream.aclose()
  File "C:\Users\jimcr\AppData\Roaming\Python\Python313\site-packages\anyio\_backends\_asyncio.py", line 1344, in aclose
    self._transport.close()
    ~~~~~~~~~~~~~~~~~~~~~^^
  File "C:\Python313\Lib\asyncio\proactor_events.py", line 109, in close
    self._loop.call_soon(self._call_connection_lost, None)
    ~~~~~~~~~~~~~~~~~~~~^^^^^^^^^^^^^^^^^^^^^^^^^^^^^^^^^^
  File "C:\Python313\Lib\asyncio\base_events.py", line 828, in call_soon
    self._check_closed()
    ~~~~~~~~~~~~~~~~~~^^
  File "C:\Python313\Lib\asyncio\base_events.py", line 551, in _check_closed
    raise RuntimeError('Event loop is closed')
RuntimeError: Event loop is closed
INFO:regular_website_pipeline:  🤖 Starting DeepSeek analysis...
INFO:simple_llm_analysis:  ⏳ Initializing DeepSeek client...
INFO:simple_llm_analysis:  ⏱️ DeepSeek client initialized in 1.83 seconds
INFO:httpx:HTTP Request: POST https://api.deepseek.com/chat/completions "HTTP/1.1 200 OK"
INFO:regular_website_pipeline:  ✓ Analysis complete. Found 0 opportunities.
ERROR:asyncio:Task exception was never retrieved
future: <Task finished name='Task-1240' coro=<AsyncClient.aclose() done, defined at C:\Users\jimcr\AppData\Roaming\Python\Python313\site-packages\httpx\_client.py:1996> exception=RuntimeError('Event loop is closed')>
Traceback (most recent call last):
  File "C:\Users\jimcr\AppData\Roaming\Python\Python313\site-packages\httpx\_client.py", line 2003, in aclose
    await self._transport.aclose()
  File "C:\Users\jimcr\AppData\Roaming\Python\Python313\site-packages\httpx\_transports\default.py", line 383, in aclose
    await self._pool.aclose()
  File "C:\Users\jimcr\AppData\Roaming\Python\Python313\site-packages\httpcore\_async\connection_pool.py", line 353, in aclose
    await self._close_connections(closing_connections)
  File "C:\Users\jimcr\AppData\Roaming\Python\Python313\site-packages\httpcore\_async\connection_pool.py", line 345, in _close_connections
    await connection.aclose()
  File "C:\Users\jimcr\AppData\Roaming\Python\Python313\site-packages\httpcore\_async\connection.py", line 173, in aclose
    await self._connection.aclose()
  File "C:\Users\jimcr\AppData\Roaming\Python\Python313\site-packages\httpcore\_async\http11.py", line 258, in aclose
    await self._network_stream.aclose()
  File "C:\Users\jimcr\AppData\Roaming\Python\Python313\site-packages\httpcore\_backends\anyio.py", line 53, in aclose
    await self._stream.aclose()
  File "C:\Users\jimcr\AppData\Roaming\Python\Python313\site-packages\anyio\streams\tls.py", line 236, in aclose
    await self.transport_stream.aclose()
  File "C:\Users\jimcr\AppData\Roaming\Python\Python313\site-packages\anyio\_backends\_asyncio.py", line 1344, in aclose
    self._transport.close()
    ~~~~~~~~~~~~~~~~~~~~~^^
  File "C:\Python313\Lib\asyncio\proactor_events.py", line 109, in close
    self._loop.call_soon(self._call_connection_lost, None)
    ~~~~~~~~~~~~~~~~~~~~^^^^^^^^^^^^^^^^^^^^^^^^^^^^^^^^^^
  File "C:\Python313\Lib\asyncio\base_events.py", line 828, in call_soon
    self._check_closed()
    ~~~~~~~~~~~~~~~~~~^^
  File "C:\Python313\Lib\asyncio\base_events.py", line 551, in _check_closed
    raise RuntimeError('Event loop is closed')
RuntimeError: Event loop is closed
INFO:regular_website_pipeline:  🤖 Starting DeepSeek analysis...
INFO:simple_llm_analysis:  ⏳ Initializing DeepSeek client...
INFO:simple_llm_analysis:  ⏱️ DeepSeek client initialized in 1.86 seconds
INFO:httpx:HTTP Request: POST https://api.deepseek.com/chat/completions "HTTP/1.1 200 OK"
INFO:regular_website_pipeline:  ✓ Analysis complete. Found 1 opportunities.
ERROR:asyncio:Task exception was never retrieved
future: <Task finished name='Task-1266' coro=<AsyncClient.aclose() done, defined at C:\Users\jimcr\AppData\Roaming\Python\Python313\site-packages\httpx\_client.py:1996> exception=RuntimeError('Event loop is closed')>
Traceback (most recent call last):
  File "C:\Users\jimcr\AppData\Roaming\Python\Python313\site-packages\httpx\_client.py", line 2003, in aclose
    await self._transport.aclose()
  File "C:\Users\jimcr\AppData\Roaming\Python\Python313\site-packages\httpx\_transports\default.py", line 383, in aclose
    await self._pool.aclose()
  File "C:\Users\jimcr\AppData\Roaming\Python\Python313\site-packages\httpcore\_async\connection_pool.py", line 353, in aclose
    await self._close_connections(closing_connections)
  File "C:\Users\jimcr\AppData\Roaming\Python\Python313\site-packages\httpcore\_async\connection_pool.py", line 345, in _close_connections
    await connection.aclose()
  File "C:\Users\jimcr\AppData\Roaming\Python\Python313\site-packages\httpcore\_async\connection.py", line 173, in aclose
    await self._connection.aclose()
  File "C:\Users\jimcr\AppData\Roaming\Python\Python313\site-packages\httpcore\_async\http11.py", line 258, in aclose
    await self._network_stream.aclose()
  File "C:\Users\jimcr\AppData\Roaming\Python\Python313\site-packages\httpcore\_backends\anyio.py", line 53, in aclose
    await self._stream.aclose()
  File "C:\Users\jimcr\AppData\Roaming\Python\Python313\site-packages\anyio\streams\tls.py", line 236, in aclose
    await self.transport_stream.aclose()
  File "C:\Users\jimcr\AppData\Roaming\Python\Python313\site-packages\anyio\_backends\_asyncio.py", line 1344, in aclose
    self._transport.close()
    ~~~~~~~~~~~~~~~~~~~~~^^
  File "C:\Python313\Lib\asyncio\proactor_events.py", line 109, in close
    self._loop.call_soon(self._call_connection_lost, None)
    ~~~~~~~~~~~~~~~~~~~~^^^^^^^^^^^^^^^^^^^^^^^^^^^^^^^^^^
  File "C:\Python313\Lib\asyncio\base_events.py", line 828, in call_soon
    self._check_closed()
    ~~~~~~~~~~~~~~~~~~^^
  File "C:\Python313\Lib\asyncio\base_events.py", line 551, in _check_closed
    raise RuntimeError('Event loop is closed')
RuntimeError: Event loop is closed
INFO:regular_website_pipeline:  🤖 Starting DeepSeek analysis...
INFO:simple_llm_analysis:  ⏳ Initializing DeepSeek client...
INFO:simple_llm_analysis:  ⏱️ DeepSeek client initialized in 1.60 seconds
INFO:httpx:HTTP Request: POST https://api.deepseek.com/chat/completions "HTTP/1.1 200 OK"
INFO:regular_website_pipeline:  ✓ Analysis complete. Found 0 opportunities.
ERROR:asyncio:Task exception was never retrieved
future: <Task finished name='Task-1297' coro=<AsyncClient.aclose() done, defined at C:\Users\jimcr\AppData\Roaming\Python\Python313\site-packages\httpx\_client.py:1996> exception=RuntimeError('Event loop is closed')>
Traceback (most recent call last):
  File "C:\Users\jimcr\AppData\Roaming\Python\Python313\site-packages\httpx\_client.py", line 2003, in aclose
    await self._transport.aclose()
  File "C:\Users\jimcr\AppData\Roaming\Python\Python313\site-packages\httpx\_transports\default.py", line 383, in aclose
    await self._pool.aclose()
  File "C:\Users\jimcr\AppData\Roaming\Python\Python313\site-packages\httpcore\_async\connection_pool.py", line 353, in aclose
    await self._close_connections(closing_connections)
  File "C:\Users\jimcr\AppData\Roaming\Python\Python313\site-packages\httpcore\_async\connection_pool.py", line 345, in _close_connections
    await connection.aclose()
  File "C:\Users\jimcr\AppData\Roaming\Python\Python313\site-packages\httpcore\_async\connection.py", line 173, in aclose
    await self._connection.aclose()
  File "C:\Users\jimcr\AppData\Roaming\Python\Python313\site-packages\httpcore\_async\http11.py", line 258, in aclose
    await self._network_stream.aclose()
  File "C:\Users\jimcr\AppData\Roaming\Python\Python313\site-packages\httpcore\_backends\anyio.py", line 53, in aclose
    await self._stream.aclose()
  File "C:\Users\jimcr\AppData\Roaming\Python\Python313\site-packages\anyio\streams\tls.py", line 236, in aclose
    await self.transport_stream.aclose()
  File "C:\Users\jimcr\AppData\Roaming\Python\Python313\site-packages\anyio\_backends\_asyncio.py", line 1344, in aclose
    self._transport.close()
    ~~~~~~~~~~~~~~~~~~~~~^^
  File "C:\Python313\Lib\asyncio\proactor_events.py", line 109, in close
    self._loop.call_soon(self._call_connection_lost, None)
    ~~~~~~~~~~~~~~~~~~~~^^^^^^^^^^^^^^^^^^^^^^^^^^^^^^^^^^
  File "C:\Python313\Lib\asyncio\base_events.py", line 828, in call_soon
    self._check_closed()
    ~~~~~~~~~~~~~~~~~~^^
  File "C:\Python313\Lib\asyncio\base_events.py", line 551, in _check_closed
    raise RuntimeError('Event loop is closed')
RuntimeError: Event loop is closed
INFO:regular_website_pipeline:  🤖 Starting DeepSeek analysis...
INFO:simple_llm_analysis:  ⏳ Initializing DeepSeek client...
INFO:simple_llm_analysis:  ⏱️ DeepSeek client initialized in 1.44 seconds
INFO:httpx:HTTP Request: POST https://api.deepseek.com/chat/completions "HTTP/1.1 200 OK"
INFO:regular_website_pipeline:  ✓ Analysis complete. Found 0 opportunities.
ERROR:asyncio:Task exception was never retrieved
future: <Task finished name='Task-1328' coro=<AsyncClient.aclose() done, defined at C:\Users\jimcr\AppData\Roaming\Python\Python313\site-packages\httpx\_client.py:1996> exception=RuntimeError('Event loop is closed')>
Traceback (most recent call last):
  File "C:\Users\jimcr\AppData\Roaming\Python\Python313\site-packages\httpx\_client.py", line 2003, in aclose
    await self._transport.aclose()
  File "C:\Users\jimcr\AppData\Roaming\Python\Python313\site-packages\httpx\_transports\default.py", line 383, in aclose
    await self._pool.aclose()
  File "C:\Users\jimcr\AppData\Roaming\Python\Python313\site-packages\httpcore\_async\connection_pool.py", line 353, in aclose
    await self._close_connections(closing_connections)
  File "C:\Users\jimcr\AppData\Roaming\Python\Python313\site-packages\httpcore\_async\connection_pool.py", line 345, in _close_connections
    await connection.aclose()
  File "C:\Users\jimcr\AppData\Roaming\Python\Python313\site-packages\httpcore\_async\connection.py", line 173, in aclose
    await self._connection.aclose()
  File "C:\Users\jimcr\AppData\Roaming\Python\Python313\site-packages\httpcore\_async\http11.py", line 258, in aclose
    await self._network_stream.aclose()
  File "C:\Users\jimcr\AppData\Roaming\Python\Python313\site-packages\httpcore\_backends\anyio.py", line 53, in aclose
    await self._stream.aclose()
  File "C:\Users\jimcr\AppData\Roaming\Python\Python313\site-packages\anyio\streams\tls.py", line 236, in aclose
    await self.transport_stream.aclose()
  File "C:\Users\jimcr\AppData\Roaming\Python\Python313\site-packages\anyio\_backends\_asyncio.py", line 1344, in aclose
    self._transport.close()
    ~~~~~~~~~~~~~~~~~~~~~^^
  File "C:\Python313\Lib\asyncio\proactor_events.py", line 109, in close
    self._loop.call_soon(self._call_connection_lost, None)
    ~~~~~~~~~~~~~~~~~~~~^^^^^^^^^^^^^^^^^^^^^^^^^^^^^^^^^^
  File "C:\Python313\Lib\asyncio\base_events.py", line 828, in call_soon
    self._check_closed()
    ~~~~~~~~~~~~~~~~~~^^
  File "C:\Python313\Lib\asyncio\base_events.py", line 551, in _check_closed
    raise RuntimeError('Event loop is closed')
RuntimeError: Event loop is closed
INFO:regular_website_pipeline:  🤖 Starting DeepSeek analysis...
INFO:simple_llm_analysis:  ⏳ Initializing DeepSeek client...
INFO:simple_llm_analysis:  ⏱️ DeepSeek client initialized in 1.30 seconds
INFO:httpx:HTTP Request: POST https://api.deepseek.com/chat/completions "HTTP/1.1 200 OK"
INFO:regular_website_pipeline:  ✓ Analysis complete. Found 2 opportunities.
ERROR:asyncio:Task exception was never retrieved
future: <Task finished name='Task-1352' coro=<AsyncClient.aclose() done, defined at C:\Users\jimcr\AppData\Roaming\Python\Python313\site-packages\httpx\_client.py:1996> exception=RuntimeError('Event loop is closed')>
Traceback (most recent call last):
  File "C:\Users\jimcr\AppData\Roaming\Python\Python313\site-packages\httpx\_client.py", line 2003, in aclose
    await self._transport.aclose()
  File "C:\Users\jimcr\AppData\Roaming\Python\Python313\site-packages\httpx\_transports\default.py", line 383, in aclose
    await self._pool.aclose()
  File "C:\Users\jimcr\AppData\Roaming\Python\Python313\site-packages\httpcore\_async\connection_pool.py", line 353, in aclose
    await self._close_connections(closing_connections)
  File "C:\Users\jimcr\AppData\Roaming\Python\Python313\site-packages\httpcore\_async\connection_pool.py", line 345, in _close_connections
    await connection.aclose()
  File "C:\Users\jimcr\AppData\Roaming\Python\Python313\site-packages\httpcore\_async\connection.py", line 173, in aclose
    await self._connection.aclose()
  File "C:\Users\jimcr\AppData\Roaming\Python\Python313\site-packages\httpcore\_async\http11.py", line 258, in aclose
    await self._network_stream.aclose()
  File "C:\Users\jimcr\AppData\Roaming\Python\Python313\site-packages\httpcore\_backends\anyio.py", line 53, in aclose
    await self._stream.aclose()
  File "C:\Users\jimcr\AppData\Roaming\Python\Python313\site-packages\anyio\streams\tls.py", line 236, in aclose
    await self.transport_stream.aclose()
  File "C:\Users\jimcr\AppData\Roaming\Python\Python313\site-packages\anyio\_backends\_asyncio.py", line 1344, in aclose
    self._transport.close()
    ~~~~~~~~~~~~~~~~~~~~~^^
  File "C:\Python313\Lib\asyncio\proactor_events.py", line 109, in close
    self._loop.call_soon(self._call_connection_lost, None)
    ~~~~~~~~~~~~~~~~~~~~^^^^^^^^^^^^^^^^^^^^^^^^^^^^^^^^^^
  File "C:\Python313\Lib\asyncio\base_events.py", line 828, in call_soon
    self._check_closed()
    ~~~~~~~~~~~~~~~~~~^^
  File "C:\Python313\Lib\asyncio\base_events.py", line 551, in _check_closed
    raise RuntimeError('Event loop is closed')
RuntimeError: Event loop is closed
INFO:regular_website_pipeline:  🤖 Starting DeepSeek analysis...
INFO:simple_llm_analysis:  ⏳ Initializing DeepSeek client...
INFO:simple_llm_analysis:  ⏱️ DeepSeek client initialized in 1.57 seconds
INFO:httpx:HTTP Request: POST https://api.deepseek.com/chat/completions "HTTP/1.1 200 OK"
INFO:regular_website_pipeline:  ✓ Analysis complete. Found 6 opportunities.
ERROR:asyncio:Task exception was never retrieved
future: <Task finished name='Task-1383' coro=<AsyncClient.aclose() done, defined at C:\Users\jimcr\AppData\Roaming\Python\Python313\site-packages\httpx\_client.py:1996> exception=RuntimeError('Event loop is closed')>
Traceback (most recent call last):
  File "C:\Users\jimcr\AppData\Roaming\Python\Python313\site-packages\httpx\_client.py", line 2003, in aclose
    await self._transport.aclose()
  File "C:\Users\jimcr\AppData\Roaming\Python\Python313\site-packages\httpx\_transports\default.py", line 383, in aclose
    await self._pool.aclose()
  File "C:\Users\jimcr\AppData\Roaming\Python\Python313\site-packages\httpcore\_async\connection_pool.py", line 353, in aclose
    await self._close_connections(closing_connections)
  File "C:\Users\jimcr\AppData\Roaming\Python\Python313\site-packages\httpcore\_async\connection_pool.py", line 345, in _close_connections
    await connection.aclose()
  File "C:\Users\jimcr\AppData\Roaming\Python\Python313\site-packages\httpcore\_async\connection.py", line 173, in aclose
    await self._connection.aclose()
  File "C:\Users\jimcr\AppData\Roaming\Python\Python313\site-packages\httpcore\_async\http11.py", line 258, in aclose
    await self._network_stream.aclose()
  File "C:\Users\jimcr\AppData\Roaming\Python\Python313\site-packages\httpcore\_backends\anyio.py", line 53, in aclose
    await self._stream.aclose()
  File "C:\Users\jimcr\AppData\Roaming\Python\Python313\site-packages\anyio\streams\tls.py", line 236, in aclose
    await self.transport_stream.aclose()
  File "C:\Users\jimcr\AppData\Roaming\Python\Python313\site-packages\anyio\_backends\_asyncio.py", line 1344, in aclose
    self._transport.close()
    ~~~~~~~~~~~~~~~~~~~~~^^
  File "C:\Python313\Lib\asyncio\proactor_events.py", line 109, in close
    self._loop.call_soon(self._call_connection_lost, None)
    ~~~~~~~~~~~~~~~~~~~~^^^^^^^^^^^^^^^^^^^^^^^^^^^^^^^^^^
  File "C:\Python313\Lib\asyncio\base_events.py", line 828, in call_soon
    self._check_closed()
    ~~~~~~~~~~~~~~~~~~^^
  File "C:\Python313\Lib\asyncio\base_events.py", line 551, in _check_closed
    raise RuntimeError('Event loop is closed')
RuntimeError: Event loop is closed
INFO:regular_website_pipeline:  🤖 Starting DeepSeek analysis...
INFO:simple_llm_analysis:  ⏳ Initializing DeepSeek client...
INFO:simple_llm_analysis:  ⏱️ DeepSeek client initialized in 1.63 seconds
INFO:httpx:HTTP Request: POST https://api.deepseek.com/chat/completions "HTTP/1.1 200 OK"
INFO:regular_website_pipeline:  ✓ Analysis complete. Found 1 opportunities.
ERROR:asyncio:Task exception was never retrieved
future: <Task finished name='Task-1414' coro=<AsyncClient.aclose() done, defined at C:\Users\jimcr\AppData\Roaming\Python\Python313\site-packages\httpx\_client.py:1996> exception=RuntimeError('Event loop is closed')>
Traceback (most recent call last):
  File "C:\Users\jimcr\AppData\Roaming\Python\Python313\site-packages\httpx\_client.py", line 2003, in aclose
    await self._transport.aclose()
  File "C:\Users\jimcr\AppData\Roaming\Python\Python313\site-packages\httpx\_transports\default.py", line 383, in aclose
    await self._pool.aclose()
  File "C:\Users\jimcr\AppData\Roaming\Python\Python313\site-packages\httpcore\_async\connection_pool.py", line 353, in aclose
    await self._close_connections(closing_connections)
  File "C:\Users\jimcr\AppData\Roaming\Python\Python313\site-packages\httpcore\_async\connection_pool.py", line 345, in _close_connections
    await connection.aclose()
  File "C:\Users\jimcr\AppData\Roaming\Python\Python313\site-packages\httpcore\_async\connection.py", line 173, in aclose
    await self._connection.aclose()
  File "C:\Users\jimcr\AppData\Roaming\Python\Python313\site-packages\httpcore\_async\http11.py", line 258, in aclose
    await self._network_stream.aclose()
  File "C:\Users\jimcr\AppData\Roaming\Python\Python313\site-packages\httpcore\_backends\anyio.py", line 53, in aclose
    await self._stream.aclose()
  File "C:\Users\jimcr\AppData\Roaming\Python\Python313\site-packages\anyio\streams\tls.py", line 236, in aclose
    await self.transport_stream.aclose()
  File "C:\Users\jimcr\AppData\Roaming\Python\Python313\site-packages\anyio\_backends\_asyncio.py", line 1344, in aclose
    self._transport.close()
    ~~~~~~~~~~~~~~~~~~~~~^^
  File "C:\Python313\Lib\asyncio\proactor_events.py", line 109, in close
    self._loop.call_soon(self._call_connection_lost, None)
    ~~~~~~~~~~~~~~~~~~~~^^^^^^^^^^^^^^^^^^^^^^^^^^^^^^^^^^
  File "C:\Python313\Lib\asyncio\base_events.py", line 828, in call_soon
    self._check_closed()
    ~~~~~~~~~~~~~~~~~~^^
  File "C:\Python313\Lib\asyncio\base_events.py", line 551, in _check_closed
    raise RuntimeError('Event loop is closed')
RuntimeError: Event loop is closed
INFO:regular_website_pipeline:  🤖 Starting DeepSeek analysis...
INFO:simple_llm_analysis:  ⏳ Initializing DeepSeek client...
INFO:simple_llm_analysis:  ⏱️ DeepSeek client initialized in 2.08 seconds
INFO:httpx:HTTP Request: POST https://api.deepseek.com/chat/completions "HTTP/1.1 200 OK"
INFO:regular_website_pipeline:  ✓ Analysis complete. Found 0 opportunities.
ERROR:asyncio:Task exception was never retrieved
future: <Task finished name='Task-1445' coro=<AsyncClient.aclose() done, defined at C:\Users\jimcr\AppData\Roaming\Python\Python313\site-packages\httpx\_client.py:1996> exception=RuntimeError('Event loop is closed')>
Traceback (most recent call last):
  File "C:\Users\jimcr\AppData\Roaming\Python\Python313\site-packages\httpx\_client.py", line 2003, in aclose
    await self._transport.aclose()
  File "C:\Users\jimcr\AppData\Roaming\Python\Python313\site-packages\httpx\_transports\default.py", line 383, in aclose
    await self._pool.aclose()
  File "C:\Users\jimcr\AppData\Roaming\Python\Python313\site-packages\httpcore\_async\connection_pool.py", line 353, in aclose
    await self._close_connections(closing_connections)
  File "C:\Users\jimcr\AppData\Roaming\Python\Python313\site-packages\httpcore\_async\connection_pool.py", line 345, in _close_connections
    await connection.aclose()
  File "C:\Users\jimcr\AppData\Roaming\Python\Python313\site-packages\httpcore\_async\connection.py", line 173, in aclose
    await self._connection.aclose()
  File "C:\Users\jimcr\AppData\Roaming\Python\Python313\site-packages\httpcore\_async\http11.py", line 258, in aclose
    await self._network_stream.aclose()
  File "C:\Users\jimcr\AppData\Roaming\Python\Python313\site-packages\httpcore\_backends\anyio.py", line 53, in aclose
    await self._stream.aclose()
  File "C:\Users\jimcr\AppData\Roaming\Python\Python313\site-packages\anyio\streams\tls.py", line 236, in aclose
    await self.transport_stream.aclose()
  File "C:\Users\jimcr\AppData\Roaming\Python\Python313\site-packages\anyio\_backends\_asyncio.py", line 1344, in aclose
    self._transport.close()
    ~~~~~~~~~~~~~~~~~~~~~^^
  File "C:\Python313\Lib\asyncio\proactor_events.py", line 109, in close
    self._loop.call_soon(self._call_connection_lost, None)
    ~~~~~~~~~~~~~~~~~~~~^^^^^^^^^^^^^^^^^^^^^^^^^^^^^^^^^^
  File "C:\Python313\Lib\asyncio\base_events.py", line 828, in call_soon
    self._check_closed()
    ~~~~~~~~~~~~~~~~~~^^
  File "C:\Python313\Lib\asyncio\base_events.py", line 551, in _check_closed
    raise RuntimeError('Event loop is closed')
RuntimeError: Event loop is closed
INFO:regular_website_pipeline:  🤖 Starting DeepSeek analysis...
INFO:simple_llm_analysis:  ⏳ Initializing DeepSeek client...
INFO:simple_llm_analysis:  ⏱️ DeepSeek client initialized in 1.16 seconds
INFO:httpx:HTTP Request: POST https://api.deepseek.com/chat/completions "HTTP/1.1 200 OK"
INFO:regular_website_pipeline:  ✓ Analysis complete. Found 0 opportunities.
ERROR:asyncio:Task exception was never retrieved
future: <Task finished name='Task-1476' coro=<AsyncClient.aclose() done, defined at C:\Users\jimcr\AppData\Roaming\Python\Python313\site-packages\httpx\_client.py:1996> exception=RuntimeError('Event loop is closed')>
Traceback (most recent call last):
  File "C:\Users\jimcr\AppData\Roaming\Python\Python313\site-packages\httpx\_client.py", line 2003, in aclose
    await self._transport.aclose()
  File "C:\Users\jimcr\AppData\Roaming\Python\Python313\site-packages\httpx\_transports\default.py", line 383, in aclose
    await self._pool.aclose()
  File "C:\Users\jimcr\AppData\Roaming\Python\Python313\site-packages\httpcore\_async\connection_pool.py", line 353, in aclose
    await self._close_connections(closing_connections)
  File "C:\Users\jimcr\AppData\Roaming\Python\Python313\site-packages\httpcore\_async\connection_pool.py", line 345, in _close_connections
    await connection.aclose()
  File "C:\Users\jimcr\AppData\Roaming\Python\Python313\site-packages\httpcore\_async\connection.py", line 173, in aclose
    await self._connection.aclose()
  File "C:\Users\jimcr\AppData\Roaming\Python\Python313\site-packages\httpcore\_async\http11.py", line 258, in aclose
    await self._network_stream.aclose()
  File "C:\Users\jimcr\AppData\Roaming\Python\Python313\site-packages\httpcore\_backends\anyio.py", line 53, in aclose
    await self._stream.aclose()
  File "C:\Users\jimcr\AppData\Roaming\Python\Python313\site-packages\anyio\streams\tls.py", line 236, in aclose
    await self.transport_stream.aclose()
  File "C:\Users\jimcr\AppData\Roaming\Python\Python313\site-packages\anyio\_backends\_asyncio.py", line 1344, in aclose
    self._transport.close()
    ~~~~~~~~~~~~~~~~~~~~~^^
  File "C:\Python313\Lib\asyncio\proactor_events.py", line 109, in close
    self._loop.call_soon(self._call_connection_lost, None)
    ~~~~~~~~~~~~~~~~~~~~^^^^^^^^^^^^^^^^^^^^^^^^^^^^^^^^^^
  File "C:\Python313\Lib\asyncio\base_events.py", line 828, in call_soon
    self._check_closed()
    ~~~~~~~~~~~~~~~~~~^^
  File "C:\Python313\Lib\asyncio\base_events.py", line 551, in _check_closed
    raise RuntimeError('Event loop is closed')
RuntimeError: Event loop is closed
INFO:regular_website_pipeline:  🤖 Starting DeepSeek analysis...
INFO:simple_llm_analysis:  ⏳ Initializing DeepSeek client...
INFO:simple_llm_analysis:  ⏱️ DeepSeek client initialized in 1.54 seconds
INFO:httpx:HTTP Request: POST https://api.deepseek.com/chat/completions "HTTP/1.1 200 OK"
INFO:regular_website_pipeline:  ✓ Analysis complete. Found 1 opportunities.
ERROR:asyncio:Task exception was never retrieved
future: <Task finished name='Task-1500' coro=<AsyncClient.aclose() done, defined at C:\Users\jimcr\AppData\Roaming\Python\Python313\site-packages\httpx\_client.py:1996> exception=RuntimeError('Event loop is closed')>
Traceback (most recent call last):
  File "C:\Users\jimcr\AppData\Roaming\Python\Python313\site-packages\httpx\_client.py", line 2003, in aclose
    await self._transport.aclose()
  File "C:\Users\jimcr\AppData\Roaming\Python\Python313\site-packages\httpx\_transports\default.py", line 383, in aclose
    await self._pool.aclose()
  File "C:\Users\jimcr\AppData\Roaming\Python\Python313\site-packages\httpcore\_async\connection_pool.py", line 353, in aclose
    await self._close_connections(closing_connections)
  File "C:\Users\jimcr\AppData\Roaming\Python\Python313\site-packages\httpcore\_async\connection_pool.py", line 345, in _close_connections
    await connection.aclose()
  File "C:\Users\jimcr\AppData\Roaming\Python\Python313\site-packages\httpcore\_async\connection.py", line 173, in aclose
    await self._connection.aclose()
  File "C:\Users\jimcr\AppData\Roaming\Python\Python313\site-packages\httpcore\_async\http11.py", line 258, in aclose
    await self._network_stream.aclose()
  File "C:\Users\jimcr\AppData\Roaming\Python\Python313\site-packages\httpcore\_backends\anyio.py", line 53, in aclose
    await self._stream.aclose()
  File "C:\Users\jimcr\AppData\Roaming\Python\Python313\site-packages\anyio\streams\tls.py", line 236, in aclose
    await self.transport_stream.aclose()
  File "C:\Users\jimcr\AppData\Roaming\Python\Python313\site-packages\anyio\_backends\_asyncio.py", line 1344, in aclose
    self._transport.close()
    ~~~~~~~~~~~~~~~~~~~~~^^
  File "C:\Python313\Lib\asyncio\proactor_events.py", line 109, in close
    self._loop.call_soon(self._call_connection_lost, None)
    ~~~~~~~~~~~~~~~~~~~~^^^^^^^^^^^^^^^^^^^^^^^^^^^^^^^^^^
  File "C:\Python313\Lib\asyncio\base_events.py", line 828, in call_soon
    self._check_closed()
    ~~~~~~~~~~~~~~~~~~^^
  File "C:\Python313\Lib\asyncio\base_events.py", line 551, in _check_closed
    raise RuntimeError('Event loop is closed')
RuntimeError: Event loop is closed
INFO:regular_website_pipeline:  🤖 Starting DeepSeek analysis...
INFO:simple_llm_analysis:  ⏳ Initializing DeepSeek client...
INFO:simple_llm_analysis:  ⏱️ DeepSeek client initialized in 1.25 seconds
INFO:httpx:HTTP Request: POST https://api.deepseek.com/chat/completions "HTTP/1.1 200 OK"
INFO:regular_website_pipeline:  ✓ Analysis complete. Found 1 opportunities.
ERROR:asyncio:Task exception was never retrieved
future: <Task finished name='Task-1531' coro=<AsyncClient.aclose() done, defined at C:\Users\jimcr\AppData\Roaming\Python\Python313\site-packages\httpx\_client.py:1996> exception=RuntimeError('Event loop is closed')>
Traceback (most recent call last):
  File "C:\Users\jimcr\AppData\Roaming\Python\Python313\site-packages\httpx\_client.py", line 2003, in aclose
    await self._transport.aclose()
  File "C:\Users\jimcr\AppData\Roaming\Python\Python313\site-packages\httpx\_transports\default.py", line 383, in aclose
    await self._pool.aclose()
  File "C:\Users\jimcr\AppData\Roaming\Python\Python313\site-packages\httpcore\_async\connection_pool.py", line 353, in aclose
    await self._close_connections(closing_connections)
  File "C:\Users\jimcr\AppData\Roaming\Python\Python313\site-packages\httpcore\_async\connection_pool.py", line 345, in _close_connections
    await connection.aclose()
  File "C:\Users\jimcr\AppData\Roaming\Python\Python313\site-packages\httpcore\_async\connection.py", line 173, in aclose
    await self._connection.aclose()
  File "C:\Users\jimcr\AppData\Roaming\Python\Python313\site-packages\httpcore\_async\http11.py", line 258, in aclose
    await self._network_stream.aclose()
  File "C:\Users\jimcr\AppData\Roaming\Python\Python313\site-packages\httpcore\_backends\anyio.py", line 53, in aclose
    await self._stream.aclose()
  File "C:\Users\jimcr\AppData\Roaming\Python\Python313\site-packages\anyio\streams\tls.py", line 236, in aclose
    await self.transport_stream.aclose()
  File "C:\Users\jimcr\AppData\Roaming\Python\Python313\site-packages\anyio\_backends\_asyncio.py", line 1344, in aclose
    self._transport.close()
    ~~~~~~~~~~~~~~~~~~~~~^^
  File "C:\Python313\Lib\asyncio\proactor_events.py", line 109, in close
    self._loop.call_soon(self._call_connection_lost, None)
    ~~~~~~~~~~~~~~~~~~~~^^^^^^^^^^^^^^^^^^^^^^^^^^^^^^^^^^
  File "C:\Python313\Lib\asyncio\base_events.py", line 828, in call_soon
    self._check_closed()
    ~~~~~~~~~~~~~~~~~~^^
  File "C:\Python313\Lib\asyncio\base_events.py", line 551, in _check_closed
    raise RuntimeError('Event loop is closed')
RuntimeError: Event loop is closed
INFO:regular_website_pipeline:  🤖 Starting DeepSeek analysis...
INFO:simple_llm_analysis:  ⏳ Initializing DeepSeek client...
INFO:simple_llm_analysis:  ⏱️ DeepSeek client initialized in 1.02 seconds
INFO:httpx:HTTP Request: POST https://api.deepseek.com/chat/completions "HTTP/1.1 200 OK"
INFO:regular_website_pipeline:  ✓ Analysis complete. Found 0 opportunities.
ERROR:asyncio:Task exception was never retrieved
future: <Task finished name='Task-1555' coro=<AsyncClient.aclose() done, defined at C:\Users\jimcr\AppData\Roaming\Python\Python313\site-packages\httpx\_client.py:1996> exception=RuntimeError('Event loop is closed')>
Traceback (most recent call last):
  File "C:\Users\jimcr\AppData\Roaming\Python\Python313\site-packages\httpx\_client.py", line 2003, in aclose
    await self._transport.aclose()
  File "C:\Users\jimcr\AppData\Roaming\Python\Python313\site-packages\httpx\_transports\default.py", line 383, in aclose
    await self._pool.aclose()
  File "C:\Users\jimcr\AppData\Roaming\Python\Python313\site-packages\httpcore\_async\connection_pool.py", line 353, in aclose
    await self._close_connections(closing_connections)
  File "C:\Users\jimcr\AppData\Roaming\Python\Python313\site-packages\httpcore\_async\connection_pool.py", line 345, in _close_connections
    await connection.aclose()
  File "C:\Users\jimcr\AppData\Roaming\Python\Python313\site-packages\httpcore\_async\connection.py", line 173, in aclose
    await self._connection.aclose()
  File "C:\Users\jimcr\AppData\Roaming\Python\Python313\site-packages\httpcore\_async\http11.py", line 258, in aclose
    await self._network_stream.aclose()
  File "C:\Users\jimcr\AppData\Roaming\Python\Python313\site-packages\httpcore\_backends\anyio.py", line 53, in aclose
    await self._stream.aclose()
  File "C:\Users\jimcr\AppData\Roaming\Python\Python313\site-packages\anyio\streams\tls.py", line 236, in aclose
    await self.transport_stream.aclose()
  File "C:\Users\jimcr\AppData\Roaming\Python\Python313\site-packages\anyio\_backends\_asyncio.py", line 1344, in aclose
    self._transport.close()
    ~~~~~~~~~~~~~~~~~~~~~^^
  File "C:\Python313\Lib\asyncio\proactor_events.py", line 109, in close
    self._loop.call_soon(self._call_connection_lost, None)
    ~~~~~~~~~~~~~~~~~~~~^^^^^^^^^^^^^^^^^^^^^^^^^^^^^^^^^^
  File "C:\Python313\Lib\asyncio\base_events.py", line 828, in call_soon
    self._check_closed()
    ~~~~~~~~~~~~~~~~~~^^
  File "C:\Python313\Lib\asyncio\base_events.py", line 551, in _check_closed
    raise RuntimeError('Event loop is closed')
RuntimeError: Event loop is closed
INFO:regular_website_pipeline:  🤖 Starting DeepSeek analysis...
INFO:simple_llm_analysis:  ⏳ Initializing DeepSeek client...
INFO:simple_llm_analysis:  ⏱️ DeepSeek client initialized in 1.25 seconds
INFO:httpx:HTTP Request: POST https://api.deepseek.com/chat/completions "HTTP/1.1 200 OK"
INFO:regular_website_pipeline:  ✓ Analysis complete. Found 1 opportunities.
ERROR:asyncio:Task exception was never retrieved
future: <Task finished name='Task-1582' coro=<AsyncClient.aclose() done, defined at C:\Users\jimcr\AppData\Roaming\Python\Python313\site-packages\httpx\_client.py:1996> exception=RuntimeError('Event loop is closed')>
Traceback (most recent call last):
  File "C:\Users\jimcr\AppData\Roaming\Python\Python313\site-packages\httpx\_client.py", line 2003, in aclose
    await self._transport.aclose()
  File "C:\Users\jimcr\AppData\Roaming\Python\Python313\site-packages\httpx\_transports\default.py", line 383, in aclose
    await self._pool.aclose()
  File "C:\Users\jimcr\AppData\Roaming\Python\Python313\site-packages\httpcore\_async\connection_pool.py", line 353, in aclose
    await self._close_connections(closing_connections)
  File "C:\Users\jimcr\AppData\Roaming\Python\Python313\site-packages\httpcore\_async\connection_pool.py", line 345, in _close_connections
    await connection.aclose()
  File "C:\Users\jimcr\AppData\Roaming\Python\Python313\site-packages\httpcore\_async\connection.py", line 173, in aclose
    await self._connection.aclose()
  File "C:\Users\jimcr\AppData\Roaming\Python\Python313\site-packages\httpcore\_async\http11.py", line 258, in aclose
    await self._network_stream.aclose()
  File "C:\Users\jimcr\AppData\Roaming\Python\Python313\site-packages\httpcore\_backends\anyio.py", line 53, in aclose
    await self._stream.aclose()
  File "C:\Users\jimcr\AppData\Roaming\Python\Python313\site-packages\anyio\streams\tls.py", line 236, in aclose
    await self.transport_stream.aclose()
  File "C:\Users\jimcr\AppData\Roaming\Python\Python313\site-packages\anyio\_backends\_asyncio.py", line 1344, in aclose
    self._transport.close()
    ~~~~~~~~~~~~~~~~~~~~~^^
  File "C:\Python313\Lib\asyncio\proactor_events.py", line 109, in close
    self._loop.call_soon(self._call_connection_lost, None)
    ~~~~~~~~~~~~~~~~~~~~^^^^^^^^^^^^^^^^^^^^^^^^^^^^^^^^^^
  File "C:\Python313\Lib\asyncio\base_events.py", line 828, in call_soon
    self._check_closed()
    ~~~~~~~~~~~~~~~~~~^^
  File "C:\Python313\Lib\asyncio\base_events.py", line 551, in _check_closed
    raise RuntimeError('Event loop is closed')
RuntimeError: Event loop is closed
INFO:regular_website_pipeline:  🤖 Starting DeepSeek analysis...
INFO:simple_llm_analysis:  ⏳ Initializing DeepSeek client...
INFO:simple_llm_analysis:  ⏱️ DeepSeek client initialized in 1.08 seconds
INFO:httpx:HTTP Request: POST https://api.deepseek.com/chat/completions "HTTP/1.1 200 OK"
INFO:regular_website_pipeline:  ✓ Analysis complete. Found 1 opportunities.
ERROR:asyncio:Task exception was never retrieved
future: <Task finished name='Task-1610' coro=<AsyncClient.aclose() done, defined at C:\Users\jimcr\AppData\Roaming\Python\Python313\site-packages\httpx\_client.py:1996> exception=RuntimeError('Event loop is closed')>
Traceback (most recent call last):
  File "C:\Users\jimcr\AppData\Roaming\Python\Python313\site-packages\httpx\_client.py", line 2003, in aclose
    await self._transport.aclose()
  File "C:\Users\jimcr\AppData\Roaming\Python\Python313\site-packages\httpx\_transports\default.py", line 383, in aclose
    await self._pool.aclose()
  File "C:\Users\jimcr\AppData\Roaming\Python\Python313\site-packages\httpcore\_async\connection_pool.py", line 353, in aclose
    await self._close_connections(closing_connections)
  File "C:\Users\jimcr\AppData\Roaming\Python\Python313\site-packages\httpcore\_async\connection_pool.py", line 345, in _close_connections
    await connection.aclose()
  File "C:\Users\jimcr\AppData\Roaming\Python\Python313\site-packages\httpcore\_async\connection.py", line 173, in aclose
    await self._connection.aclose()
  File "C:\Users\jimcr\AppData\Roaming\Python\Python313\site-packages\httpcore\_async\http11.py", line 258, in aclose
    await self._network_stream.aclose()
  File "C:\Users\jimcr\AppData\Roaming\Python\Python313\site-packages\httpcore\_backends\anyio.py", line 53, in aclose
    await self._stream.aclose()
  File "C:\Users\jimcr\AppData\Roaming\Python\Python313\site-packages\anyio\streams\tls.py", line 236, in aclose
    await self.transport_stream.aclose()
  File "C:\Users\jimcr\AppData\Roaming\Python\Python313\site-packages\anyio\_backends\_asyncio.py", line 1344, in aclose
    self._transport.close()
    ~~~~~~~~~~~~~~~~~~~~~^^
  File "C:\Python313\Lib\asyncio\proactor_events.py", line 109, in close
    self._loop.call_soon(self._call_connection_lost, None)
    ~~~~~~~~~~~~~~~~~~~~^^^^^^^^^^^^^^^^^^^^^^^^^^^^^^^^^^
  File "C:\Python313\Lib\asyncio\base_events.py", line 828, in call_soon
    self._check_closed()
    ~~~~~~~~~~~~~~~~~~^^
  File "C:\Python313\Lib\asyncio\base_events.py", line 551, in _check_closed
    raise RuntimeError('Event loop is closed')
RuntimeError: Event loop is closed
INFO:regular_website_pipeline:  🤖 Starting DeepSeek analysis...
INFO:simple_llm_analysis:  ⏳ Initializing DeepSeek client...
INFO:simple_llm_analysis:  ⏱️ DeepSeek client initialized in 1.74 seconds
INFO:httpx:HTTP Request: POST https://api.deepseek.com/chat/completions "HTTP/1.1 200 OK"
INFO:regular_website_pipeline:  ✓ Analysis complete. Found 1 opportunities.
ERROR:asyncio:Task exception was never retrieved
future: <Task finished name='Task-1634' coro=<AsyncClient.aclose() done, defined at C:\Users\jimcr\AppData\Roaming\Python\Python313\site-packages\httpx\_client.py:1996> exception=RuntimeError('Event loop is closed')>
Traceback (most recent call last):
  File "C:\Users\jimcr\AppData\Roaming\Python\Python313\site-packages\httpx\_client.py", line 2003, in aclose
    await self._transport.aclose()
  File "C:\Users\jimcr\AppData\Roaming\Python\Python313\site-packages\httpx\_transports\default.py", line 383, in aclose
    await self._pool.aclose()
  File "C:\Users\jimcr\AppData\Roaming\Python\Python313\site-packages\httpcore\_async\connection_pool.py", line 353, in aclose
    await self._close_connections(closing_connections)
  File "C:\Users\jimcr\AppData\Roaming\Python\Python313\site-packages\httpcore\_async\connection_pool.py", line 345, in _close_connections
    await connection.aclose()
  File "C:\Users\jimcr\AppData\Roaming\Python\Python313\site-packages\httpcore\_async\connection.py", line 173, in aclose
    await self._connection.aclose()
  File "C:\Users\jimcr\AppData\Roaming\Python\Python313\site-packages\httpcore\_async\http11.py", line 258, in aclose
    await self._network_stream.aclose()
  File "C:\Users\jimcr\AppData\Roaming\Python\Python313\site-packages\httpcore\_backends\anyio.py", line 53, in aclose
    await self._stream.aclose()
  File "C:\Users\jimcr\AppData\Roaming\Python\Python313\site-packages\anyio\streams\tls.py", line 236, in aclose
    await self.transport_stream.aclose()
  File "C:\Users\jimcr\AppData\Roaming\Python\Python313\site-packages\anyio\_backends\_asyncio.py", line 1344, in aclose
    self._transport.close()
    ~~~~~~~~~~~~~~~~~~~~~^^
  File "C:\Python313\Lib\asyncio\proactor_events.py", line 109, in close
    self._loop.call_soon(self._call_connection_lost, None)
    ~~~~~~~~~~~~~~~~~~~~^^^^^^^^^^^^^^^^^^^^^^^^^^^^^^^^^^
  File "C:\Python313\Lib\asyncio\base_events.py", line 828, in call_soon
    self._check_closed()
    ~~~~~~~~~~~~~~~~~~^^
  File "C:\Python313\Lib\asyncio\base_events.py", line 551, in _check_closed
    raise RuntimeError('Event loop is closed')
RuntimeError: Event loop is closed
INFO:regular_website_pipeline:  🤖 Starting DeepSeek analysis...
INFO:simple_llm_analysis:  ⏳ Initializing DeepSeek client...
INFO:simple_llm_analysis:  ⏱️ DeepSeek client initialized in 1.42 seconds
INFO:httpx:HTTP Request: POST https://api.deepseek.com/chat/completions "HTTP/1.1 200 OK"
INFO:regular_website_pipeline:  ✓ Analysis complete. Found 0 opportunities.
ERROR:asyncio:Task exception was never retrieved
future: <Task finished name='Task-1658' coro=<AsyncClient.aclose() done, defined at C:\Users\jimcr\AppData\Roaming\Python\Python313\site-packages\httpx\_client.py:1996> exception=RuntimeError('Event loop is closed')>
Traceback (most recent call last):
  File "C:\Users\jimcr\AppData\Roaming\Python\Python313\site-packages\httpx\_client.py", line 2003, in aclose
    await self._transport.aclose()
  File "C:\Users\jimcr\AppData\Roaming\Python\Python313\site-packages\httpx\_transports\default.py", line 383, in aclose
    await self._pool.aclose()
  File "C:\Users\jimcr\AppData\Roaming\Python\Python313\site-packages\httpcore\_async\connection_pool.py", line 353, in aclose
    await self._close_connections(closing_connections)
  File "C:\Users\jimcr\AppData\Roaming\Python\Python313\site-packages\httpcore\_async\connection_pool.py", line 345, in _close_connections
    await connection.aclose()
  File "C:\Users\jimcr\AppData\Roaming\Python\Python313\site-packages\httpcore\_async\connection.py", line 173, in aclose
    await self._connection.aclose()
  File "C:\Users\jimcr\AppData\Roaming\Python\Python313\site-packages\httpcore\_async\http11.py", line 258, in aclose
    await self._network_stream.aclose()
  File "C:\Users\jimcr\AppData\Roaming\Python\Python313\site-packages\httpcore\_backends\anyio.py", line 53, in aclose
    await self._stream.aclose()
  File "C:\Users\jimcr\AppData\Roaming\Python\Python313\site-packages\anyio\streams\tls.py", line 236, in aclose
    await self.transport_stream.aclose()
  File "C:\Users\jimcr\AppData\Roaming\Python\Python313\site-packages\anyio\_backends\_asyncio.py", line 1344, in aclose
    self._transport.close()
    ~~~~~~~~~~~~~~~~~~~~~^^
  File "C:\Python313\Lib\asyncio\proactor_events.py", line 109, in close
    self._loop.call_soon(self._call_connection_lost, None)
    ~~~~~~~~~~~~~~~~~~~~^^^^^^^^^^^^^^^^^^^^^^^^^^^^^^^^^^
  File "C:\Python313\Lib\asyncio\base_events.py", line 828, in call_soon
    self._check_closed()
    ~~~~~~~~~~~~~~~~~~^^
  File "C:\Python313\Lib\asyncio\base_events.py", line 551, in _check_closed
    raise RuntimeError('Event loop is closed')
RuntimeError: Event loop is closed
INFO:regular_website_pipeline:  🤖 Starting DeepSeek analysis...
INFO:simple_llm_analysis:  ⏳ Initializing DeepSeek client...
INFO:simple_llm_analysis:  ⏱️ DeepSeek client initialized in 1.51 seconds
INFO:httpx:HTTP Request: POST https://api.deepseek.com/chat/completions "HTTP/1.1 200 OK"
INFO:regular_website_pipeline:  ✓ Analysis complete. Found 1 opportunities.
ERROR:asyncio:Task exception was never retrieved
future: <Task finished name='Task-1681' coro=<AsyncClient.aclose() done, defined at C:\Users\jimcr\AppData\Roaming\Python\Python313\site-packages\httpx\_client.py:1996> exception=RuntimeError('Event loop is closed')>
Traceback (most recent call last):
  File "C:\Users\jimcr\AppData\Roaming\Python\Python313\site-packages\httpx\_client.py", line 2003, in aclose
    await self._transport.aclose()
  File "C:\Users\jimcr\AppData\Roaming\Python\Python313\site-packages\httpx\_transports\default.py", line 383, in aclose
    await self._pool.aclose()
  File "C:\Users\jimcr\AppData\Roaming\Python\Python313\site-packages\httpcore\_async\connection_pool.py", line 353, in aclose
    await self._close_connections(closing_connections)
  File "C:\Users\jimcr\AppData\Roaming\Python\Python313\site-packages\httpcore\_async\connection_pool.py", line 345, in _close_connections
    await connection.aclose()
  File "C:\Users\jimcr\AppData\Roaming\Python\Python313\site-packages\httpcore\_async\connection.py", line 173, in aclose
    await self._connection.aclose()
  File "C:\Users\jimcr\AppData\Roaming\Python\Python313\site-packages\httpcore\_async\http11.py", line 258, in aclose
    await self._network_stream.aclose()
  File "C:\Users\jimcr\AppData\Roaming\Python\Python313\site-packages\httpcore\_backends\anyio.py", line 53, in aclose
    await self._stream.aclose()
  File "C:\Users\jimcr\AppData\Roaming\Python\Python313\site-packages\anyio\streams\tls.py", line 236, in aclose
    await self.transport_stream.aclose()
  File "C:\Users\jimcr\AppData\Roaming\Python\Python313\site-packages\anyio\_backends\_asyncio.py", line 1344, in aclose
    self._transport.close()
    ~~~~~~~~~~~~~~~~~~~~~^^
  File "C:\Python313\Lib\asyncio\proactor_events.py", line 109, in close
    self._loop.call_soon(self._call_connection_lost, None)
    ~~~~~~~~~~~~~~~~~~~~^^^^^^^^^^^^^^^^^^^^^^^^^^^^^^^^^^
  File "C:\Python313\Lib\asyncio\base_events.py", line 828, in call_soon
    self._check_closed()
    ~~~~~~~~~~~~~~~~~~^^
  File "C:\Python313\Lib\asyncio\base_events.py", line 551, in _check_closed
    raise RuntimeError('Event loop is closed')
RuntimeError: Event loop is closed
INFO:regular_website_pipeline:  🤖 Starting DeepSeek analysis...
INFO:simple_llm_analysis:  ⏳ Initializing DeepSeek client...
INFO:simple_llm_analysis:  ⏱️ DeepSeek client initialized in 1.04 seconds
INFO:httpx:HTTP Request: POST https://api.deepseek.com/chat/completions "HTTP/1.1 200 OK"
INFO:regular_website_pipeline:  ✓ Analysis complete. Found 1 opportunities.
ERROR:asyncio:Task exception was never retrieved
future: <Task finished name='Task-1704' coro=<AsyncClient.aclose() done, defined at C:\Users\jimcr\AppData\Roaming\Python\Python313\site-packages\httpx\_client.py:1996> exception=RuntimeError('Event loop is closed')>
Traceback (most recent call last):
  File "C:\Users\jimcr\AppData\Roaming\Python\Python313\site-packages\httpx\_client.py", line 2003, in aclose
    await self._transport.aclose()
  File "C:\Users\jimcr\AppData\Roaming\Python\Python313\site-packages\httpx\_transports\default.py", line 383, in aclose
    await self._pool.aclose()
  File "C:\Users\jimcr\AppData\Roaming\Python\Python313\site-packages\httpcore\_async\connection_pool.py", line 353, in aclose
    await self._close_connections(closing_connections)
  File "C:\Users\jimcr\AppData\Roaming\Python\Python313\site-packages\httpcore\_async\connection_pool.py", line 345, in _close_connections
    await connection.aclose()
  File "C:\Users\jimcr\AppData\Roaming\Python\Python313\site-packages\httpcore\_async\connection.py", line 173, in aclose
    await self._connection.aclose()
  File "C:\Users\jimcr\AppData\Roaming\Python\Python313\site-packages\httpcore\_async\http11.py", line 258, in aclose
    await self._network_stream.aclose()
  File "C:\Users\jimcr\AppData\Roaming\Python\Python313\site-packages\httpcore\_backends\anyio.py", line 53, in aclose
    await self._stream.aclose()
  File "C:\Users\jimcr\AppData\Roaming\Python\Python313\site-packages\anyio\streams\tls.py", line 236, in aclose
    await self.transport_stream.aclose()
  File "C:\Users\jimcr\AppData\Roaming\Python\Python313\site-packages\anyio\_backends\_asyncio.py", line 1344, in aclose
    self._transport.close()
    ~~~~~~~~~~~~~~~~~~~~~^^
  File "C:\Python313\Lib\asyncio\proactor_events.py", line 109, in close
    self._loop.call_soon(self._call_connection_lost, None)
    ~~~~~~~~~~~~~~~~~~~~^^^^^^^^^^^^^^^^^^^^^^^^^^^^^^^^^^
  File "C:\Python313\Lib\asyncio\base_events.py", line 828, in call_soon
    self._check_closed()
    ~~~~~~~~~~~~~~~~~~^^
  File "C:\Python313\Lib\asyncio\base_events.py", line 551, in _check_closed
    raise RuntimeError('Event loop is closed')
RuntimeError: Event loop is closed
INFO:regular_website_pipeline:  🤖 Starting DeepSeek analysis...
INFO:simple_llm_analysis:  ⏳ Initializing DeepSeek client...
INFO:simple_llm_analysis:  ⏱️ DeepSeek client initialized in 0.92 seconds
INFO:httpx:HTTP Request: POST https://api.deepseek.com/chat/completions "HTTP/1.1 200 OK"
INFO:regular_website_pipeline:  ✓ Analysis complete. Found 5 opportunities.
ERROR:asyncio:Task exception was never retrieved
future: <Task finished name='Task-1735' coro=<AsyncClient.aclose() done, defined at C:\Users\jimcr\AppData\Roaming\Python\Python313\site-packages\httpx\_client.py:1996> exception=RuntimeError('Event loop is closed')>
Traceback (most recent call last):
  File "C:\Users\jimcr\AppData\Roaming\Python\Python313\site-packages\httpx\_client.py", line 2003, in aclose
    await self._transport.aclose()
  File "C:\Users\jimcr\AppData\Roaming\Python\Python313\site-packages\httpx\_transports\default.py", line 383, in aclose
    await self._pool.aclose()
  File "C:\Users\jimcr\AppData\Roaming\Python\Python313\site-packages\httpcore\_async\connection_pool.py", line 353, in aclose
    await self._close_connections(closing_connections)
  File "C:\Users\jimcr\AppData\Roaming\Python\Python313\site-packages\httpcore\_async\connection_pool.py", line 345, in _close_connections
    await connection.aclose()
  File "C:\Users\jimcr\AppData\Roaming\Python\Python313\site-packages\httpcore\_async\connection.py", line 173, in aclose
    await self._connection.aclose()
  File "C:\Users\jimcr\AppData\Roaming\Python\Python313\site-packages\httpcore\_async\http11.py", line 258, in aclose
    await self._network_stream.aclose()
  File "C:\Users\jimcr\AppData\Roaming\Python\Python313\site-packages\httpcore\_backends\anyio.py", line 53, in aclose
    await self._stream.aclose()
  File "C:\Users\jimcr\AppData\Roaming\Python\Python313\site-packages\anyio\streams\tls.py", line 236, in aclose
    await self.transport_stream.aclose()
  File "C:\Users\jimcr\AppData\Roaming\Python\Python313\site-packages\anyio\_backends\_asyncio.py", line 1344, in aclose
    self._transport.close()
    ~~~~~~~~~~~~~~~~~~~~~^^
  File "C:\Python313\Lib\asyncio\proactor_events.py", line 109, in close
    self._loop.call_soon(self._call_connection_lost, None)
    ~~~~~~~~~~~~~~~~~~~~^^^^^^^^^^^^^^^^^^^^^^^^^^^^^^^^^^
  File "C:\Python313\Lib\asyncio\base_events.py", line 828, in call_soon
    self._check_closed()
    ~~~~~~~~~~~~~~~~~~^^
  File "C:\Python313\Lib\asyncio\base_events.py", line 551, in _check_closed
    raise RuntimeError('Event loop is closed')
RuntimeError: Event loop is closed
INFO:regular_website_pipeline:  🤖 Starting DeepSeek analysis...
INFO:simple_llm_analysis:  ⏳ Initializing DeepSeek client...
INFO:simple_llm_analysis:  ⏱️ DeepSeek client initialized in 1.14 seconds
INFO:httpx:HTTP Request: POST https://api.deepseek.com/chat/completions "HTTP/1.1 200 OK"
INFO:regular_website_pipeline:  ✓ Analysis complete. Found 0 opportunities.
ERROR:asyncio:Task exception was never retrieved
future: <Task finished name='Task-1766' coro=<AsyncClient.aclose() done, defined at C:\Users\jimcr\AppData\Roaming\Python\Python313\site-packages\httpx\_client.py:1996> exception=RuntimeError('Event loop is closed')>
Traceback (most recent call last):
  File "C:\Users\jimcr\AppData\Roaming\Python\Python313\site-packages\httpx\_client.py", line 2003, in aclose
    await self._transport.aclose()
  File "C:\Users\jimcr\AppData\Roaming\Python\Python313\site-packages\httpx\_transports\default.py", line 383, in aclose
    await self._pool.aclose()
  File "C:\Users\jimcr\AppData\Roaming\Python\Python313\site-packages\httpcore\_async\connection_pool.py", line 353, in aclose
    await self._close_connections(closing_connections)
  File "C:\Users\jimcr\AppData\Roaming\Python\Python313\site-packages\httpcore\_async\connection_pool.py", line 345, in _close_connections
    await connection.aclose()
  File "C:\Users\jimcr\AppData\Roaming\Python\Python313\site-packages\httpcore\_async\connection.py", line 173, in aclose
    await self._connection.aclose()
  File "C:\Users\jimcr\AppData\Roaming\Python\Python313\site-packages\httpcore\_async\http11.py", line 258, in aclose
    await self._network_stream.aclose()
  File "C:\Users\jimcr\AppData\Roaming\Python\Python313\site-packages\httpcore\_backends\anyio.py", line 53, in aclose
    await self._stream.aclose()
  File "C:\Users\jimcr\AppData\Roaming\Python\Python313\site-packages\anyio\streams\tls.py", line 236, in aclose
    await self.transport_stream.aclose()
  File "C:\Users\jimcr\AppData\Roaming\Python\Python313\site-packages\anyio\_backends\_asyncio.py", line 1344, in aclose
    self._transport.close()
    ~~~~~~~~~~~~~~~~~~~~~^^
  File "C:\Python313\Lib\asyncio\proactor_events.py", line 109, in close
    self._loop.call_soon(self._call_connection_lost, None)
    ~~~~~~~~~~~~~~~~~~~~^^^^^^^^^^^^^^^^^^^^^^^^^^^^^^^^^^
  File "C:\Python313\Lib\asyncio\base_events.py", line 828, in call_soon
    self._check_closed()
    ~~~~~~~~~~~~~~~~~~^^
  File "C:\Python313\Lib\asyncio\base_events.py", line 551, in _check_closed
    raise RuntimeError('Event loop is closed')
RuntimeError: Event loop is closed
INFO:regular_website_pipeline:  🤖 Starting DeepSeek analysis...
INFO:simple_llm_analysis:  ⏳ Initializing DeepSeek client...
INFO:simple_llm_analysis:  ⏱️ DeepSeek client initialized in 1.54 seconds
INFO:httpx:HTTP Request: POST https://api.deepseek.com/chat/completions "HTTP/1.1 200 OK"
INFO:regular_website_pipeline:  ✓ Analysis complete. Found 1 opportunities.
ERROR:asyncio:Task exception was never retrieved
future: <Task finished name='Task-1794' coro=<AsyncClient.aclose() done, defined at C:\Users\jimcr\AppData\Roaming\Python\Python313\site-packages\httpx\_client.py:1996> exception=RuntimeError('Event loop is closed')>
Traceback (most recent call last):
  File "C:\Users\jimcr\AppData\Roaming\Python\Python313\site-packages\httpx\_client.py", line 2003, in aclose
    await self._transport.aclose()
  File "C:\Users\jimcr\AppData\Roaming\Python\Python313\site-packages\httpx\_transports\default.py", line 383, in aclose
    await self._pool.aclose()
  File "C:\Users\jimcr\AppData\Roaming\Python\Python313\site-packages\httpcore\_async\connection_pool.py", line 353, in aclose
    await self._close_connections(closing_connections)
  File "C:\Users\jimcr\AppData\Roaming\Python\Python313\site-packages\httpcore\_async\connection_pool.py", line 345, in _close_connections
    await connection.aclose()
  File "C:\Users\jimcr\AppData\Roaming\Python\Python313\site-packages\httpcore\_async\connection.py", line 173, in aclose
    await self._connection.aclose()
  File "C:\Users\jimcr\AppData\Roaming\Python\Python313\site-packages\httpcore\_async\http11.py", line 258, in aclose
    await self._network_stream.aclose()
  File "C:\Users\jimcr\AppData\Roaming\Python\Python313\site-packages\httpcore\_backends\anyio.py", line 53, in aclose
    await self._stream.aclose()
  File "C:\Users\jimcr\AppData\Roaming\Python\Python313\site-packages\anyio\streams\tls.py", line 236, in aclose
    await self.transport_stream.aclose()
  File "C:\Users\jimcr\AppData\Roaming\Python\Python313\site-packages\anyio\_backends\_asyncio.py", line 1344, in aclose
    self._transport.close()
    ~~~~~~~~~~~~~~~~~~~~~^^
  File "C:\Python313\Lib\asyncio\proactor_events.py", line 109, in close
    self._loop.call_soon(self._call_connection_lost, None)
    ~~~~~~~~~~~~~~~~~~~~^^^^^^^^^^^^^^^^^^^^^^^^^^^^^^^^^^
  File "C:\Python313\Lib\asyncio\base_events.py", line 828, in call_soon
    self._check_closed()
    ~~~~~~~~~~~~~~~~~~^^
  File "C:\Python313\Lib\asyncio\base_events.py", line 551, in _check_closed
    raise RuntimeError('Event loop is closed')
RuntimeError: Event loop is closed
INFO:regular_website_pipeline:  🤖 Starting DeepSeek analysis...
INFO:simple_llm_analysis:  ⏳ Initializing DeepSeek client...
INFO:simple_llm_analysis:  ⏱️ DeepSeek client initialized in 1.95 seconds
INFO:httpx:HTTP Request: POST https://api.deepseek.com/chat/completions "HTTP/1.1 200 OK"
INFO:regular_website_pipeline:  ✓ Analysis complete. Found 6 opportunities.
ERROR:asyncio:Task exception was never retrieved
future: <Task finished name='Task-1825' coro=<AsyncClient.aclose() done, defined at C:\Users\jimcr\AppData\Roaming\Python\Python313\site-packages\httpx\_client.py:1996> exception=RuntimeError('Event loop is closed')>
Traceback (most recent call last):
  File "C:\Users\jimcr\AppData\Roaming\Python\Python313\site-packages\httpx\_client.py", line 2003, in aclose
    await self._transport.aclose()
  File "C:\Users\jimcr\AppData\Roaming\Python\Python313\site-packages\httpx\_transports\default.py", line 383, in aclose
    await self._pool.aclose()
  File "C:\Users\jimcr\AppData\Roaming\Python\Python313\site-packages\httpcore\_async\connection_pool.py", line 353, in aclose
    await self._close_connections(closing_connections)
  File "C:\Users\jimcr\AppData\Roaming\Python\Python313\site-packages\httpcore\_async\connection_pool.py", line 345, in _close_connections
    await connection.aclose()
  File "C:\Users\jimcr\AppData\Roaming\Python\Python313\site-packages\httpcore\_async\connection.py", line 173, in aclose
    await self._connection.aclose()
  File "C:\Users\jimcr\AppData\Roaming\Python\Python313\site-packages\httpcore\_async\http11.py", line 258, in aclose
    await self._network_stream.aclose()
  File "C:\Users\jimcr\AppData\Roaming\Python\Python313\site-packages\httpcore\_backends\anyio.py", line 53, in aclose
    await self._stream.aclose()
  File "C:\Users\jimcr\AppData\Roaming\Python\Python313\site-packages\anyio\streams\tls.py", line 236, in aclose
    await self.transport_stream.aclose()
  File "C:\Users\jimcr\AppData\Roaming\Python\Python313\site-packages\anyio\_backends\_asyncio.py", line 1344, in aclose
    self._transport.close()
    ~~~~~~~~~~~~~~~~~~~~~^^
  File "C:\Python313\Lib\asyncio\proactor_events.py", line 109, in close
    self._loop.call_soon(self._call_connection_lost, None)
    ~~~~~~~~~~~~~~~~~~~~^^^^^^^^^^^^^^^^^^^^^^^^^^^^^^^^^^
  File "C:\Python313\Lib\asyncio\base_events.py", line 828, in call_soon
    self._check_closed()
    ~~~~~~~~~~~~~~~~~~^^
  File "C:\Python313\Lib\asyncio\base_events.py", line 551, in _check_closed
    raise RuntimeError('Event loop is closed')
RuntimeError: Event loop is closed
INFO:regular_website_pipeline:  🤖 Starting DeepSeek analysis...
INFO:simple_llm_analysis:  ⏳ Initializing DeepSeek client...
INFO:simple_llm_analysis:  ⏱️ DeepSeek client initialized in 1.59 seconds
INFO:httpx:HTTP Request: POST https://api.deepseek.com/chat/completions "HTTP/1.1 200 OK"
INFO:regular_website_pipeline:  ✓ Analysis complete. Found 3 opportunities.
ERROR:asyncio:Task exception was never retrieved
future: <Task finished name='Task-1856' coro=<AsyncClient.aclose() done, defined at C:\Users\jimcr\AppData\Roaming\Python\Python313\site-packages\httpx\_client.py:1996> exception=RuntimeError('Event loop is closed')>
Traceback (most recent call last):
  File "C:\Users\jimcr\AppData\Roaming\Python\Python313\site-packages\httpx\_client.py", line 2003, in aclose
    await self._transport.aclose()
  File "C:\Users\jimcr\AppData\Roaming\Python\Python313\site-packages\httpx\_transports\default.py", line 383, in aclose
    await self._pool.aclose()
  File "C:\Users\jimcr\AppData\Roaming\Python\Python313\site-packages\httpcore\_async\connection_pool.py", line 353, in aclose
    await self._close_connections(closing_connections)
  File "C:\Users\jimcr\AppData\Roaming\Python\Python313\site-packages\httpcore\_async\connection_pool.py", line 345, in _close_connections
    await connection.aclose()
  File "C:\Users\jimcr\AppData\Roaming\Python\Python313\site-packages\httpcore\_async\connection.py", line 173, in aclose
    await self._connection.aclose()
  File "C:\Users\jimcr\AppData\Roaming\Python\Python313\site-packages\httpcore\_async\http11.py", line 258, in aclose
    await self._network_stream.aclose()
  File "C:\Users\jimcr\AppData\Roaming\Python\Python313\site-packages\httpcore\_backends\anyio.py", line 53, in aclose
    await self._stream.aclose()
  File "C:\Users\jimcr\AppData\Roaming\Python\Python313\site-packages\anyio\streams\tls.py", line 236, in aclose
    await self.transport_stream.aclose()
  File "C:\Users\jimcr\AppData\Roaming\Python\Python313\site-packages\anyio\_backends\_asyncio.py", line 1344, in aclose
    self._transport.close()
    ~~~~~~~~~~~~~~~~~~~~~^^
  File "C:\Python313\Lib\asyncio\proactor_events.py", line 109, in close
    self._loop.call_soon(self._call_connection_lost, None)
    ~~~~~~~~~~~~~~~~~~~~^^^^^^^^^^^^^^^^^^^^^^^^^^^^^^^^^^
  File "C:\Python313\Lib\asyncio\base_events.py", line 828, in call_soon
    self._check_closed()
    ~~~~~~~~~~~~~~~~~~^^
  File "C:\Python313\Lib\asyncio\base_events.py", line 551, in _check_closed
    raise RuntimeError('Event loop is closed')
RuntimeError: Event loop is closed
INFO:regular_website_pipeline:  🤖 Starting DeepSeek analysis...
INFO:simple_llm_analysis:  ⏳ Initializing DeepSeek client...
INFO:simple_llm_analysis:  ⏱️ DeepSeek client initialized in 1.37 seconds
INFO:httpx:HTTP Request: POST https://api.deepseek.com/chat/completions "HTTP/1.1 200 OK"
INFO:regular_website_pipeline:  ✓ Analysis complete. Found 2 opportunities.
ERROR:asyncio:Task exception was never retrieved
future: <Task finished name='Task-1887' coro=<AsyncClient.aclose() done, defined at C:\Users\jimcr\AppData\Roaming\Python\Python313\site-packages\httpx\_client.py:1996> exception=RuntimeError('Event loop is closed')>
Traceback (most recent call last):
  File "C:\Users\jimcr\AppData\Roaming\Python\Python313\site-packages\httpx\_client.py", line 2003, in aclose
    await self._transport.aclose()
  File "C:\Users\jimcr\AppData\Roaming\Python\Python313\site-packages\httpx\_transports\default.py", line 383, in aclose
    await self._pool.aclose()
  File "C:\Users\jimcr\AppData\Roaming\Python\Python313\site-packages\httpcore\_async\connection_pool.py", line 353, in aclose
    await self._close_connections(closing_connections)
  File "C:\Users\jimcr\AppData\Roaming\Python\Python313\site-packages\httpcore\_async\connection_pool.py", line 345, in _close_connections
    await connection.aclose()
  File "C:\Users\jimcr\AppData\Roaming\Python\Python313\site-packages\httpcore\_async\connection.py", line 173, in aclose
    await self._connection.aclose()
  File "C:\Users\jimcr\AppData\Roaming\Python\Python313\site-packages\httpcore\_async\http11.py", line 258, in aclose
    await self._network_stream.aclose()
  File "C:\Users\jimcr\AppData\Roaming\Python\Python313\site-packages\httpcore\_backends\anyio.py", line 53, in aclose
    await self._stream.aclose()
  File "C:\Users\jimcr\AppData\Roaming\Python\Python313\site-packages\anyio\streams\tls.py", line 236, in aclose
    await self.transport_stream.aclose()
  File "C:\Users\jimcr\AppData\Roaming\Python\Python313\site-packages\anyio\_backends\_asyncio.py", line 1344, in aclose
    self._transport.close()
    ~~~~~~~~~~~~~~~~~~~~~^^
  File "C:\Python313\Lib\asyncio\proactor_events.py", line 109, in close
    self._loop.call_soon(self._call_connection_lost, None)
    ~~~~~~~~~~~~~~~~~~~~^^^^^^^^^^^^^^^^^^^^^^^^^^^^^^^^^^
  File "C:\Python313\Lib\asyncio\base_events.py", line 828, in call_soon
    self._check_closed()
    ~~~~~~~~~~~~~~~~~~^^
  File "C:\Python313\Lib\asyncio\base_events.py", line 551, in _check_closed
    raise RuntimeError('Event loop is closed')
RuntimeError: Event loop is closed
INFO:regular_website_pipeline:  🤖 Starting DeepSeek analysis...
INFO:simple_llm_analysis:  ⏳ Initializing DeepSeek client...
INFO:simple_llm_analysis:  ⏱️ DeepSeek client initialized in 1.08 seconds
INFO:httpx:HTTP Request: POST https://api.deepseek.com/chat/completions "HTTP/1.1 200 OK"
INFO:regular_website_pipeline:  ✓ Analysis complete. Found 3 opportunities.
ERROR:asyncio:Task exception was never retrieved
future: <Task finished name='Task-1918' coro=<AsyncClient.aclose() done, defined at C:\Users\jimcr\AppData\Roaming\Python\Python313\site-packages\httpx\_client.py:1996> exception=RuntimeError('Event loop is closed')>
Traceback (most recent call last):
  File "C:\Users\jimcr\AppData\Roaming\Python\Python313\site-packages\httpx\_client.py", line 2003, in aclose
    await self._transport.aclose()
  File "C:\Users\jimcr\AppData\Roaming\Python\Python313\site-packages\httpx\_transports\default.py", line 383, in aclose
    await self._pool.aclose()
  File "C:\Users\jimcr\AppData\Roaming\Python\Python313\site-packages\httpcore\_async\connection_pool.py", line 353, in aclose
    await self._close_connections(closing_connections)
  File "C:\Users\jimcr\AppData\Roaming\Python\Python313\site-packages\httpcore\_async\connection_pool.py", line 345, in _close_connections
    await connection.aclose()
  File "C:\Users\jimcr\AppData\Roaming\Python\Python313\site-packages\httpcore\_async\connection.py", line 173, in aclose
    await self._connection.aclose()
  File "C:\Users\jimcr\AppData\Roaming\Python\Python313\site-packages\httpcore\_async\http11.py", line 258, in aclose
    await self._network_stream.aclose()
  File "C:\Users\jimcr\AppData\Roaming\Python\Python313\site-packages\httpcore\_backends\anyio.py", line 53, in aclose
    await self._stream.aclose()
  File "C:\Users\jimcr\AppData\Roaming\Python\Python313\site-packages\anyio\streams\tls.py", line 236, in aclose
    await self.transport_stream.aclose()
  File "C:\Users\jimcr\AppData\Roaming\Python\Python313\site-packages\anyio\_backends\_asyncio.py", line 1344, in aclose
    self._transport.close()
    ~~~~~~~~~~~~~~~~~~~~~^^
  File "C:\Python313\Lib\asyncio\proactor_events.py", line 109, in close
    self._loop.call_soon(self._call_connection_lost, None)
    ~~~~~~~~~~~~~~~~~~~~^^^^^^^^^^^^^^^^^^^^^^^^^^^^^^^^^^
  File "C:\Python313\Lib\asyncio\base_events.py", line 828, in call_soon
    self._check_closed()
    ~~~~~~~~~~~~~~~~~~^^
  File "C:\Python313\Lib\asyncio\base_events.py", line 551, in _check_closed
    raise RuntimeError('Event loop is closed')
RuntimeError: Event loop is closed
INFO:regular_website_pipeline:  🤖 Starting DeepSeek analysis...
INFO:simple_llm_analysis:  ⏳ Initializing DeepSeek client...
INFO:simple_llm_analysis:  ⏱️ DeepSeek client initialized in 1.48 seconds
INFO:httpx:HTTP Request: POST https://api.deepseek.com/chat/completions "HTTP/1.1 200 OK"
INFO:regular_website_pipeline:  ✓ Analysis complete. Found 0 opportunities.
ERROR:asyncio:Task exception was never retrieved
future: <Task finished name='Task-1941' coro=<AsyncClient.aclose() done, defined at C:\Users\jimcr\AppData\Roaming\Python\Python313\site-packages\httpx\_client.py:1996> exception=RuntimeError('Event loop is closed')>
Traceback (most recent call last):
  File "C:\Users\jimcr\AppData\Roaming\Python\Python313\site-packages\httpx\_client.py", line 2003, in aclose
    await self._transport.aclose()
  File "C:\Users\jimcr\AppData\Roaming\Python\Python313\site-packages\httpx\_transports\default.py", line 383, in aclose
    await self._pool.aclose()
  File "C:\Users\jimcr\AppData\Roaming\Python\Python313\site-packages\httpcore\_async\connection_pool.py", line 353, in aclose
    await self._close_connections(closing_connections)
  File "C:\Users\jimcr\AppData\Roaming\Python\Python313\site-packages\httpcore\_async\connection_pool.py", line 345, in _close_connections
    await connection.aclose()
  File "C:\Users\jimcr\AppData\Roaming\Python\Python313\site-packages\httpcore\_async\connection.py", line 173, in aclose
    await self._connection.aclose()
  File "C:\Users\jimcr\AppData\Roaming\Python\Python313\site-packages\httpcore\_async\http11.py", line 258, in aclose
    await self._network_stream.aclose()
  File "C:\Users\jimcr\AppData\Roaming\Python\Python313\site-packages\httpcore\_backends\anyio.py", line 53, in aclose
    await self._stream.aclose()
  File "C:\Users\jimcr\AppData\Roaming\Python\Python313\site-packages\anyio\streams\tls.py", line 236, in aclose
    await self.transport_stream.aclose()
  File "C:\Users\jimcr\AppData\Roaming\Python\Python313\site-packages\anyio\_backends\_asyncio.py", line 1344, in aclose
    self._transport.close()
    ~~~~~~~~~~~~~~~~~~~~~^^
  File "C:\Python313\Lib\asyncio\proactor_events.py", line 109, in close
    self._loop.call_soon(self._call_connection_lost, None)
    ~~~~~~~~~~~~~~~~~~~~^^^^^^^^^^^^^^^^^^^^^^^^^^^^^^^^^^
  File "C:\Python313\Lib\asyncio\base_events.py", line 828, in call_soon
    self._check_closed()
    ~~~~~~~~~~~~~~~~~~^^
  File "C:\Python313\Lib\asyncio\base_events.py", line 551, in _check_closed
    raise RuntimeError('Event loop is closed')
RuntimeError: Event loop is closed
INFO:regular_website_pipeline:  🤖 Starting DeepSeek analysis...
INFO:simple_llm_analysis:  ⏳ Initializing DeepSeek client...
INFO:simple_llm_analysis:  ⏱️ DeepSeek client initialized in 1.41 seconds
INFO:httpx:HTTP Request: POST https://api.deepseek.com/chat/completions "HTTP/1.1 200 OK"
INFO:regular_website_pipeline:  ✓ Analysis complete. Found 1 opportunities.
ERROR:asyncio:Task exception was never retrieved
future: <Task finished name='Task-1985' coro=<AsyncClient.aclose() done, defined at C:\Users\jimcr\AppData\Roaming\Python\Python313\site-packages\httpx\_client.py:1996> exception=RuntimeError('Event loop is closed')>
Traceback (most recent call last):
  File "C:\Users\jimcr\AppData\Roaming\Python\Python313\site-packages\httpx\_client.py", line 2003, in aclose
    await self._transport.aclose()
  File "C:\Users\jimcr\AppData\Roaming\Python\Python313\site-packages\httpx\_transports\default.py", line 383, in aclose
    await self._pool.aclose()
  File "C:\Users\jimcr\AppData\Roaming\Python\Python313\site-packages\httpcore\_async\connection_pool.py", line 353, in aclose
    await self._close_connections(closing_connections)
  File "C:\Users\jimcr\AppData\Roaming\Python\Python313\site-packages\httpcore\_async\connection_pool.py", line 345, in _close_connections
    await connection.aclose()
  File "C:\Users\jimcr\AppData\Roaming\Python\Python313\site-packages\httpcore\_async\connection.py", line 173, in aclose
    await self._connection.aclose()
  File "C:\Users\jimcr\AppData\Roaming\Python\Python313\site-packages\httpcore\_async\http11.py", line 258, in aclose
    await self._network_stream.aclose()
  File "C:\Users\jimcr\AppData\Roaming\Python\Python313\site-packages\httpcore\_backends\anyio.py", line 53, in aclose
    await self._stream.aclose()
  File "C:\Users\jimcr\AppData\Roaming\Python\Python313\site-packages\anyio\streams\tls.py", line 236, in aclose
    await self.transport_stream.aclose()
  File "C:\Users\jimcr\AppData\Roaming\Python\Python313\site-packages\anyio\_backends\_asyncio.py", line 1344, in aclose
    self._transport.close()
    ~~~~~~~~~~~~~~~~~~~~~^^
  File "C:\Python313\Lib\asyncio\proactor_events.py", line 109, in close
    self._loop.call_soon(self._call_connection_lost, None)
    ~~~~~~~~~~~~~~~~~~~~^^^^^^^^^^^^^^^^^^^^^^^^^^^^^^^^^^
  File "C:\Python313\Lib\asyncio\base_events.py", line 828, in call_soon
    self._check_closed()
    ~~~~~~~~~~~~~~~~~~^^
  File "C:\Python313\Lib\asyncio\base_events.py", line 551, in _check_closed
    raise RuntimeError('Event loop is closed')
RuntimeError: Event loop is closed
INFO:regular_website_pipeline:  🤖 Starting DeepSeek analysis...
INFO:simple_llm_analysis:  ⏳ Initializing DeepSeek client...
INFO:simple_llm_analysis:  ⏱️ DeepSeek client initialized in 1.31 seconds
INFO:httpx:HTTP Request: POST https://api.deepseek.com/chat/completions "HTTP/1.1 200 OK"
INFO:regular_website_pipeline:  ✓ Analysis complete. Found 2 opportunities.
ERROR:asyncio:Task exception was never retrieved
future: <Task finished name='Task-1996' coro=<AsyncClient.aclose() done, defined at C:\Users\jimcr\AppData\Roaming\Python\Python313\site-packages\httpx\_client.py:1996> exception=RuntimeError('Event loop is closed')>
Traceback (most recent call last):
  File "C:\Users\jimcr\AppData\Roaming\Python\Python313\site-packages\httpx\_client.py", line 2003, in aclose
    await self._transport.aclose()
  File "C:\Users\jimcr\AppData\Roaming\Python\Python313\site-packages\httpx\_transports\default.py", line 383, in aclose
    await self._pool.aclose()
  File "C:\Users\jimcr\AppData\Roaming\Python\Python313\site-packages\httpcore\_async\connection_pool.py", line 353, in aclose
    await self._close_connections(closing_connections)
  File "C:\Users\jimcr\AppData\Roaming\Python\Python313\site-packages\httpcore\_async\connection_pool.py", line 345, in _close_connections
    await connection.aclose()
  File "C:\Users\jimcr\AppData\Roaming\Python\Python313\site-packages\httpcore\_async\connection.py", line 173, in aclose
    await self._connection.aclose()
  File "C:\Users\jimcr\AppData\Roaming\Python\Python313\site-packages\httpcore\_async\http11.py", line 258, in aclose
    await self._network_stream.aclose()
  File "C:\Users\jimcr\AppData\Roaming\Python\Python313\site-packages\httpcore\_backends\anyio.py", line 53, in aclose
    await self._stream.aclose()
  File "C:\Users\jimcr\AppData\Roaming\Python\Python313\site-packages\anyio\streams\tls.py", line 236, in aclose
    await self.transport_stream.aclose()
  File "C:\Users\jimcr\AppData\Roaming\Python\Python313\site-packages\anyio\_backends\_asyncio.py", line 1344, in aclose
    self._transport.close()
    ~~~~~~~~~~~~~~~~~~~~~^^
  File "C:\Python313\Lib\asyncio\proactor_events.py", line 109, in close
    self._loop.call_soon(self._call_connection_lost, None)
    ~~~~~~~~~~~~~~~~~~~~^^^^^^^^^^^^^^^^^^^^^^^^^^^^^^^^^^
  File "C:\Python313\Lib\asyncio\base_events.py", line 828, in call_soon
    self._check_closed()
    ~~~~~~~~~~~~~~~~~~^^
  File "C:\Python313\Lib\asyncio\base_events.py", line 551, in _check_closed
    raise RuntimeError('Event loop is closed')
RuntimeError: Event loop is closed
INFO:regular_website_pipeline:  🤖 Starting DeepSeek analysis...
INFO:simple_llm_analysis:  ⏳ Initializing DeepSeek client...
INFO:simple_llm_analysis:  ⏱️ DeepSeek client initialized in 1.67 seconds
INFO:httpx:HTTP Request: POST https://api.deepseek.com/chat/completions "HTTP/1.1 200 OK"
INFO:regular_website_pipeline:  ✓ Analysis complete. Found 1 opportunities.
ERROR:asyncio:Task exception was never retrieved
future: <Task finished name='Task-2027' coro=<AsyncClient.aclose() done, defined at C:\Users\jimcr\AppData\Roaming\Python\Python313\site-packages\httpx\_client.py:1996> exception=RuntimeError('Event loop is closed')>
Traceback (most recent call last):
  File "C:\Users\jimcr\AppData\Roaming\Python\Python313\site-packages\httpx\_client.py", line 2003, in aclose
    await self._transport.aclose()
  File "C:\Users\jimcr\AppData\Roaming\Python\Python313\site-packages\httpx\_transports\default.py", line 383, in aclose
    await self._pool.aclose()
  File "C:\Users\jimcr\AppData\Roaming\Python\Python313\site-packages\httpcore\_async\connection_pool.py", line 353, in aclose
    await self._close_connections(closing_connections)
  File "C:\Users\jimcr\AppData\Roaming\Python\Python313\site-packages\httpcore\_async\connection_pool.py", line 345, in _close_connections
    await connection.aclose()
  File "C:\Users\jimcr\AppData\Roaming\Python\Python313\site-packages\httpcore\_async\connection.py", line 173, in aclose
    await self._connection.aclose()
  File "C:\Users\jimcr\AppData\Roaming\Python\Python313\site-packages\httpcore\_async\http11.py", line 258, in aclose
    await self._network_stream.aclose()
  File "C:\Users\jimcr\AppData\Roaming\Python\Python313\site-packages\httpcore\_backends\anyio.py", line 53, in aclose
    await self._stream.aclose()
  File "C:\Users\jimcr\AppData\Roaming\Python\Python313\site-packages\anyio\streams\tls.py", line 236, in aclose
    await self.transport_stream.aclose()
  File "C:\Users\jimcr\AppData\Roaming\Python\Python313\site-packages\anyio\_backends\_asyncio.py", line 1344, in aclose
    self._transport.close()
    ~~~~~~~~~~~~~~~~~~~~~^^
  File "C:\Python313\Lib\asyncio\proactor_events.py", line 109, in close
    self._loop.call_soon(self._call_connection_lost, None)
    ~~~~~~~~~~~~~~~~~~~~^^^^^^^^^^^^^^^^^^^^^^^^^^^^^^^^^^
  File "C:\Python313\Lib\asyncio\base_events.py", line 828, in call_soon
    self._check_closed()
    ~~~~~~~~~~~~~~~~~~^^
  File "C:\Python313\Lib\asyncio\base_events.py", line 551, in _check_closed
    raise RuntimeError('Event loop is closed')
RuntimeError: Event loop is closed
INFO:regular_website_pipeline:  🤖 Starting DeepSeek analysis...
INFO:simple_llm_analysis:  ⏳ Initializing DeepSeek client...
INFO:simple_llm_analysis:  ⏱️ DeepSeek client initialized in 1.81 seconds
INFO:httpx:HTTP Request: POST https://api.deepseek.com/chat/completions "HTTP/1.1 200 OK"
INFO:regular_website_pipeline:  ✓ Analysis complete. Found 1 opportunities.
ERROR:asyncio:Task exception was never retrieved
future: <Task finished name='Task-2051' coro=<AsyncClient.aclose() done, defined at C:\Users\jimcr\AppData\Roaming\Python\Python313\site-packages\httpx\_client.py:1996> exception=RuntimeError('Event loop is closed')>
Traceback (most recent call last):
  File "C:\Users\jimcr\AppData\Roaming\Python\Python313\site-packages\httpx\_client.py", line 2003, in aclose
    await self._transport.aclose()
  File "C:\Users\jimcr\AppData\Roaming\Python\Python313\site-packages\httpx\_transports\default.py", line 383, in aclose
    await self._pool.aclose()
  File "C:\Users\jimcr\AppData\Roaming\Python\Python313\site-packages\httpcore\_async\connection_pool.py", line 353, in aclose
    await self._close_connections(closing_connections)
  File "C:\Users\jimcr\AppData\Roaming\Python\Python313\site-packages\httpcore\_async\connection_pool.py", line 345, in _close_connections
    await connection.aclose()
  File "C:\Users\jimcr\AppData\Roaming\Python\Python313\site-packages\httpcore\_async\connection.py", line 173, in aclose
    await self._connection.aclose()
  File "C:\Users\jimcr\AppData\Roaming\Python\Python313\site-packages\httpcore\_async\http11.py", line 258, in aclose
    await self._network_stream.aclose()
  File "C:\Users\jimcr\AppData\Roaming\Python\Python313\site-packages\httpcore\_backends\anyio.py", line 53, in aclose
    await self._stream.aclose()
  File "C:\Users\jimcr\AppData\Roaming\Python\Python313\site-packages\anyio\streams\tls.py", line 236, in aclose
    await self.transport_stream.aclose()
  File "C:\Users\jimcr\AppData\Roaming\Python\Python313\site-packages\anyio\_backends\_asyncio.py", line 1344, in aclose
    self._transport.close()
    ~~~~~~~~~~~~~~~~~~~~~^^
  File "C:\Python313\Lib\asyncio\proactor_events.py", line 109, in close
    self._loop.call_soon(self._call_connection_lost, None)
    ~~~~~~~~~~~~~~~~~~~~^^^^^^^^^^^^^^^^^^^^^^^^^^^^^^^^^^
  File "C:\Python313\Lib\asyncio\base_events.py", line 828, in call_soon
    self._check_closed()
    ~~~~~~~~~~~~~~~~~~^^
  File "C:\Python313\Lib\asyncio\base_events.py", line 551, in _check_closed
    raise RuntimeError('Event loop is closed')
RuntimeError: Event loop is closed
INFO:regular_website_pipeline:  🤖 Starting DeepSeek analysis...
INFO:simple_llm_analysis:  ⏳ Initializing DeepSeek client...
INFO:simple_llm_analysis:  ⏱️ DeepSeek client initialized in 1.80 seconds
INFO:httpx:HTTP Request: POST https://api.deepseek.com/chat/completions "HTTP/1.1 200 OK"
INFO:regular_website_pipeline:  ✓ Analysis complete. Found 3 opportunities.
ERROR:asyncio:Task exception was never retrieved
future: <Task finished name='Task-2082' coro=<AsyncClient.aclose() done, defined at C:\Users\jimcr\AppData\Roaming\Python\Python313\site-packages\httpx\_client.py:1996> exception=RuntimeError('Event loop is closed')>
Traceback (most recent call last):
  File "C:\Users\jimcr\AppData\Roaming\Python\Python313\site-packages\httpx\_client.py", line 2003, in aclose
    await self._transport.aclose()
  File "C:\Users\jimcr\AppData\Roaming\Python\Python313\site-packages\httpx\_transports\default.py", line 383, in aclose
    await self._pool.aclose()
  File "C:\Users\jimcr\AppData\Roaming\Python\Python313\site-packages\httpcore\_async\connection_pool.py", line 353, in aclose
    await self._close_connections(closing_connections)
  File "C:\Users\jimcr\AppData\Roaming\Python\Python313\site-packages\httpcore\_async\connection_pool.py", line 345, in _close_connections
    await connection.aclose()
  File "C:\Users\jimcr\AppData\Roaming\Python\Python313\site-packages\httpcore\_async\connection.py", line 173, in aclose
    await self._connection.aclose()
  File "C:\Users\jimcr\AppData\Roaming\Python\Python313\site-packages\httpcore\_async\http11.py", line 258, in aclose
    await self._network_stream.aclose()
  File "C:\Users\jimcr\AppData\Roaming\Python\Python313\site-packages\httpcore\_backends\anyio.py", line 53, in aclose
    await self._stream.aclose()
  File "C:\Users\jimcr\AppData\Roaming\Python\Python313\site-packages\anyio\streams\tls.py", line 236, in aclose
    await self.transport_stream.aclose()
  File "C:\Users\jimcr\AppData\Roaming\Python\Python313\site-packages\anyio\_backends\_asyncio.py", line 1344, in aclose
    self._transport.close()
    ~~~~~~~~~~~~~~~~~~~~~^^
  File "C:\Python313\Lib\asyncio\proactor_events.py", line 109, in close
    self._loop.call_soon(self._call_connection_lost, None)
    ~~~~~~~~~~~~~~~~~~~~^^^^^^^^^^^^^^^^^^^^^^^^^^^^^^^^^^
  File "C:\Python313\Lib\asyncio\base_events.py", line 828, in call_soon
    self._check_closed()
    ~~~~~~~~~~~~~~~~~~^^
  File "C:\Python313\Lib\asyncio\base_events.py", line 551, in _check_closed
    raise RuntimeError('Event loop is closed')
RuntimeError: Event loop is closed
INFO:regular_website_pipeline:  🤖 Starting DeepSeek analysis...
INFO:simple_llm_analysis:  ⏳ Initializing DeepSeek client...
INFO:simple_llm_analysis:  ⏱️ DeepSeek client initialized in 2.32 seconds
INFO:httpx:HTTP Request: POST https://api.deepseek.com/chat/completions "HTTP/1.1 200 OK"
INFO:regular_website_pipeline:  ✓ Analysis complete. Found 1 opportunities.
ERROR:asyncio:Task exception was never retrieved
future: <Task finished name='Task-2113' coro=<AsyncClient.aclose() done, defined at C:\Users\jimcr\AppData\Roaming\Python\Python313\site-packages\httpx\_client.py:1996> exception=RuntimeError('Event loop is closed')>
Traceback (most recent call last):
  File "C:\Users\jimcr\AppData\Roaming\Python\Python313\site-packages\httpx\_client.py", line 2003, in aclose
    await self._transport.aclose()
  File "C:\Users\jimcr\AppData\Roaming\Python\Python313\site-packages\httpx\_transports\default.py", line 383, in aclose
    await self._pool.aclose()
  File "C:\Users\jimcr\AppData\Roaming\Python\Python313\site-packages\httpcore\_async\connection_pool.py", line 353, in aclose
    await self._close_connections(closing_connections)
  File "C:\Users\jimcr\AppData\Roaming\Python\Python313\site-packages\httpcore\_async\connection_pool.py", line 345, in _close_connections
    await connection.aclose()
  File "C:\Users\jimcr\AppData\Roaming\Python\Python313\site-packages\httpcore\_async\connection.py", line 173, in aclose
    await self._connection.aclose()
  File "C:\Users\jimcr\AppData\Roaming\Python\Python313\site-packages\httpcore\_async\http11.py", line 258, in aclose
    await self._network_stream.aclose()
  File "C:\Users\jimcr\AppData\Roaming\Python\Python313\site-packages\httpcore\_backends\anyio.py", line 53, in aclose
    await self._stream.aclose()
  File "C:\Users\jimcr\AppData\Roaming\Python\Python313\site-packages\anyio\streams\tls.py", line 236, in aclose
    await self.transport_stream.aclose()
  File "C:\Users\jimcr\AppData\Roaming\Python\Python313\site-packages\anyio\_backends\_asyncio.py", line 1344, in aclose
    self._transport.close()
    ~~~~~~~~~~~~~~~~~~~~~^^
  File "C:\Python313\Lib\asyncio\proactor_events.py", line 109, in close
    self._loop.call_soon(self._call_connection_lost, None)
    ~~~~~~~~~~~~~~~~~~~~^^^^^^^^^^^^^^^^^^^^^^^^^^^^^^^^^^
  File "C:\Python313\Lib\asyncio\base_events.py", line 828, in call_soon
    self._check_closed()
    ~~~~~~~~~~~~~~~~~~^^
  File "C:\Python313\Lib\asyncio\base_events.py", line 551, in _check_closed
    raise RuntimeError('Event loop is closed')
RuntimeError: Event loop is closed
INFO:regular_website_pipeline:  🤖 Starting DeepSeek analysis...
INFO:simple_llm_analysis:  ⏳ Initializing DeepSeek client...
INFO:simple_llm_analysis:  ⏱️ DeepSeek client initialized in 2.17 seconds
INFO:httpx:HTTP Request: POST https://api.deepseek.com/chat/completions "HTTP/1.1 200 OK"
INFO:regular_website_pipeline:  ✓ Analysis complete. Found 0 opportunities.
ERROR:asyncio:Task exception was never retrieved
future: <Task finished name='Task-2144' coro=<AsyncClient.aclose() done, defined at C:\Users\jimcr\AppData\Roaming\Python\Python313\site-packages\httpx\_client.py:1996> exception=RuntimeError('Event loop is closed')>
Traceback (most recent call last):
  File "C:\Users\jimcr\AppData\Roaming\Python\Python313\site-packages\httpx\_client.py", line 2003, in aclose
    await self._transport.aclose()
  File "C:\Users\jimcr\AppData\Roaming\Python\Python313\site-packages\httpx\_transports\default.py", line 383, in aclose
    await self._pool.aclose()
  File "C:\Users\jimcr\AppData\Roaming\Python\Python313\site-packages\httpcore\_async\connection_pool.py", line 353, in aclose
    await self._close_connections(closing_connections)
  File "C:\Users\jimcr\AppData\Roaming\Python\Python313\site-packages\httpcore\_async\connection_pool.py", line 345, in _close_connections
    await connection.aclose()
  File "C:\Users\jimcr\AppData\Roaming\Python\Python313\site-packages\httpcore\_async\connection.py", line 173, in aclose
    await self._connection.aclose()
  File "C:\Users\jimcr\AppData\Roaming\Python\Python313\site-packages\httpcore\_async\http11.py", line 258, in aclose
    await self._network_stream.aclose()
  File "C:\Users\jimcr\AppData\Roaming\Python\Python313\site-packages\httpcore\_backends\anyio.py", line 53, in aclose
    await self._stream.aclose()
  File "C:\Users\jimcr\AppData\Roaming\Python\Python313\site-packages\anyio\streams\tls.py", line 236, in aclose
    await self.transport_stream.aclose()
  File "C:\Users\jimcr\AppData\Roaming\Python\Python313\site-packages\anyio\_backends\_asyncio.py", line 1344, in aclose
    self._transport.close()
    ~~~~~~~~~~~~~~~~~~~~~^^
  File "C:\Python313\Lib\asyncio\proactor_events.py", line 109, in close
    self._loop.call_soon(self._call_connection_lost, None)
    ~~~~~~~~~~~~~~~~~~~~^^^^^^^^^^^^^^^^^^^^^^^^^^^^^^^^^^
  File "C:\Python313\Lib\asyncio\base_events.py", line 828, in call_soon
    self._check_closed()
    ~~~~~~~~~~~~~~~~~~^^
  File "C:\Python313\Lib\asyncio\base_events.py", line 551, in _check_closed
    raise RuntimeError('Event loop is closed')
RuntimeError: Event loop is closed
INFO:regular_website_pipeline:  🤖 Starting DeepSeek analysis...
INFO:simple_llm_analysis:  ⏳ Initializing DeepSeek client...
INFO:simple_llm_analysis:  ⏱️ DeepSeek client initialized in 1.53 seconds
INFO:httpx:HTTP Request: POST https://api.deepseek.com/chat/completions "HTTP/1.1 200 OK"
INFO:regular_website_pipeline:  ✓ Analysis complete. Found 0 opportunities.
ERROR:asyncio:Task exception was never retrieved
future: <Task finished name='Task-2175' coro=<AsyncClient.aclose() done, defined at C:\Users\jimcr\AppData\Roaming\Python\Python313\site-packages\httpx\_client.py:1996> exception=RuntimeError('Event loop is closed')>
Traceback (most recent call last):
  File "C:\Users\jimcr\AppData\Roaming\Python\Python313\site-packages\httpx\_client.py", line 2003, in aclose
    await self._transport.aclose()
  File "C:\Users\jimcr\AppData\Roaming\Python\Python313\site-packages\httpx\_transports\default.py", line 383, in aclose
    await self._pool.aclose()
  File "C:\Users\jimcr\AppData\Roaming\Python\Python313\site-packages\httpcore\_async\connection_pool.py", line 353, in aclose
    await self._close_connections(closing_connections)
  File "C:\Users\jimcr\AppData\Roaming\Python\Python313\site-packages\httpcore\_async\connection_pool.py", line 345, in _close_connections
    await connection.aclose()
  File "C:\Users\jimcr\AppData\Roaming\Python\Python313\site-packages\httpcore\_async\connection.py", line 173, in aclose
    await self._connection.aclose()
  File "C:\Users\jimcr\AppData\Roaming\Python\Python313\site-packages\httpcore\_async\http11.py", line 258, in aclose
    await self._network_stream.aclose()
  File "C:\Users\jimcr\AppData\Roaming\Python\Python313\site-packages\httpcore\_backends\anyio.py", line 53, in aclose
    await self._stream.aclose()
  File "C:\Users\jimcr\AppData\Roaming\Python\Python313\site-packages\anyio\streams\tls.py", line 236, in aclose
    await self.transport_stream.aclose()
  File "C:\Users\jimcr\AppData\Roaming\Python\Python313\site-packages\anyio\_backends\_asyncio.py", line 1344, in aclose
    self._transport.close()
    ~~~~~~~~~~~~~~~~~~~~~^^
  File "C:\Python313\Lib\asyncio\proactor_events.py", line 109, in close
    self._loop.call_soon(self._call_connection_lost, None)
    ~~~~~~~~~~~~~~~~~~~~^^^^^^^^^^^^^^^^^^^^^^^^^^^^^^^^^^
  File "C:\Python313\Lib\asyncio\base_events.py", line 828, in call_soon
    self._check_closed()
    ~~~~~~~~~~~~~~~~~~^^
  File "C:\Python313\Lib\asyncio\base_events.py", line 551, in _check_closed
    raise RuntimeError('Event loop is closed')
RuntimeError: Event loop is closed
INFO:regular_website_pipeline:  🤖 Starting DeepSeek analysis...
INFO:simple_llm_analysis:  ⏳ Initializing DeepSeek client...
INFO:simple_llm_analysis:  ⏱️ DeepSeek client initialized in 1.22 seconds
INFO:httpx:HTTP Request: POST https://api.deepseek.com/chat/completions "HTTP/1.1 200 OK"
INFO:regular_website_pipeline:  ✓ Analysis complete. Found 1 opportunities.
ERROR:asyncio:Task exception was never retrieved
future: <Task finished name='Task-2206' coro=<AsyncClient.aclose() done, defined at C:\Users\jimcr\AppData\Roaming\Python\Python313\site-packages\httpx\_client.py:1996> exception=RuntimeError('Event loop is closed')>
Traceback (most recent call last):
  File "C:\Users\jimcr\AppData\Roaming\Python\Python313\site-packages\httpx\_client.py", line 2003, in aclose
    await self._transport.aclose()
  File "C:\Users\jimcr\AppData\Roaming\Python\Python313\site-packages\httpx\_transports\default.py", line 383, in aclose
    await self._pool.aclose()
  File "C:\Users\jimcr\AppData\Roaming\Python\Python313\site-packages\httpcore\_async\connection_pool.py", line 353, in aclose
    await self._close_connections(closing_connections)
  File "C:\Users\jimcr\AppData\Roaming\Python\Python313\site-packages\httpcore\_async\connection_pool.py", line 345, in _close_connections
    await connection.aclose()
  File "C:\Users\jimcr\AppData\Roaming\Python\Python313\site-packages\httpcore\_async\connection.py", line 173, in aclose
    await self._connection.aclose()
  File "C:\Users\jimcr\AppData\Roaming\Python\Python313\site-packages\httpcore\_async\http11.py", line 258, in aclose
    await self._network_stream.aclose()
  File "C:\Users\jimcr\AppData\Roaming\Python\Python313\site-packages\httpcore\_backends\anyio.py", line 53, in aclose
    await self._stream.aclose()
  File "C:\Users\jimcr\AppData\Roaming\Python\Python313\site-packages\anyio\streams\tls.py", line 236, in aclose
    await self.transport_stream.aclose()
  File "C:\Users\jimcr\AppData\Roaming\Python\Python313\site-packages\anyio\_backends\_asyncio.py", line 1344, in aclose
    self._transport.close()
    ~~~~~~~~~~~~~~~~~~~~~^^
  File "C:\Python313\Lib\asyncio\proactor_events.py", line 109, in close
    self._loop.call_soon(self._call_connection_lost, None)
    ~~~~~~~~~~~~~~~~~~~~^^^^^^^^^^^^^^^^^^^^^^^^^^^^^^^^^^
  File "C:\Python313\Lib\asyncio\base_events.py", line 828, in call_soon
    self._check_closed()
    ~~~~~~~~~~~~~~~~~~^^
  File "C:\Python313\Lib\asyncio\base_events.py", line 551, in _check_closed
    raise RuntimeError('Event loop is closed')
RuntimeError: Event loop is closed
INFO:regular_website_pipeline:  🤖 Starting DeepSeek analysis...
INFO:simple_llm_analysis:  ⏳ Initializing DeepSeek client...
INFO:simple_llm_analysis:  ⏱️ DeepSeek client initialized in 1.85 seconds
INFO:httpx:HTTP Request: POST https://api.deepseek.com/chat/completions "HTTP/1.1 200 OK"
INFO:regular_website_pipeline:  ✓ Analysis complete. Found 5 opportunities.
ERROR:asyncio:Task exception was never retrieved
future: <Task finished name='Task-2237' coro=<AsyncClient.aclose() done, defined at C:\Users\jimcr\AppData\Roaming\Python\Python313\site-packages\httpx\_client.py:1996> exception=RuntimeError('Event loop is closed')>
Traceback (most recent call last):
  File "C:\Users\jimcr\AppData\Roaming\Python\Python313\site-packages\httpx\_client.py", line 2003, in aclose
    await self._transport.aclose()
  File "C:\Users\jimcr\AppData\Roaming\Python\Python313\site-packages\httpx\_transports\default.py", line 383, in aclose
    await self._pool.aclose()
  File "C:\Users\jimcr\AppData\Roaming\Python\Python313\site-packages\httpcore\_async\connection_pool.py", line 353, in aclose
    await self._close_connections(closing_connections)
  File "C:\Users\jimcr\AppData\Roaming\Python\Python313\site-packages\httpcore\_async\connection_pool.py", line 345, in _close_connections
    await connection.aclose()
  File "C:\Users\jimcr\AppData\Roaming\Python\Python313\site-packages\httpcore\_async\connection.py", line 173, in aclose
    await self._connection.aclose()
  File "C:\Users\jimcr\AppData\Roaming\Python\Python313\site-packages\httpcore\_async\http11.py", line 258, in aclose
    await self._network_stream.aclose()
  File "C:\Users\jimcr\AppData\Roaming\Python\Python313\site-packages\httpcore\_backends\anyio.py", line 53, in aclose
    await self._stream.aclose()
  File "C:\Users\jimcr\AppData\Roaming\Python\Python313\site-packages\anyio\streams\tls.py", line 236, in aclose
    await self.transport_stream.aclose()
  File "C:\Users\jimcr\AppData\Roaming\Python\Python313\site-packages\anyio\_backends\_asyncio.py", line 1344, in aclose
    self._transport.close()
    ~~~~~~~~~~~~~~~~~~~~~^^
  File "C:\Python313\Lib\asyncio\proactor_events.py", line 109, in close
    self._loop.call_soon(self._call_connection_lost, None)
    ~~~~~~~~~~~~~~~~~~~~^^^^^^^^^^^^^^^^^^^^^^^^^^^^^^^^^^
  File "C:\Python313\Lib\asyncio\base_events.py", line 828, in call_soon
    self._check_closed()
    ~~~~~~~~~~~~~~~~~~^^
  File "C:\Python313\Lib\asyncio\base_events.py", line 551, in _check_closed
    raise RuntimeError('Event loop is closed')
RuntimeError: Event loop is closed
INFO:regular_website_pipeline:  🤖 Starting DeepSeek analysis...
INFO:simple_llm_analysis:  ⏳ Initializing DeepSeek client...
INFO:simple_llm_analysis:  ⏱️ DeepSeek client initialized in 2.26 seconds
INFO:httpx:HTTP Request: POST https://api.deepseek.com/chat/completions "HTTP/1.1 200 OK"
INFO:regular_website_pipeline:  ✓ Analysis complete. Found 1 opportunities.
ERROR:asyncio:Task exception was never retrieved
future: <Task finished name='Task-2265' coro=<AsyncClient.aclose() done, defined at C:\Users\jimcr\AppData\Roaming\Python\Python313\site-packages\httpx\_client.py:1996> exception=RuntimeError('Event loop is closed')>
Traceback (most recent call last):
  File "C:\Users\jimcr\AppData\Roaming\Python\Python313\site-packages\httpx\_client.py", line 2003, in aclose
    await self._transport.aclose()
  File "C:\Users\jimcr\AppData\Roaming\Python\Python313\site-packages\httpx\_transports\default.py", line 383, in aclose
    await self._pool.aclose()
  File "C:\Users\jimcr\AppData\Roaming\Python\Python313\site-packages\httpcore\_async\connection_pool.py", line 353, in aclose
    await self._close_connections(closing_connections)
  File "C:\Users\jimcr\AppData\Roaming\Python\Python313\site-packages\httpcore\_async\connection_pool.py", line 345, in _close_connections
    await connection.aclose()
  File "C:\Users\jimcr\AppData\Roaming\Python\Python313\site-packages\httpcore\_async\connection.py", line 173, in aclose
    await self._connection.aclose()
  File "C:\Users\jimcr\AppData\Roaming\Python\Python313\site-packages\httpcore\_async\http11.py", line 258, in aclose
    await self._network_stream.aclose()
  File "C:\Users\jimcr\AppData\Roaming\Python\Python313\site-packages\httpcore\_backends\anyio.py", line 53, in aclose
    await self._stream.aclose()
  File "C:\Users\jimcr\AppData\Roaming\Python\Python313\site-packages\anyio\streams\tls.py", line 236, in aclose
    await self.transport_stream.aclose()
  File "C:\Users\jimcr\AppData\Roaming\Python\Python313\site-packages\anyio\_backends\_asyncio.py", line 1344, in aclose
    self._transport.close()
    ~~~~~~~~~~~~~~~~~~~~~^^
  File "C:\Python313\Lib\asyncio\proactor_events.py", line 109, in close
    self._loop.call_soon(self._call_connection_lost, None)
    ~~~~~~~~~~~~~~~~~~~~^^^^^^^^^^^^^^^^^^^^^^^^^^^^^^^^^^
  File "C:\Python313\Lib\asyncio\base_events.py", line 828, in call_soon
    self._check_closed()
    ~~~~~~~~~~~~~~~~~~^^
  File "C:\Python313\Lib\asyncio\base_events.py", line 551, in _check_closed
    raise RuntimeError('Event loop is closed')
RuntimeError: Event loop is closed
INFO:regular_website_pipeline:  🤖 Starting DeepSeek analysis...
INFO:simple_llm_analysis:  ⏳ Initializing DeepSeek client...
INFO:simple_llm_analysis:  ⏱️ DeepSeek client initialized in 1.99 seconds
INFO:httpx:HTTP Request: POST https://api.deepseek.com/chat/completions "HTTP/1.1 200 OK"
INFO:regular_website_pipeline:  ✓ Analysis complete. Found 1 opportunities.
ERROR:asyncio:Task exception was never retrieved
future: <Task finished name='Task-2293' coro=<AsyncClient.aclose() done, defined at C:\Users\jimcr\AppData\Roaming\Python\Python313\site-packages\httpx\_client.py:1996> exception=RuntimeError('Event loop is closed')>
Traceback (most recent call last):
  File "C:\Users\jimcr\AppData\Roaming\Python\Python313\site-packages\httpx\_client.py", line 2003, in aclose
    await self._transport.aclose()
  File "C:\Users\jimcr\AppData\Roaming\Python\Python313\site-packages\httpx\_transports\default.py", line 383, in aclose
    await self._pool.aclose()
  File "C:\Users\jimcr\AppData\Roaming\Python\Python313\site-packages\httpcore\_async\connection_pool.py", line 353, in aclose
    await self._close_connections(closing_connections)
  File "C:\Users\jimcr\AppData\Roaming\Python\Python313\site-packages\httpcore\_async\connection_pool.py", line 345, in _close_connections
    await connection.aclose()
  File "C:\Users\jimcr\AppData\Roaming\Python\Python313\site-packages\httpcore\_async\connection.py", line 173, in aclose
    await self._connection.aclose()
  File "C:\Users\jimcr\AppData\Roaming\Python\Python313\site-packages\httpcore\_async\http11.py", line 258, in aclose
    await self._network_stream.aclose()
  File "C:\Users\jimcr\AppData\Roaming\Python\Python313\site-packages\httpcore\_backends\anyio.py", line 53, in aclose
    await self._stream.aclose()
  File "C:\Users\jimcr\AppData\Roaming\Python\Python313\site-packages\anyio\streams\tls.py", line 236, in aclose
    await self.transport_stream.aclose()
  File "C:\Users\jimcr\AppData\Roaming\Python\Python313\site-packages\anyio\_backends\_asyncio.py", line 1344, in aclose
    self._transport.close()
    ~~~~~~~~~~~~~~~~~~~~~^^
  File "C:\Python313\Lib\asyncio\proactor_events.py", line 109, in close
    self._loop.call_soon(self._call_connection_lost, None)
    ~~~~~~~~~~~~~~~~~~~~^^^^^^^^^^^^^^^^^^^^^^^^^^^^^^^^^^
  File "C:\Python313\Lib\asyncio\base_events.py", line 828, in call_soon
    self._check_closed()
    ~~~~~~~~~~~~~~~~~~^^
  File "C:\Python313\Lib\asyncio\base_events.py", line 551, in _check_closed
    raise RuntimeError('Event loop is closed')
RuntimeError: Event loop is closed
INFO:regular_website_pipeline:  🤖 Starting DeepSeek analysis...
INFO:simple_llm_analysis:  ⏳ Initializing DeepSeek client...
INFO:simple_llm_analysis:  ⏱️ DeepSeek client initialized in 1.56 seconds
INFO:httpx:HTTP Request: POST https://api.deepseek.com/chat/completions "HTTP/1.1 200 OK"
INFO:regular_website_pipeline:  ✓ Analysis complete. Found 1 opportunities.
ERROR:asyncio:Task exception was never retrieved
future: <Task finished name='Task-2321' coro=<AsyncClient.aclose() done, defined at C:\Users\jimcr\AppData\Roaming\Python\Python313\site-packages\httpx\_client.py:1996> exception=RuntimeError('Event loop is closed')>
Traceback (most recent call last):
  File "C:\Users\jimcr\AppData\Roaming\Python\Python313\site-packages\httpx\_client.py", line 2003, in aclose
    await self._transport.aclose()
  File "C:\Users\jimcr\AppData\Roaming\Python\Python313\site-packages\httpx\_transports\default.py", line 383, in aclose
    await self._pool.aclose()
  File "C:\Users\jimcr\AppData\Roaming\Python\Python313\site-packages\httpcore\_async\connection_pool.py", line 353, in aclose
    await self._close_connections(closing_connections)
  File "C:\Users\jimcr\AppData\Roaming\Python\Python313\site-packages\httpcore\_async\connection_pool.py", line 345, in _close_connections
    await connection.aclose()
  File "C:\Users\jimcr\AppData\Roaming\Python\Python313\site-packages\httpcore\_async\connection.py", line 173, in aclose
    await self._connection.aclose()
  File "C:\Users\jimcr\AppData\Roaming\Python\Python313\site-packages\httpcore\_async\http11.py", line 258, in aclose
    await self._network_stream.aclose()
  File "C:\Users\jimcr\AppData\Roaming\Python\Python313\site-packages\httpcore\_backends\anyio.py", line 53, in aclose
    await self._stream.aclose()
  File "C:\Users\jimcr\AppData\Roaming\Python\Python313\site-packages\anyio\streams\tls.py", line 236, in aclose
    await self.transport_stream.aclose()
  File "C:\Users\jimcr\AppData\Roaming\Python\Python313\site-packages\anyio\_backends\_asyncio.py", line 1344, in aclose
    self._transport.close()
    ~~~~~~~~~~~~~~~~~~~~~^^
  File "C:\Python313\Lib\asyncio\proactor_events.py", line 109, in close
    self._loop.call_soon(self._call_connection_lost, None)
    ~~~~~~~~~~~~~~~~~~~~^^^^^^^^^^^^^^^^^^^^^^^^^^^^^^^^^^
  File "C:\Python313\Lib\asyncio\base_events.py", line 828, in call_soon
    self._check_closed()
    ~~~~~~~~~~~~~~~~~~^^
  File "C:\Python313\Lib\asyncio\base_events.py", line 551, in _check_closed
    raise RuntimeError('Event loop is closed')
RuntimeError: Event loop is closed
INFO:regular_website_pipeline:  🤖 Starting DeepSeek analysis...
INFO:simple_llm_analysis:  ⏳ Initializing DeepSeek client...
INFO:simple_llm_analysis:  ⏱️ DeepSeek client initialized in 1.76 seconds
INFO:httpx:HTTP Request: POST https://api.deepseek.com/chat/completions "HTTP/1.1 200 OK"
INFO:regular_website_pipeline:  ✓ Analysis complete. Found 10 opportunities.
ERROR:asyncio:Task exception was never retrieved
future: <Task finished name='Task-2345' coro=<AsyncClient.aclose() done, defined at C:\Users\jimcr\AppData\Roaming\Python\Python313\site-packages\httpx\_client.py:1996> exception=RuntimeError('Event loop is closed')>
Traceback (most recent call last):
  File "C:\Users\jimcr\AppData\Roaming\Python\Python313\site-packages\httpx\_client.py", line 2003, in aclose
    await self._transport.aclose()
  File "C:\Users\jimcr\AppData\Roaming\Python\Python313\site-packages\httpx\_transports\default.py", line 383, in aclose
    await self._pool.aclose()
  File "C:\Users\jimcr\AppData\Roaming\Python\Python313\site-packages\httpcore\_async\connection_pool.py", line 353, in aclose
    await self._close_connections(closing_connections)
  File "C:\Users\jimcr\AppData\Roaming\Python\Python313\site-packages\httpcore\_async\connection_pool.py", line 345, in _close_connections
    await connection.aclose()
  File "C:\Users\jimcr\AppData\Roaming\Python\Python313\site-packages\httpcore\_async\connection.py", line 173, in aclose
    await self._connection.aclose()
  File "C:\Users\jimcr\AppData\Roaming\Python\Python313\site-packages\httpcore\_async\http11.py", line 258, in aclose
    await self._network_stream.aclose()
  File "C:\Users\jimcr\AppData\Roaming\Python\Python313\site-packages\httpcore\_backends\anyio.py", line 53, in aclose
    await self._stream.aclose()
  File "C:\Users\jimcr\AppData\Roaming\Python\Python313\site-packages\anyio\streams\tls.py", line 236, in aclose
    await self.transport_stream.aclose()
  File "C:\Users\jimcr\AppData\Roaming\Python\Python313\site-packages\anyio\_backends\_asyncio.py", line 1344, in aclose
    self._transport.close()
    ~~~~~~~~~~~~~~~~~~~~~^^
  File "C:\Python313\Lib\asyncio\proactor_events.py", line 109, in close
    self._loop.call_soon(self._call_connection_lost, None)
    ~~~~~~~~~~~~~~~~~~~~^^^^^^^^^^^^^^^^^^^^^^^^^^^^^^^^^^
  File "C:\Python313\Lib\asyncio\base_events.py", line 828, in call_soon
    self._check_closed()
    ~~~~~~~~~~~~~~~~~~^^
  File "C:\Python313\Lib\asyncio\base_events.py", line 551, in _check_closed
    raise RuntimeError('Event loop is closed')
RuntimeError: Event loop is closed
INFO:regular_website_pipeline:  🤖 Starting DeepSeek analysis...
INFO:simple_llm_analysis:  ⏳ Initializing DeepSeek client...
INFO:simple_llm_analysis:  ⏱️ DeepSeek client initialized in 1.63 seconds
INFO:httpx:HTTP Request: POST https://api.deepseek.com/chat/completions "HTTP/1.1 200 OK"
INFO:regular_website_pipeline:  ✓ Analysis complete. Found 6 opportunities.
ERROR:asyncio:Task exception was never retrieved
future: <Task finished name='Task-2376' coro=<AsyncClient.aclose() done, defined at C:\Users\jimcr\AppData\Roaming\Python\Python313\site-packages\httpx\_client.py:1996> exception=RuntimeError('Event loop is closed')>
Traceback (most recent call last):
  File "C:\Users\jimcr\AppData\Roaming\Python\Python313\site-packages\httpx\_client.py", line 2003, in aclose
    await self._transport.aclose()
  File "C:\Users\jimcr\AppData\Roaming\Python\Python313\site-packages\httpx\_transports\default.py", line 383, in aclose
    await self._pool.aclose()
  File "C:\Users\jimcr\AppData\Roaming\Python\Python313\site-packages\httpcore\_async\connection_pool.py", line 353, in aclose
    await self._close_connections(closing_connections)
  File "C:\Users\jimcr\AppData\Roaming\Python\Python313\site-packages\httpcore\_async\connection_pool.py", line 345, in _close_connections
    await connection.aclose()
  File "C:\Users\jimcr\AppData\Roaming\Python\Python313\site-packages\httpcore\_async\connection.py", line 173, in aclose
    await self._connection.aclose()
  File "C:\Users\jimcr\AppData\Roaming\Python\Python313\site-packages\httpcore\_async\http11.py", line 258, in aclose
    await self._network_stream.aclose()
  File "C:\Users\jimcr\AppData\Roaming\Python\Python313\site-packages\httpcore\_backends\anyio.py", line 53, in aclose
    await self._stream.aclose()
  File "C:\Users\jimcr\AppData\Roaming\Python\Python313\site-packages\anyio\streams\tls.py", line 236, in aclose
    await self.transport_stream.aclose()
  File "C:\Users\jimcr\AppData\Roaming\Python\Python313\site-packages\anyio\_backends\_asyncio.py", line 1344, in aclose
    self._transport.close()
    ~~~~~~~~~~~~~~~~~~~~~^^
  File "C:\Python313\Lib\asyncio\proactor_events.py", line 109, in close
    self._loop.call_soon(self._call_connection_lost, None)
    ~~~~~~~~~~~~~~~~~~~~^^^^^^^^^^^^^^^^^^^^^^^^^^^^^^^^^^
  File "C:\Python313\Lib\asyncio\base_events.py", line 828, in call_soon
    self._check_closed()
    ~~~~~~~~~~~~~~~~~~^^
  File "C:\Python313\Lib\asyncio\base_events.py", line 551, in _check_closed
    raise RuntimeError('Event loop is closed')
RuntimeError: Event loop is closed
INFO:regular_website_pipeline:  🤖 Starting DeepSeek analysis...
INFO:simple_llm_analysis:  ⏳ Initializing DeepSeek client...
INFO:simple_llm_analysis:  ⏱️ DeepSeek client initialized in 1.58 seconds
INFO:httpx:HTTP Request: POST https://api.deepseek.com/chat/completions "HTTP/1.1 200 OK"
INFO:regular_website_pipeline:  ✓ Analysis complete. Found 1 opportunities.
ERROR:asyncio:Task exception was never retrieved
future: <Task finished name='Task-2417' coro=<AsyncClient.aclose() done, defined at C:\Users\jimcr\AppData\Roaming\Python\Python313\site-packages\httpx\_client.py:1996> exception=RuntimeError('Event loop is closed')>
Traceback (most recent call last):
  File "C:\Users\jimcr\AppData\Roaming\Python\Python313\site-packages\httpx\_client.py", line 2003, in aclose
    await self._transport.aclose()
  File "C:\Users\jimcr\AppData\Roaming\Python\Python313\site-packages\httpx\_transports\default.py", line 383, in aclose
    await self._pool.aclose()
  File "C:\Users\jimcr\AppData\Roaming\Python\Python313\site-packages\httpcore\_async\connection_pool.py", line 353, in aclose
    await self._close_connections(closing_connections)
  File "C:\Users\jimcr\AppData\Roaming\Python\Python313\site-packages\httpcore\_async\connection_pool.py", line 345, in _close_connections
    await connection.aclose()
  File "C:\Users\jimcr\AppData\Roaming\Python\Python313\site-packages\httpcore\_async\connection.py", line 173, in aclose
    await self._connection.aclose()
  File "C:\Users\jimcr\AppData\Roaming\Python\Python313\site-packages\httpcore\_async\http11.py", line 258, in aclose
    await self._network_stream.aclose()
  File "C:\Users\jimcr\AppData\Roaming\Python\Python313\site-packages\httpcore\_backends\anyio.py", line 53, in aclose
    await self._stream.aclose()
  File "C:\Users\jimcr\AppData\Roaming\Python\Python313\site-packages\anyio\streams\tls.py", line 236, in aclose
    await self.transport_stream.aclose()
  File "C:\Users\jimcr\AppData\Roaming\Python\Python313\site-packages\anyio\_backends\_asyncio.py", line 1344, in aclose
    self._transport.close()
    ~~~~~~~~~~~~~~~~~~~~~^^
  File "C:\Python313\Lib\asyncio\proactor_events.py", line 109, in close
    self._loop.call_soon(self._call_connection_lost, None)
    ~~~~~~~~~~~~~~~~~~~~^^^^^^^^^^^^^^^^^^^^^^^^^^^^^^^^^^
  File "C:\Python313\Lib\asyncio\base_events.py", line 828, in call_soon
    self._check_closed()
    ~~~~~~~~~~~~~~~~~~^^
  File "C:\Python313\Lib\asyncio\base_events.py", line 551, in _check_closed
    raise RuntimeError('Event loop is closed')
RuntimeError: Event loop is closed
INFO:regular_website_pipeline:  🤖 Starting DeepSeek analysis...
INFO:simple_llm_analysis:  ⏳ Initializing DeepSeek client...
INFO:simple_llm_analysis:  ⏱️ DeepSeek client initialized in 2.50 seconds
INFO:httpx:HTTP Request: POST https://api.deepseek.com/chat/completions "HTTP/1.1 200 OK"
INFO:regular_website_pipeline:  ✓ Analysis complete. Found 3 opportunities.
ERROR:asyncio:Task exception was never retrieved
future: <Task finished name='Task-2431' coro=<AsyncClient.aclose() done, defined at C:\Users\jimcr\AppData\Roaming\Python\Python313\site-packages\httpx\_client.py:1996> exception=RuntimeError('Event loop is closed')>
Traceback (most recent call last):
  File "C:\Users\jimcr\AppData\Roaming\Python\Python313\site-packages\httpx\_client.py", line 2003, in aclose
    await self._transport.aclose()
  File "C:\Users\jimcr\AppData\Roaming\Python\Python313\site-packages\httpx\_transports\default.py", line 383, in aclose
    await self._pool.aclose()
  File "C:\Users\jimcr\AppData\Roaming\Python\Python313\site-packages\httpcore\_async\connection_pool.py", line 353, in aclose
    await self._close_connections(closing_connections)
  File "C:\Users\jimcr\AppData\Roaming\Python\Python313\site-packages\httpcore\_async\connection_pool.py", line 345, in _close_connections
    await connection.aclose()
  File "C:\Users\jimcr\AppData\Roaming\Python\Python313\site-packages\httpcore\_async\connection.py", line 173, in aclose
    await self._connection.aclose()
  File "C:\Users\jimcr\AppData\Roaming\Python\Python313\site-packages\httpcore\_async\http11.py", line 258, in aclose
    await self._network_stream.aclose()
  File "C:\Users\jimcr\AppData\Roaming\Python\Python313\site-packages\httpcore\_backends\anyio.py", line 53, in aclose
    await self._stream.aclose()
  File "C:\Users\jimcr\AppData\Roaming\Python\Python313\site-packages\anyio\streams\tls.py", line 236, in aclose
    await self.transport_stream.aclose()
  File "C:\Users\jimcr\AppData\Roaming\Python\Python313\site-packages\anyio\_backends\_asyncio.py", line 1344, in aclose
    self._transport.close()
    ~~~~~~~~~~~~~~~~~~~~~^^
  File "C:\Python313\Lib\asyncio\proactor_events.py", line 109, in close
    self._loop.call_soon(self._call_connection_lost, None)
    ~~~~~~~~~~~~~~~~~~~~^^^^^^^^^^^^^^^^^^^^^^^^^^^^^^^^^^
  File "C:\Python313\Lib\asyncio\base_events.py", line 828, in call_soon
    self._check_closed()
    ~~~~~~~~~~~~~~~~~~^^
  File "C:\Python313\Lib\asyncio\base_events.py", line 551, in _check_closed
    raise RuntimeError('Event loop is closed')
RuntimeError: Event loop is closed
INFO:regular_website_pipeline:  🤖 Starting DeepSeek analysis...
INFO:simple_llm_analysis:  ⏳ Initializing DeepSeek client...
INFO:simple_llm_analysis:  ⏱️ DeepSeek client initialized in 1.89 seconds
INFO:httpx:HTTP Request: POST https://api.deepseek.com/chat/completions "HTTP/1.1 200 OK"
INFO:regular_website_pipeline:  ✓ Analysis complete. Found 1 opportunities.
ERROR:asyncio:Task exception was never retrieved
future: <Task finished name='Task-2462' coro=<AsyncClient.aclose() done, defined at C:\Users\jimcr\AppData\Roaming\Python\Python313\site-packages\httpx\_client.py:1996> exception=RuntimeError('Event loop is closed')>
Traceback (most recent call last):
  File "C:\Users\jimcr\AppData\Roaming\Python\Python313\site-packages\httpx\_client.py", line 2003, in aclose
    await self._transport.aclose()
  File "C:\Users\jimcr\AppData\Roaming\Python\Python313\site-packages\httpx\_transports\default.py", line 383, in aclose
    await self._pool.aclose()
  File "C:\Users\jimcr\AppData\Roaming\Python\Python313\site-packages\httpcore\_async\connection_pool.py", line 353, in aclose
    await self._close_connections(closing_connections)
  File "C:\Users\jimcr\AppData\Roaming\Python\Python313\site-packages\httpcore\_async\connection_pool.py", line 345, in _close_connections
    await connection.aclose()
  File "C:\Users\jimcr\AppData\Roaming\Python\Python313\site-packages\httpcore\_async\connection.py", line 173, in aclose
    await self._connection.aclose()
  File "C:\Users\jimcr\AppData\Roaming\Python\Python313\site-packages\httpcore\_async\http11.py", line 258, in aclose
    await self._network_stream.aclose()
  File "C:\Users\jimcr\AppData\Roaming\Python\Python313\site-packages\httpcore\_backends\anyio.py", line 53, in aclose
    await self._stream.aclose()
  File "C:\Users\jimcr\AppData\Roaming\Python\Python313\site-packages\anyio\streams\tls.py", line 236, in aclose
    await self.transport_stream.aclose()
  File "C:\Users\jimcr\AppData\Roaming\Python\Python313\site-packages\anyio\_backends\_asyncio.py", line 1344, in aclose
    self._transport.close()
    ~~~~~~~~~~~~~~~~~~~~~^^
  File "C:\Python313\Lib\asyncio\proactor_events.py", line 109, in close
    self._loop.call_soon(self._call_connection_lost, None)
    ~~~~~~~~~~~~~~~~~~~~^^^^^^^^^^^^^^^^^^^^^^^^^^^^^^^^^^
  File "C:\Python313\Lib\asyncio\base_events.py", line 828, in call_soon
    self._check_closed()
    ~~~~~~~~~~~~~~~~~~^^
  File "C:\Python313\Lib\asyncio\base_events.py", line 551, in _check_closed
    raise RuntimeError('Event loop is closed')
RuntimeError: Event loop is closed
INFO:regular_website_pipeline:  🤖 Starting DeepSeek analysis...
INFO:simple_llm_analysis:  ⏳ Initializing DeepSeek client...
INFO:simple_llm_analysis:  ⏱️ DeepSeek client initialized in 4.03 seconds
INFO:httpx:HTTP Request: POST https://api.deepseek.com/chat/completions "HTTP/1.1 200 OK"
INFO:regular_website_pipeline:  ✓ Analysis complete. Found 1 opportunities.
ERROR:asyncio:Task exception was never retrieved
future: <Task finished name='Task-2493' coro=<AsyncClient.aclose() done, defined at C:\Users\jimcr\AppData\Roaming\Python\Python313\site-packages\httpx\_client.py:1996> exception=RuntimeError('Event loop is closed')>
Traceback (most recent call last):
  File "C:\Users\jimcr\AppData\Roaming\Python\Python313\site-packages\httpx\_client.py", line 2003, in aclose
    await self._transport.aclose()
  File "C:\Users\jimcr\AppData\Roaming\Python\Python313\site-packages\httpx\_transports\default.py", line 383, in aclose
    await self._pool.aclose()
  File "C:\Users\jimcr\AppData\Roaming\Python\Python313\site-packages\httpcore\_async\connection_pool.py", line 353, in aclose
    await self._close_connections(closing_connections)
  File "C:\Users\jimcr\AppData\Roaming\Python\Python313\site-packages\httpcore\_async\connection_pool.py", line 345, in _close_connections
    await connection.aclose()
  File "C:\Users\jimcr\AppData\Roaming\Python\Python313\site-packages\httpcore\_async\connection.py", line 173, in aclose
    await self._connection.aclose()
  File "C:\Users\jimcr\AppData\Roaming\Python\Python313\site-packages\httpcore\_async\http11.py", line 258, in aclose
    await self._network_stream.aclose()
  File "C:\Users\jimcr\AppData\Roaming\Python\Python313\site-packages\httpcore\_backends\anyio.py", line 53, in aclose
    await self._stream.aclose()
  File "C:\Users\jimcr\AppData\Roaming\Python\Python313\site-packages\anyio\streams\tls.py", line 236, in aclose
    await self.transport_stream.aclose()
  File "C:\Users\jimcr\AppData\Roaming\Python\Python313\site-packages\anyio\_backends\_asyncio.py", line 1344, in aclose
    self._transport.close()
    ~~~~~~~~~~~~~~~~~~~~~^^
  File "C:\Python313\Lib\asyncio\proactor_events.py", line 109, in close
    self._loop.call_soon(self._call_connection_lost, None)
    ~~~~~~~~~~~~~~~~~~~~^^^^^^^^^^^^^^^^^^^^^^^^^^^^^^^^^^
  File "C:\Python313\Lib\asyncio\base_events.py", line 828, in call_soon
    self._check_closed()
    ~~~~~~~~~~~~~~~~~~^^
  File "C:\Python313\Lib\asyncio\base_events.py", line 551, in _check_closed
    raise RuntimeError('Event loop is closed')
RuntimeError: Event loop is closed
INFO:regular_website_pipeline:  🤖 Starting DeepSeek analysis...
INFO:simple_llm_analysis:  ⏳ Initializing DeepSeek client...
INFO:simple_llm_analysis:  ⏱️ DeepSeek client initialized in 2.35 seconds
INFO:httpx:HTTP Request: POST https://api.deepseek.com/chat/completions "HTTP/1.1 200 OK"
INFO:regular_website_pipeline:  ✓ Analysis complete. Found 7 opportunities.
ERROR:asyncio:Task exception was never retrieved
future: <Task finished name='Task-2524' coro=<AsyncClient.aclose() done, defined at C:\Users\jimcr\AppData\Roaming\Python\Python313\site-packages\httpx\_client.py:1996> exception=RuntimeError('Event loop is closed')>
Traceback (most recent call last):
  File "C:\Users\jimcr\AppData\Roaming\Python\Python313\site-packages\httpx\_client.py", line 2003, in aclose
    await self._transport.aclose()
  File "C:\Users\jimcr\AppData\Roaming\Python\Python313\site-packages\httpx\_transports\default.py", line 383, in aclose
    await self._pool.aclose()
  File "C:\Users\jimcr\AppData\Roaming\Python\Python313\site-packages\httpcore\_async\connection_pool.py", line 353, in aclose
    await self._close_connections(closing_connections)
  File "C:\Users\jimcr\AppData\Roaming\Python\Python313\site-packages\httpcore\_async\connection_pool.py", line 345, in _close_connections
    await connection.aclose()
  File "C:\Users\jimcr\AppData\Roaming\Python\Python313\site-packages\httpcore\_async\connection.py", line 173, in aclose
    await self._connection.aclose()
  File "C:\Users\jimcr\AppData\Roaming\Python\Python313\site-packages\httpcore\_async\http11.py", line 258, in aclose
    await self._network_stream.aclose()
  File "C:\Users\jimcr\AppData\Roaming\Python\Python313\site-packages\httpcore\_backends\anyio.py", line 53, in aclose
    await self._stream.aclose()
  File "C:\Users\jimcr\AppData\Roaming\Python\Python313\site-packages\anyio\streams\tls.py", line 236, in aclose
    await self.transport_stream.aclose()
  File "C:\Users\jimcr\AppData\Roaming\Python\Python313\site-packages\anyio\_backends\_asyncio.py", line 1344, in aclose
    self._transport.close()
    ~~~~~~~~~~~~~~~~~~~~~^^
  File "C:\Python313\Lib\asyncio\proactor_events.py", line 109, in close
    self._loop.call_soon(self._call_connection_lost, None)
    ~~~~~~~~~~~~~~~~~~~~^^^^^^^^^^^^^^^^^^^^^^^^^^^^^^^^^^
  File "C:\Python313\Lib\asyncio\base_events.py", line 828, in call_soon
    self._check_closed()
    ~~~~~~~~~~~~~~~~~~^^
  File "C:\Python313\Lib\asyncio\base_events.py", line 551, in _check_closed
    raise RuntimeError('Event loop is closed')
RuntimeError: Event loop is closed
INFO:regular_website_pipeline:  🤖 Starting DeepSeek analysis...
INFO:simple_llm_analysis:  ⏳ Initializing DeepSeek client...
INFO:simple_llm_analysis:  ⏱️ DeepSeek client initialized in 2.57 seconds
INFO:httpx:HTTP Request: POST https://api.deepseek.com/chat/completions "HTTP/1.1 200 OK"
INFO:regular_website_pipeline:  ✓ Analysis complete. Found 0 opportunities.
ERROR:asyncio:Task exception was never retrieved
future: <Task finished name='Task-2554' coro=<AsyncClient.aclose() done, defined at C:\Users\jimcr\AppData\Roaming\Python\Python313\site-packages\httpx\_client.py:1996> exception=RuntimeError('Event loop is closed')>
Traceback (most recent call last):
  File "C:\Users\jimcr\AppData\Roaming\Python\Python313\site-packages\httpx\_client.py", line 2003, in aclose
    await self._transport.aclose()
  File "C:\Users\jimcr\AppData\Roaming\Python\Python313\site-packages\httpx\_transports\default.py", line 383, in aclose
    await self._pool.aclose()
  File "C:\Users\jimcr\AppData\Roaming\Python\Python313\site-packages\httpcore\_async\connection_pool.py", line 353, in aclose
    await self._close_connections(closing_connections)
  File "C:\Users\jimcr\AppData\Roaming\Python\Python313\site-packages\httpcore\_async\connection_pool.py", line 345, in _close_connections
    await connection.aclose()
  File "C:\Users\jimcr\AppData\Roaming\Python\Python313\site-packages\httpcore\_async\connection.py", line 173, in aclose
    await self._connection.aclose()
  File "C:\Users\jimcr\AppData\Roaming\Python\Python313\site-packages\httpcore\_async\http11.py", line 258, in aclose
    await self._network_stream.aclose()
  File "C:\Users\jimcr\AppData\Roaming\Python\Python313\site-packages\httpcore\_backends\anyio.py", line 53, in aclose
    await self._stream.aclose()
  File "C:\Users\jimcr\AppData\Roaming\Python\Python313\site-packages\anyio\streams\tls.py", line 236, in aclose
    await self.transport_stream.aclose()
  File "C:\Users\jimcr\AppData\Roaming\Python\Python313\site-packages\anyio\_backends\_asyncio.py", line 1344, in aclose
    self._transport.close()
    ~~~~~~~~~~~~~~~~~~~~~^^
  File "C:\Python313\Lib\asyncio\proactor_events.py", line 109, in close
    self._loop.call_soon(self._call_connection_lost, None)
    ~~~~~~~~~~~~~~~~~~~~^^^^^^^^^^^^^^^^^^^^^^^^^^^^^^^^^^
  File "C:\Python313\Lib\asyncio\base_events.py", line 828, in call_soon
    self._check_closed()
    ~~~~~~~~~~~~~~~~~~^^
  File "C:\Python313\Lib\asyncio\base_events.py", line 551, in _check_closed
    raise RuntimeError('Event loop is closed')
RuntimeError: Event loop is closed
INFO:regular_website_pipeline:  🤖 Starting DeepSeek analysis...
INFO:simple_llm_analysis:  ⏳ Initializing DeepSeek client...
INFO:simple_llm_analysis:  ⏱️ DeepSeek client initialized in 1.80 seconds
INFO:httpx:HTTP Request: POST https://api.deepseek.com/chat/completions "HTTP/1.1 200 OK"
INFO:regular_website_pipeline:  ✓ Analysis complete. Found 0 opportunities.
ERROR:asyncio:Task exception was never retrieved
future: <Task finished name='Task-2585' coro=<AsyncClient.aclose() done, defined at C:\Users\jimcr\AppData\Roaming\Python\Python313\site-packages\httpx\_client.py:1996> exception=RuntimeError('Event loop is closed')>
Traceback (most recent call last):
  File "C:\Users\jimcr\AppData\Roaming\Python\Python313\site-packages\httpx\_client.py", line 2003, in aclose
    await self._transport.aclose()
  File "C:\Users\jimcr\AppData\Roaming\Python\Python313\site-packages\httpx\_transports\default.py", line 383, in aclose
    await self._pool.aclose()
  File "C:\Users\jimcr\AppData\Roaming\Python\Python313\site-packages\httpcore\_async\connection_pool.py", line 353, in aclose
    await self._close_connections(closing_connections)
  File "C:\Users\jimcr\AppData\Roaming\Python\Python313\site-packages\httpcore\_async\connection_pool.py", line 345, in _close_connections
    await connection.aclose()
  File "C:\Users\jimcr\AppData\Roaming\Python\Python313\site-packages\httpcore\_async\connection.py", line 173, in aclose
    await self._connection.aclose()
  File "C:\Users\jimcr\AppData\Roaming\Python\Python313\site-packages\httpcore\_async\http11.py", line 258, in aclose
    await self._network_stream.aclose()
  File "C:\Users\jimcr\AppData\Roaming\Python\Python313\site-packages\httpcore\_backends\anyio.py", line 53, in aclose
    await self._stream.aclose()
  File "C:\Users\jimcr\AppData\Roaming\Python\Python313\site-packages\anyio\streams\tls.py", line 236, in aclose
    await self.transport_stream.aclose()
  File "C:\Users\jimcr\AppData\Roaming\Python\Python313\site-packages\anyio\_backends\_asyncio.py", line 1344, in aclose
    self._transport.close()
    ~~~~~~~~~~~~~~~~~~~~~^^
  File "C:\Python313\Lib\asyncio\proactor_events.py", line 109, in close
    self._loop.call_soon(self._call_connection_lost, None)
    ~~~~~~~~~~~~~~~~~~~~^^^^^^^^^^^^^^^^^^^^^^^^^^^^^^^^^^
  File "C:\Python313\Lib\asyncio\base_events.py", line 828, in call_soon
    self._check_closed()
    ~~~~~~~~~~~~~~~~~~^^
  File "C:\Python313\Lib\asyncio\base_events.py", line 551, in _check_closed
    raise RuntimeError('Event loop is closed')
RuntimeError: Event loop is closed
INFO:regular_website_pipeline:  🤖 Starting DeepSeek analysis...
INFO:simple_llm_analysis:  ⏳ Initializing DeepSeek client...
INFO:simple_llm_analysis:  ⏱️ DeepSeek client initialized in 1.89 seconds
INFO:httpx:HTTP Request: POST https://api.deepseek.com/chat/completions "HTTP/1.1 200 OK"
INFO:regular_website_pipeline:  ✓ Analysis complete. Found 4 opportunities.
ERROR:asyncio:Task exception was never retrieved
future: <Task finished name='Task-2616' coro=<AsyncClient.aclose() done, defined at C:\Users\jimcr\AppData\Roaming\Python\Python313\site-packages\httpx\_client.py:1996> exception=RuntimeError('Event loop is closed')>
Traceback (most recent call last):
  File "C:\Users\jimcr\AppData\Roaming\Python\Python313\site-packages\httpx\_client.py", line 2003, in aclose
    await self._transport.aclose()
  File "C:\Users\jimcr\AppData\Roaming\Python\Python313\site-packages\httpx\_transports\default.py", line 383, in aclose
    await self._pool.aclose()
  File "C:\Users\jimcr\AppData\Roaming\Python\Python313\site-packages\httpcore\_async\connection_pool.py", line 353, in aclose
    await self._close_connections(closing_connections)
  File "C:\Users\jimcr\AppData\Roaming\Python\Python313\site-packages\httpcore\_async\connection_pool.py", line 345, in _close_connections
    await connection.aclose()
  File "C:\Users\jimcr\AppData\Roaming\Python\Python313\site-packages\httpcore\_async\connection.py", line 173, in aclose
    await self._connection.aclose()
  File "C:\Users\jimcr\AppData\Roaming\Python\Python313\site-packages\httpcore\_async\http11.py", line 258, in aclose
    await self._network_stream.aclose()
  File "C:\Users\jimcr\AppData\Roaming\Python\Python313\site-packages\httpcore\_backends\anyio.py", line 53, in aclose
    await self._stream.aclose()
  File "C:\Users\jimcr\AppData\Roaming\Python\Python313\site-packages\anyio\streams\tls.py", line 236, in aclose
    await self.transport_stream.aclose()
  File "C:\Users\jimcr\AppData\Roaming\Python\Python313\site-packages\anyio\_backends\_asyncio.py", line 1344, in aclose
    self._transport.close()
    ~~~~~~~~~~~~~~~~~~~~~^^
  File "C:\Python313\Lib\asyncio\proactor_events.py", line 109, in close
    self._loop.call_soon(self._call_connection_lost, None)
    ~~~~~~~~~~~~~~~~~~~~^^^^^^^^^^^^^^^^^^^^^^^^^^^^^^^^^^
  File "C:\Python313\Lib\asyncio\base_events.py", line 828, in call_soon
    self._check_closed()
    ~~~~~~~~~~~~~~~~~~^^
  File "C:\Python313\Lib\asyncio\base_events.py", line 551, in _check_closed
    raise RuntimeError('Event loop is closed')
RuntimeError: Event loop is closed
INFO:regular_website_pipeline:  🤖 Starting DeepSeek analysis...
INFO:simple_llm_analysis:  ⏳ Initializing DeepSeek client...
INFO:simple_llm_analysis:  ⏱️ DeepSeek client initialized in 2.41 seconds
INFO:httpx:HTTP Request: POST https://api.deepseek.com/chat/completions "HTTP/1.1 200 OK"
INFO:regular_website_pipeline:  ✓ Analysis complete. Found 1 opportunities.
ERROR:asyncio:Task exception was never retrieved
future: <Task finished name='Task-2640' coro=<AsyncClient.aclose() done, defined at C:\Users\jimcr\AppData\Roaming\Python\Python313\site-packages\httpx\_client.py:1996> exception=RuntimeError('Event loop is closed')>
Traceback (most recent call last):
  File "C:\Users\jimcr\AppData\Roaming\Python\Python313\site-packages\httpx\_client.py", line 2003, in aclose
    await self._transport.aclose()
  File "C:\Users\jimcr\AppData\Roaming\Python\Python313\site-packages\httpx\_transports\default.py", line 383, in aclose
    await self._pool.aclose()
  File "C:\Users\jimcr\AppData\Roaming\Python\Python313\site-packages\httpcore\_async\connection_pool.py", line 353, in aclose
    await self._close_connections(closing_connections)
  File "C:\Users\jimcr\AppData\Roaming\Python\Python313\site-packages\httpcore\_async\connection_pool.py", line 345, in _close_connections
    await connection.aclose()
  File "C:\Users\jimcr\AppData\Roaming\Python\Python313\site-packages\httpcore\_async\connection.py", line 173, in aclose
    await self._connection.aclose()
  File "C:\Users\jimcr\AppData\Roaming\Python\Python313\site-packages\httpcore\_async\http11.py", line 258, in aclose
    await self._network_stream.aclose()
  File "C:\Users\jimcr\AppData\Roaming\Python\Python313\site-packages\httpcore\_backends\anyio.py", line 53, in aclose
    await self._stream.aclose()
  File "C:\Users\jimcr\AppData\Roaming\Python\Python313\site-packages\anyio\streams\tls.py", line 236, in aclose
    await self.transport_stream.aclose()
  File "C:\Users\jimcr\AppData\Roaming\Python\Python313\site-packages\anyio\_backends\_asyncio.py", line 1344, in aclose
    self._transport.close()
    ~~~~~~~~~~~~~~~~~~~~~^^
  File "C:\Python313\Lib\asyncio\proactor_events.py", line 109, in close
    self._loop.call_soon(self._call_connection_lost, None)
    ~~~~~~~~~~~~~~~~~~~~^^^^^^^^^^^^^^^^^^^^^^^^^^^^^^^^^^
  File "C:\Python313\Lib\asyncio\base_events.py", line 828, in call_soon
    self._check_closed()
    ~~~~~~~~~~~~~~~~~~^^
  File "C:\Python313\Lib\asyncio\base_events.py", line 551, in _check_closed
    raise RuntimeError('Event loop is closed')
RuntimeError: Event loop is closed
INFO:regular_website_pipeline:  🤖 Starting DeepSeek analysis...
INFO:simple_llm_analysis:  ⏳ Initializing DeepSeek client...
INFO:simple_llm_analysis:  ⏱️ DeepSeek client initialized in 2.05 seconds
INFO:httpx:HTTP Request: POST https://api.deepseek.com/chat/completions "HTTP/1.1 200 OK"
INFO:regular_website_pipeline:  ✓ Analysis complete. Found 0 opportunities.
ERROR:asyncio:Task exception was never retrieved
future: <Task finished name='Task-2668' coro=<AsyncClient.aclose() done, defined at C:\Users\jimcr\AppData\Roaming\Python\Python313\site-packages\httpx\_client.py:1996> exception=RuntimeError('Event loop is closed')>
Traceback (most recent call last):
  File "C:\Users\jimcr\AppData\Roaming\Python\Python313\site-packages\httpx\_client.py", line 2003, in aclose
    await self._transport.aclose()
  File "C:\Users\jimcr\AppData\Roaming\Python\Python313\site-packages\httpx\_transports\default.py", line 383, in aclose
    await self._pool.aclose()
  File "C:\Users\jimcr\AppData\Roaming\Python\Python313\site-packages\httpcore\_async\connection_pool.py", line 353, in aclose
    await self._close_connections(closing_connections)
  File "C:\Users\jimcr\AppData\Roaming\Python\Python313\site-packages\httpcore\_async\connection_pool.py", line 345, in _close_connections
    await connection.aclose()
  File "C:\Users\jimcr\AppData\Roaming\Python\Python313\site-packages\httpcore\_async\connection.py", line 173, in aclose
    await self._connection.aclose()
  File "C:\Users\jimcr\AppData\Roaming\Python\Python313\site-packages\httpcore\_async\http11.py", line 258, in aclose
    await self._network_stream.aclose()
  File "C:\Users\jimcr\AppData\Roaming\Python\Python313\site-packages\httpcore\_backends\anyio.py", line 53, in aclose
    await self._stream.aclose()
  File "C:\Users\jimcr\AppData\Roaming\Python\Python313\site-packages\anyio\streams\tls.py", line 236, in aclose
    await self.transport_stream.aclose()
  File "C:\Users\jimcr\AppData\Roaming\Python\Python313\site-packages\anyio\_backends\_asyncio.py", line 1344, in aclose
    self._transport.close()
    ~~~~~~~~~~~~~~~~~~~~~^^
  File "C:\Python313\Lib\asyncio\proactor_events.py", line 109, in close
    self._loop.call_soon(self._call_connection_lost, None)
    ~~~~~~~~~~~~~~~~~~~~^^^^^^^^^^^^^^^^^^^^^^^^^^^^^^^^^^
  File "C:\Python313\Lib\asyncio\base_events.py", line 828, in call_soon
    self._check_closed()
    ~~~~~~~~~~~~~~~~~~^^
  File "C:\Python313\Lib\asyncio\base_events.py", line 551, in _check_closed
    raise RuntimeError('Event loop is closed')
RuntimeError: Event loop is closed
INFO:regular_website_pipeline:  🤖 Starting DeepSeek analysis...
INFO:simple_llm_analysis:  ⏳ Initializing DeepSeek client...
INFO:simple_llm_analysis:  ⏱️ DeepSeek client initialized in 2.25 seconds
INFO:httpx:HTTP Request: POST https://api.deepseek.com/chat/completions "HTTP/1.1 200 OK"
INFO:regular_website_pipeline:  ✓ Analysis complete. Found 9 opportunities.
ERROR:asyncio:Task exception was never retrieved
future: <Task finished name='Task-2692' coro=<AsyncClient.aclose() done, defined at C:\Users\jimcr\AppData\Roaming\Python\Python313\site-packages\httpx\_client.py:1996> exception=RuntimeError('Event loop is closed')>
Traceback (most recent call last):
  File "C:\Users\jimcr\AppData\Roaming\Python\Python313\site-packages\httpx\_client.py", line 2003, in aclose
    await self._transport.aclose()
  File "C:\Users\jimcr\AppData\Roaming\Python\Python313\site-packages\httpx\_transports\default.py", line 383, in aclose
    await self._pool.aclose()
  File "C:\Users\jimcr\AppData\Roaming\Python\Python313\site-packages\httpcore\_async\connection_pool.py", line 353, in aclose
    await self._close_connections(closing_connections)
  File "C:\Users\jimcr\AppData\Roaming\Python\Python313\site-packages\httpcore\_async\connection_pool.py", line 345, in _close_connections
    await connection.aclose()
  File "C:\Users\jimcr\AppData\Roaming\Python\Python313\site-packages\httpcore\_async\connection.py", line 173, in aclose
    await self._connection.aclose()
  File "C:\Users\jimcr\AppData\Roaming\Python\Python313\site-packages\httpcore\_async\http11.py", line 258, in aclose
    await self._network_stream.aclose()
  File "C:\Users\jimcr\AppData\Roaming\Python\Python313\site-packages\httpcore\_backends\anyio.py", line 53, in aclose
    await self._stream.aclose()
  File "C:\Users\jimcr\AppData\Roaming\Python\Python313\site-packages\anyio\streams\tls.py", line 236, in aclose
    await self.transport_stream.aclose()
  File "C:\Users\jimcr\AppData\Roaming\Python\Python313\site-packages\anyio\_backends\_asyncio.py", line 1344, in aclose
    self._transport.close()
    ~~~~~~~~~~~~~~~~~~~~~^^
  File "C:\Python313\Lib\asyncio\proactor_events.py", line 109, in close
    self._loop.call_soon(self._call_connection_lost, None)
    ~~~~~~~~~~~~~~~~~~~~^^^^^^^^^^^^^^^^^^^^^^^^^^^^^^^^^^
  File "C:\Python313\Lib\asyncio\base_events.py", line 828, in call_soon
    self._check_closed()
    ~~~~~~~~~~~~~~~~~~^^
  File "C:\Python313\Lib\asyncio\base_events.py", line 551, in _check_closed
    raise RuntimeError('Event loop is closed')
RuntimeError: Event loop is closed
INFO:regular_website_pipeline:  🤖 Starting DeepSeek analysis...
INFO:simple_llm_analysis:  ⏳ Initializing DeepSeek client...
INFO:simple_llm_analysis:  ⏱️ DeepSeek client initialized in 1.90 seconds
INFO:httpx:HTTP Request: POST https://api.deepseek.com/chat/completions "HTTP/1.1 200 OK"
INFO:regular_website_pipeline:  ✓ Analysis complete. Found 0 opportunities.
ERROR:asyncio:Task exception was never retrieved
future: <Task finished name='Task-2718' coro=<AsyncClient.aclose() done, defined at C:\Users\jimcr\AppData\Roaming\Python\Python313\site-packages\httpx\_client.py:1996> exception=RuntimeError('Event loop is closed')>
Traceback (most recent call last):
  File "C:\Users\jimcr\AppData\Roaming\Python\Python313\site-packages\httpx\_client.py", line 2003, in aclose
    await self._transport.aclose()
  File "C:\Users\jimcr\AppData\Roaming\Python\Python313\site-packages\httpx\_transports\default.py", line 383, in aclose
    await self._pool.aclose()
  File "C:\Users\jimcr\AppData\Roaming\Python\Python313\site-packages\httpcore\_async\connection_pool.py", line 353, in aclose
    await self._close_connections(closing_connections)
  File "C:\Users\jimcr\AppData\Roaming\Python\Python313\site-packages\httpcore\_async\connection_pool.py", line 345, in _close_connections
    await connection.aclose()
  File "C:\Users\jimcr\AppData\Roaming\Python\Python313\site-packages\httpcore\_async\connection.py", line 173, in aclose
    await self._connection.aclose()
  File "C:\Users\jimcr\AppData\Roaming\Python\Python313\site-packages\httpcore\_async\http11.py", line 258, in aclose
    await self._network_stream.aclose()
  File "C:\Users\jimcr\AppData\Roaming\Python\Python313\site-packages\httpcore\_backends\anyio.py", line 53, in aclose
    await self._stream.aclose()
  File "C:\Users\jimcr\AppData\Roaming\Python\Python313\site-packages\anyio\streams\tls.py", line 236, in aclose
    await self.transport_stream.aclose()
  File "C:\Users\jimcr\AppData\Roaming\Python\Python313\site-packages\anyio\_backends\_asyncio.py", line 1344, in aclose
    self._transport.close()
    ~~~~~~~~~~~~~~~~~~~~~^^
  File "C:\Python313\Lib\asyncio\proactor_events.py", line 109, in close
    self._loop.call_soon(self._call_connection_lost, None)
    ~~~~~~~~~~~~~~~~~~~~^^^^^^^^^^^^^^^^^^^^^^^^^^^^^^^^^^
  File "C:\Python313\Lib\asyncio\base_events.py", line 828, in call_soon
    self._check_closed()
    ~~~~~~~~~~~~~~~~~~^^
  File "C:\Python313\Lib\asyncio\base_events.py", line 551, in _check_closed
    raise RuntimeError('Event loop is closed')
RuntimeError: Event loop is closed
INFO:regular_website_pipeline:  🤖 Starting DeepSeek analysis...
INFO:simple_llm_analysis:  ⏳ Initializing DeepSeek client...
INFO:simple_llm_analysis:  ⏱️ DeepSeek client initialized in 1.62 seconds
INFO:httpx:HTTP Request: POST https://api.deepseek.com/chat/completions "HTTP/1.1 200 OK"
INFO:regular_website_pipeline:  ✓ Analysis complete. Found 1 opportunities.
ERROR:asyncio:Task exception was never retrieved
future: <Task finished name='Task-2762' coro=<AsyncClient.aclose() done, defined at C:\Users\jimcr\AppData\Roaming\Python\Python313\site-packages\httpx\_client.py:1996> exception=RuntimeError('Event loop is closed')>
Traceback (most recent call last):
  File "C:\Users\jimcr\AppData\Roaming\Python\Python313\site-packages\httpx\_client.py", line 2003, in aclose
    await self._transport.aclose()
  File "C:\Users\jimcr\AppData\Roaming\Python\Python313\site-packages\httpx\_transports\default.py", line 383, in aclose
    await self._pool.aclose()
  File "C:\Users\jimcr\AppData\Roaming\Python\Python313\site-packages\httpcore\_async\connection_pool.py", line 353, in aclose
    await self._close_connections(closing_connections)
  File "C:\Users\jimcr\AppData\Roaming\Python\Python313\site-packages\httpcore\_async\connection_pool.py", line 345, in _close_connections
    await connection.aclose()
  File "C:\Users\jimcr\AppData\Roaming\Python\Python313\site-packages\httpcore\_async\connection.py", line 173, in aclose
    await self._connection.aclose()
  File "C:\Users\jimcr\AppData\Roaming\Python\Python313\site-packages\httpcore\_async\http11.py", line 258, in aclose
    await self._network_stream.aclose()
  File "C:\Users\jimcr\AppData\Roaming\Python\Python313\site-packages\httpcore\_backends\anyio.py", line 53, in aclose
    await self._stream.aclose()
  File "C:\Users\jimcr\AppData\Roaming\Python\Python313\site-packages\anyio\streams\tls.py", line 236, in aclose
    await self.transport_stream.aclose()
  File "C:\Users\jimcr\AppData\Roaming\Python\Python313\site-packages\anyio\_backends\_asyncio.py", line 1344, in aclose
    self._transport.close()
    ~~~~~~~~~~~~~~~~~~~~~^^
  File "C:\Python313\Lib\asyncio\proactor_events.py", line 109, in close
    self._loop.call_soon(self._call_connection_lost, None)
    ~~~~~~~~~~~~~~~~~~~~^^^^^^^^^^^^^^^^^^^^^^^^^^^^^^^^^^
  File "C:\Python313\Lib\asyncio\base_events.py", line 828, in call_soon
    self._check_closed()
    ~~~~~~~~~~~~~~~~~~^^
  File "C:\Python313\Lib\asyncio\base_events.py", line 551, in _check_closed
    raise RuntimeError('Event loop is closed')
RuntimeError: Event loop is closed
INFO:regular_website_pipeline:  🤖 Starting DeepSeek analysis...
INFO:simple_llm_analysis:  ⏳ Initializing DeepSeek client...
INFO:simple_llm_analysis:  ⏱️ DeepSeek client initialized in 1.47 seconds
INFO:httpx:HTTP Request: POST https://api.deepseek.com/chat/completions "HTTP/1.1 200 OK"
INFO:regular_website_pipeline:  ✓ Analysis complete. Found 1 opportunities.
ERROR:asyncio:Task exception was never retrieved
future: <Task finished name='Task-2788' coro=<AsyncClient.aclose() done, defined at C:\Users\jimcr\AppData\Roaming\Python\Python313\site-packages\httpx\_client.py:1996> exception=RuntimeError('Event loop is closed')>
Traceback (most recent call last):
  File "C:\Users\jimcr\AppData\Roaming\Python\Python313\site-packages\httpx\_client.py", line 2003, in aclose
    await self._transport.aclose()
  File "C:\Users\jimcr\AppData\Roaming\Python\Python313\site-packages\httpx\_transports\default.py", line 383, in aclose
    await self._pool.aclose()
  File "C:\Users\jimcr\AppData\Roaming\Python\Python313\site-packages\httpcore\_async\connection_pool.py", line 353, in aclose
    await self._close_connections(closing_connections)
  File "C:\Users\jimcr\AppData\Roaming\Python\Python313\site-packages\httpcore\_async\connection_pool.py", line 345, in _close_connections
    await connection.aclose()
  File "C:\Users\jimcr\AppData\Roaming\Python\Python313\site-packages\httpcore\_async\connection.py", line 173, in aclose
    await self._connection.aclose()
  File "C:\Users\jimcr\AppData\Roaming\Python\Python313\site-packages\httpcore\_async\http11.py", line 258, in aclose
    await self._network_stream.aclose()
  File "C:\Users\jimcr\AppData\Roaming\Python\Python313\site-packages\httpcore\_backends\anyio.py", line 53, in aclose
    await self._stream.aclose()
  File "C:\Users\jimcr\AppData\Roaming\Python\Python313\site-packages\anyio\streams\tls.py", line 236, in aclose
    await self.transport_stream.aclose()
  File "C:\Users\jimcr\AppData\Roaming\Python\Python313\site-packages\anyio\_backends\_asyncio.py", line 1344, in aclose
    self._transport.close()
    ~~~~~~~~~~~~~~~~~~~~~^^
  File "C:\Python313\Lib\asyncio\proactor_events.py", line 109, in close
    self._loop.call_soon(self._call_connection_lost, None)
    ~~~~~~~~~~~~~~~~~~~~^^^^^^^^^^^^^^^^^^^^^^^^^^^^^^^^^^
  File "C:\Python313\Lib\asyncio\base_events.py", line 828, in call_soon
    self._check_closed()
    ~~~~~~~~~~~~~~~~~~^^
  File "C:\Python313\Lib\asyncio\base_events.py", line 551, in _check_closed
    raise RuntimeError('Event loop is closed')
RuntimeError: Event loop is closed
INFO:regular_website_pipeline:  🤖 Starting DeepSeek analysis...
INFO:simple_llm_analysis:  ⏳ Initializing DeepSeek client...
INFO:simple_llm_analysis:  ⏱️ DeepSeek client initialized in 4.47 seconds
INFO:httpx:HTTP Request: POST https://api.deepseek.com/chat/completions "HTTP/1.1 200 OK"
INFO:regular_website_pipeline:  ✓ Analysis complete. Found 1 opportunities.
ERROR:asyncio:Task exception was never retrieved
future: <Task finished name='Task-2801' coro=<AsyncClient.aclose() done, defined at C:\Users\jimcr\AppData\Roaming\Python\Python313\site-packages\httpx\_client.py:1996> exception=RuntimeError('Event loop is closed')>
Traceback (most recent call last):
  File "C:\Users\jimcr\AppData\Roaming\Python\Python313\site-packages\httpx\_client.py", line 2003, in aclose
    await self._transport.aclose()
  File "C:\Users\jimcr\AppData\Roaming\Python\Python313\site-packages\httpx\_transports\default.py", line 383, in aclose
    await self._pool.aclose()
  File "C:\Users\jimcr\AppData\Roaming\Python\Python313\site-packages\httpcore\_async\connection_pool.py", line 353, in aclose
    await self._close_connections(closing_connections)
  File "C:\Users\jimcr\AppData\Roaming\Python\Python313\site-packages\httpcore\_async\connection_pool.py", line 345, in _close_connections
    await connection.aclose()
  File "C:\Users\jimcr\AppData\Roaming\Python\Python313\site-packages\httpcore\_async\connection.py", line 173, in aclose
    await self._connection.aclose()
  File "C:\Users\jimcr\AppData\Roaming\Python\Python313\site-packages\httpcore\_async\http11.py", line 258, in aclose
    await self._network_stream.aclose()
  File "C:\Users\jimcr\AppData\Roaming\Python\Python313\site-packages\httpcore\_backends\anyio.py", line 53, in aclose
    await self._stream.aclose()
  File "C:\Users\jimcr\AppData\Roaming\Python\Python313\site-packages\anyio\streams\tls.py", line 236, in aclose
    await self.transport_stream.aclose()
  File "C:\Users\jimcr\AppData\Roaming\Python\Python313\site-packages\anyio\_backends\_asyncio.py", line 1344, in aclose
    self._transport.close()
    ~~~~~~~~~~~~~~~~~~~~~^^
  File "C:\Python313\Lib\asyncio\proactor_events.py", line 109, in close
    self._loop.call_soon(self._call_connection_lost, None)
    ~~~~~~~~~~~~~~~~~~~~^^^^^^^^^^^^^^^^^^^^^^^^^^^^^^^^^^
  File "C:\Python313\Lib\asyncio\base_events.py", line 828, in call_soon
    self._check_closed()
    ~~~~~~~~~~~~~~~~~~^^
  File "C:\Python313\Lib\asyncio\base_events.py", line 551, in _check_closed
    raise RuntimeError('Event loop is closed')
RuntimeError: Event loop is closed
INFO:regular_website_pipeline:  🤖 Starting DeepSeek analysis...
INFO:simple_llm_analysis:  ⏳ Initializing DeepSeek client...
INFO:simple_llm_analysis:  ⏱️ DeepSeek client initialized in 1.37 seconds
INFO:httpx:HTTP Request: POST https://api.deepseek.com/chat/completions "HTTP/1.1 200 OK"
INFO:regular_website_pipeline:  ✓ Analysis complete. Found 1 opportunities.
ERROR:asyncio:Task exception was never retrieved
future: <Task finished name='Task-2824' coro=<AsyncClient.aclose() done, defined at C:\Users\jimcr\AppData\Roaming\Python\Python313\site-packages\httpx\_client.py:1996> exception=RuntimeError('Event loop is closed')>
Traceback (most recent call last):
  File "C:\Users\jimcr\AppData\Roaming\Python\Python313\site-packages\httpx\_client.py", line 2003, in aclose
    await self._transport.aclose()
  File "C:\Users\jimcr\AppData\Roaming\Python\Python313\site-packages\httpx\_transports\default.py", line 383, in aclose
    await self._pool.aclose()
  File "C:\Users\jimcr\AppData\Roaming\Python\Python313\site-packages\httpcore\_async\connection_pool.py", line 353, in aclose
    await self._close_connections(closing_connections)
  File "C:\Users\jimcr\AppData\Roaming\Python\Python313\site-packages\httpcore\_async\connection_pool.py", line 345, in _close_connections
    await connection.aclose()
  File "C:\Users\jimcr\AppData\Roaming\Python\Python313\site-packages\httpcore\_async\connection.py", line 173, in aclose
    await self._connection.aclose()
  File "C:\Users\jimcr\AppData\Roaming\Python\Python313\site-packages\httpcore\_async\http11.py", line 258, in aclose
    await self._network_stream.aclose()
  File "C:\Users\jimcr\AppData\Roaming\Python\Python313\site-packages\httpcore\_backends\anyio.py", line 53, in aclose
    await self._stream.aclose()
  File "C:\Users\jimcr\AppData\Roaming\Python\Python313\site-packages\anyio\streams\tls.py", line 236, in aclose
    await self.transport_stream.aclose()
  File "C:\Users\jimcr\AppData\Roaming\Python\Python313\site-packages\anyio\_backends\_asyncio.py", line 1344, in aclose
    self._transport.close()
    ~~~~~~~~~~~~~~~~~~~~~^^
  File "C:\Python313\Lib\asyncio\proactor_events.py", line 109, in close
    self._loop.call_soon(self._call_connection_lost, None)
    ~~~~~~~~~~~~~~~~~~~~^^^^^^^^^^^^^^^^^^^^^^^^^^^^^^^^^^
  File "C:\Python313\Lib\asyncio\base_events.py", line 828, in call_soon
    self._check_closed()
    ~~~~~~~~~~~~~~~~~~^^
  File "C:\Python313\Lib\asyncio\base_events.py", line 551, in _check_closed
    raise RuntimeError('Event loop is closed')
RuntimeError: Event loop is closed
INFO:regular_website_pipeline:  🤖 Starting DeepSeek analysis...
INFO:simple_llm_analysis:  ⏳ Initializing DeepSeek client...
INFO:simple_llm_analysis:  ⏱️ DeepSeek client initialized in 1.50 seconds
INFO:httpx:HTTP Request: POST https://api.deepseek.com/chat/completions "HTTP/1.1 200 OK"
INFO:regular_website_pipeline:  ✓ Analysis complete. Found 1 opportunities.
ERROR:asyncio:Task exception was never retrieved
future: <Task finished name='Task-2848' coro=<AsyncClient.aclose() done, defined at C:\Users\jimcr\AppData\Roaming\Python\Python313\site-packages\httpx\_client.py:1996> exception=RuntimeError('Event loop is closed')>
Traceback (most recent call last):
  File "C:\Users\jimcr\AppData\Roaming\Python\Python313\site-packages\httpx\_client.py", line 2003, in aclose
    await self._transport.aclose()
  File "C:\Users\jimcr\AppData\Roaming\Python\Python313\site-packages\httpx\_transports\default.py", line 383, in aclose
    await self._pool.aclose()
  File "C:\Users\jimcr\AppData\Roaming\Python\Python313\site-packages\httpcore\_async\connection_pool.py", line 353, in aclose
    await self._close_connections(closing_connections)
  File "C:\Users\jimcr\AppData\Roaming\Python\Python313\site-packages\httpcore\_async\connection_pool.py", line 345, in _close_connections
    await connection.aclose()
  File "C:\Users\jimcr\AppData\Roaming\Python\Python313\site-packages\httpcore\_async\connection.py", line 173, in aclose
    await self._connection.aclose()
  File "C:\Users\jimcr\AppData\Roaming\Python\Python313\site-packages\httpcore\_async\http11.py", line 258, in aclose
    await self._network_stream.aclose()
  File "C:\Users\jimcr\AppData\Roaming\Python\Python313\site-packages\httpcore\_backends\anyio.py", line 53, in aclose
    await self._stream.aclose()
  File "C:\Users\jimcr\AppData\Roaming\Python\Python313\site-packages\anyio\streams\tls.py", line 236, in aclose
    await self.transport_stream.aclose()
  File "C:\Users\jimcr\AppData\Roaming\Python\Python313\site-packages\anyio\_backends\_asyncio.py", line 1344, in aclose
    self._transport.close()
    ~~~~~~~~~~~~~~~~~~~~~^^
  File "C:\Python313\Lib\asyncio\proactor_events.py", line 109, in close
    self._loop.call_soon(self._call_connection_lost, None)
    ~~~~~~~~~~~~~~~~~~~~^^^^^^^^^^^^^^^^^^^^^^^^^^^^^^^^^^
  File "C:\Python313\Lib\asyncio\base_events.py", line 828, in call_soon
    self._check_closed()
    ~~~~~~~~~~~~~~~~~~^^
  File "C:\Python313\Lib\asyncio\base_events.py", line 551, in _check_closed
    raise RuntimeError('Event loop is closed')
RuntimeError: Event loop is closed
INFO:regular_website_pipeline:  🤖 Starting DeepSeek analysis...
INFO:simple_llm_analysis:  ⏳ Initializing DeepSeek client...
INFO:simple_llm_analysis:  ⏱️ DeepSeek client initialized in 2.24 seconds
INFO:httpx:HTTP Request: POST https://api.deepseek.com/chat/completions "HTTP/1.1 200 OK"
INFO:regular_website_pipeline:  ✓ Analysis complete. Found 1 opportunities.
ERROR:asyncio:Task exception was never retrieved
future: <Task finished name='Task-2876' coro=<AsyncClient.aclose() done, defined at C:\Users\jimcr\AppData\Roaming\Python\Python313\site-packages\httpx\_client.py:1996> exception=RuntimeError('Event loop is closed')>
Traceback (most recent call last):
  File "C:\Users\jimcr\AppData\Roaming\Python\Python313\site-packages\httpx\_client.py", line 2003, in aclose
    await self._transport.aclose()
  File "C:\Users\jimcr\AppData\Roaming\Python\Python313\site-packages\httpx\_transports\default.py", line 383, in aclose
    await self._pool.aclose()
  File "C:\Users\jimcr\AppData\Roaming\Python\Python313\site-packages\httpcore\_async\connection_pool.py", line 353, in aclose
    await self._close_connections(closing_connections)
  File "C:\Users\jimcr\AppData\Roaming\Python\Python313\site-packages\httpcore\_async\connection_pool.py", line 345, in _close_connections
    await connection.aclose()
  File "C:\Users\jimcr\AppData\Roaming\Python\Python313\site-packages\httpcore\_async\connection.py", line 173, in aclose
    await self._connection.aclose()
  File "C:\Users\jimcr\AppData\Roaming\Python\Python313\site-packages\httpcore\_async\http11.py", line 258, in aclose
    await self._network_stream.aclose()
  File "C:\Users\jimcr\AppData\Roaming\Python\Python313\site-packages\httpcore\_backends\anyio.py", line 53, in aclose
    await self._stream.aclose()
  File "C:\Users\jimcr\AppData\Roaming\Python\Python313\site-packages\anyio\streams\tls.py", line 236, in aclose
    await self.transport_stream.aclose()
  File "C:\Users\jimcr\AppData\Roaming\Python\Python313\site-packages\anyio\_backends\_asyncio.py", line 1344, in aclose
    self._transport.close()
    ~~~~~~~~~~~~~~~~~~~~~^^
  File "C:\Python313\Lib\asyncio\proactor_events.py", line 109, in close
    self._loop.call_soon(self._call_connection_lost, None)
    ~~~~~~~~~~~~~~~~~~~~^^^^^^^^^^^^^^^^^^^^^^^^^^^^^^^^^^
  File "C:\Python313\Lib\asyncio\base_events.py", line 828, in call_soon
    self._check_closed()
    ~~~~~~~~~~~~~~~~~~^^
  File "C:\Python313\Lib\asyncio\base_events.py", line 551, in _check_closed
    raise RuntimeError('Event loop is closed')
RuntimeError: Event loop is closed
INFO:regular_website_pipeline:  🤖 Starting DeepSeek analysis...
INFO:simple_llm_analysis:  ⏳ Initializing DeepSeek client...
INFO:simple_llm_analysis:  ⏱️ DeepSeek client initialized in 1.63 seconds
INFO:httpx:HTTP Request: POST https://api.deepseek.com/chat/completions "HTTP/1.1 200 OK"
INFO:regular_website_pipeline:  ✓ Analysis complete. Found 1 opportunities.
ERROR:asyncio:Task exception was never retrieved
future: <Task finished name='Task-2904' coro=<AsyncClient.aclose() done, defined at C:\Users\jimcr\AppData\Roaming\Python\Python313\site-packages\httpx\_client.py:1996> exception=RuntimeError('Event loop is closed')>
Traceback (most recent call last):
  File "C:\Users\jimcr\AppData\Roaming\Python\Python313\site-packages\httpx\_client.py", line 2003, in aclose
    await self._transport.aclose()
  File "C:\Users\jimcr\AppData\Roaming\Python\Python313\site-packages\httpx\_transports\default.py", line 383, in aclose
    await self._pool.aclose()
  File "C:\Users\jimcr\AppData\Roaming\Python\Python313\site-packages\httpcore\_async\connection_pool.py", line 353, in aclose
    await self._close_connections(closing_connections)
  File "C:\Users\jimcr\AppData\Roaming\Python\Python313\site-packages\httpcore\_async\connection_pool.py", line 345, in _close_connections
    await connection.aclose()
  File "C:\Users\jimcr\AppData\Roaming\Python\Python313\site-packages\httpcore\_async\connection.py", line 173, in aclose
    await self._connection.aclose()
  File "C:\Users\jimcr\AppData\Roaming\Python\Python313\site-packages\httpcore\_async\http11.py", line 258, in aclose
    await self._network_stream.aclose()
  File "C:\Users\jimcr\AppData\Roaming\Python\Python313\site-packages\httpcore\_backends\anyio.py", line 53, in aclose
    await self._stream.aclose()
  File "C:\Users\jimcr\AppData\Roaming\Python\Python313\site-packages\anyio\streams\tls.py", line 236, in aclose
    await self.transport_stream.aclose()
  File "C:\Users\jimcr\AppData\Roaming\Python\Python313\site-packages\anyio\_backends\_asyncio.py", line 1344, in aclose
    self._transport.close()
    ~~~~~~~~~~~~~~~~~~~~~^^
  File "C:\Python313\Lib\asyncio\proactor_events.py", line 109, in close
    self._loop.call_soon(self._call_connection_lost, None)
    ~~~~~~~~~~~~~~~~~~~~^^^^^^^^^^^^^^^^^^^^^^^^^^^^^^^^^^
  File "C:\Python313\Lib\asyncio\base_events.py", line 828, in call_soon
    self._check_closed()
    ~~~~~~~~~~~~~~~~~~^^
  File "C:\Python313\Lib\asyncio\base_events.py", line 551, in _check_closed
    raise RuntimeError('Event loop is closed')
RuntimeError: Event loop is closed
INFO:regular_website_pipeline:  🤖 Starting DeepSeek analysis...
INFO:simple_llm_analysis:  ⏳ Initializing DeepSeek client...
INFO:simple_llm_analysis:  ⏱️ DeepSeek client initialized in 1.53 seconds
INFO:httpx:HTTP Request: POST https://api.deepseek.com/chat/completions "HTTP/1.1 200 OK"
INFO:regular_website_pipeline:  ✓ Analysis complete. Found 2 opportunities.
ERROR:asyncio:Task exception was never retrieved
future: <Task finished name='Task-2928' coro=<AsyncClient.aclose() done, defined at C:\Users\jimcr\AppData\Roaming\Python\Python313\site-packages\httpx\_client.py:1996> exception=RuntimeError('Event loop is closed')>
Traceback (most recent call last):
  File "C:\Users\jimcr\AppData\Roaming\Python\Python313\site-packages\httpx\_client.py", line 2003, in aclose
    await self._transport.aclose()
  File "C:\Users\jimcr\AppData\Roaming\Python\Python313\site-packages\httpx\_transports\default.py", line 383, in aclose
    await self._pool.aclose()
  File "C:\Users\jimcr\AppData\Roaming\Python\Python313\site-packages\httpcore\_async\connection_pool.py", line 353, in aclose
    await self._close_connections(closing_connections)
  File "C:\Users\jimcr\AppData\Roaming\Python\Python313\site-packages\httpcore\_async\connection_pool.py", line 345, in _close_connections
    await connection.aclose()
  File "C:\Users\jimcr\AppData\Roaming\Python\Python313\site-packages\httpcore\_async\connection.py", line 173, in aclose
    await self._connection.aclose()
  File "C:\Users\jimcr\AppData\Roaming\Python\Python313\site-packages\httpcore\_async\http11.py", line 258, in aclose
    await self._network_stream.aclose()
  File "C:\Users\jimcr\AppData\Roaming\Python\Python313\site-packages\httpcore\_backends\anyio.py", line 53, in aclose
    await self._stream.aclose()
  File "C:\Users\jimcr\AppData\Roaming\Python\Python313\site-packages\anyio\streams\tls.py", line 236, in aclose
    await self.transport_stream.aclose()
  File "C:\Users\jimcr\AppData\Roaming\Python\Python313\site-packages\anyio\_backends\_asyncio.py", line 1344, in aclose
    self._transport.close()
    ~~~~~~~~~~~~~~~~~~~~~^^
  File "C:\Python313\Lib\asyncio\proactor_events.py", line 109, in close
    self._loop.call_soon(self._call_connection_lost, None)
    ~~~~~~~~~~~~~~~~~~~~^^^^^^^^^^^^^^^^^^^^^^^^^^^^^^^^^^
  File "C:\Python313\Lib\asyncio\base_events.py", line 828, in call_soon
    self._check_closed()
    ~~~~~~~~~~~~~~~~~~^^
  File "C:\Python313\Lib\asyncio\base_events.py", line 551, in _check_closed
    raise RuntimeError('Event loop is closed')
RuntimeError: Event loop is closed
INFO:regular_website_pipeline:  🤖 Starting DeepSeek analysis...
INFO:simple_llm_analysis:  ⏳ Initializing DeepSeek client...
INFO:simple_llm_analysis:  ⏱️ DeepSeek client initialized in 1.69 seconds
INFO:httpx:HTTP Request: POST https://api.deepseek.com/chat/completions "HTTP/1.1 200 OK"
INFO:regular_website_pipeline:  ✓ Analysis complete. Found 1 opportunities.
ERROR:asyncio:Task exception was never retrieved
future: <Task finished name='Task-2956' coro=<AsyncClient.aclose() done, defined at C:\Users\jimcr\AppData\Roaming\Python\Python313\site-packages\httpx\_client.py:1996> exception=RuntimeError('Event loop is closed')>
Traceback (most recent call last):
  File "C:\Users\jimcr\AppData\Roaming\Python\Python313\site-packages\httpx\_client.py", line 2003, in aclose
    await self._transport.aclose()
  File "C:\Users\jimcr\AppData\Roaming\Python\Python313\site-packages\httpx\_transports\default.py", line 383, in aclose
    await self._pool.aclose()
  File "C:\Users\jimcr\AppData\Roaming\Python\Python313\site-packages\httpcore\_async\connection_pool.py", line 353, in aclose
    await self._close_connections(closing_connections)
  File "C:\Users\jimcr\AppData\Roaming\Python\Python313\site-packages\httpcore\_async\connection_pool.py", line 345, in _close_connections
    await connection.aclose()
  File "C:\Users\jimcr\AppData\Roaming\Python\Python313\site-packages\httpcore\_async\connection.py", line 173, in aclose
    await self._connection.aclose()
  File "C:\Users\jimcr\AppData\Roaming\Python\Python313\site-packages\httpcore\_async\http11.py", line 258, in aclose
    await self._network_stream.aclose()
  File "C:\Users\jimcr\AppData\Roaming\Python\Python313\site-packages\httpcore\_backends\anyio.py", line 53, in aclose
    await self._stream.aclose()
  File "C:\Users\jimcr\AppData\Roaming\Python\Python313\site-packages\anyio\streams\tls.py", line 236, in aclose
    await self.transport_stream.aclose()
  File "C:\Users\jimcr\AppData\Roaming\Python\Python313\site-packages\anyio\_backends\_asyncio.py", line 1344, in aclose
    self._transport.close()
    ~~~~~~~~~~~~~~~~~~~~~^^
  File "C:\Python313\Lib\asyncio\proactor_events.py", line 109, in close
    self._loop.call_soon(self._call_connection_lost, None)
    ~~~~~~~~~~~~~~~~~~~~^^^^^^^^^^^^^^^^^^^^^^^^^^^^^^^^^^
  File "C:\Python313\Lib\asyncio\base_events.py", line 828, in call_soon
    self._check_closed()
    ~~~~~~~~~~~~~~~~~~^^
  File "C:\Python313\Lib\asyncio\base_events.py", line 551, in _check_closed
    raise RuntimeError('Event loop is closed')
RuntimeError: Event loop is closed
INFO:regular_website_pipeline:  🤖 Starting DeepSeek analysis...
INFO:simple_llm_analysis:  ⏳ Initializing DeepSeek client...
INFO:simple_llm_analysis:  ⏱️ DeepSeek client initialized in 1.57 seconds
INFO:httpx:HTTP Request: POST https://api.deepseek.com/chat/completions "HTTP/1.1 200 OK"
INFO:regular_website_pipeline:  ✓ Analysis complete. Found 1 opportunities.
ERROR:asyncio:Task exception was never retrieved
future: <Task finished name='Task-2987' coro=<AsyncClient.aclose() done, defined at C:\Users\jimcr\AppData\Roaming\Python\Python313\site-packages\httpx\_client.py:1996> exception=RuntimeError('Event loop is closed')>
Traceback (most recent call last):
  File "C:\Users\jimcr\AppData\Roaming\Python\Python313\site-packages\httpx\_client.py", line 2003, in aclose
    await self._transport.aclose()
  File "C:\Users\jimcr\AppData\Roaming\Python\Python313\site-packages\httpx\_transports\default.py", line 383, in aclose
    await self._pool.aclose()
  File "C:\Users\jimcr\AppData\Roaming\Python\Python313\site-packages\httpcore\_async\connection_pool.py", line 353, in aclose
    await self._close_connections(closing_connections)
  File "C:\Users\jimcr\AppData\Roaming\Python\Python313\site-packages\httpcore\_async\connection_pool.py", line 345, in _close_connections
    await connection.aclose()
  File "C:\Users\jimcr\AppData\Roaming\Python\Python313\site-packages\httpcore\_async\connection.py", line 173, in aclose
    await self._connection.aclose()
  File "C:\Users\jimcr\AppData\Roaming\Python\Python313\site-packages\httpcore\_async\http11.py", line 258, in aclose
    await self._network_stream.aclose()
  File "C:\Users\jimcr\AppData\Roaming\Python\Python313\site-packages\httpcore\_backends\anyio.py", line 53, in aclose
    await self._stream.aclose()
  File "C:\Users\jimcr\AppData\Roaming\Python\Python313\site-packages\anyio\streams\tls.py", line 236, in aclose
    await self.transport_stream.aclose()
  File "C:\Users\jimcr\AppData\Roaming\Python\Python313\site-packages\anyio\_backends\_asyncio.py", line 1344, in aclose
    self._transport.close()
    ~~~~~~~~~~~~~~~~~~~~~^^
  File "C:\Python313\Lib\asyncio\proactor_events.py", line 109, in close
    self._loop.call_soon(self._call_connection_lost, None)
    ~~~~~~~~~~~~~~~~~~~~^^^^^^^^^^^^^^^^^^^^^^^^^^^^^^^^^^
  File "C:\Python313\Lib\asyncio\base_events.py", line 828, in call_soon
    self._check_closed()
    ~~~~~~~~~~~~~~~~~~^^
  File "C:\Python313\Lib\asyncio\base_events.py", line 551, in _check_closed
    raise RuntimeError('Event loop is closed')
RuntimeError: Event loop is closed
INFO:regular_website_pipeline:  🤖 Starting DeepSeek analysis...
INFO:simple_llm_analysis:  ⏳ Initializing DeepSeek client...
INFO:simple_llm_analysis:  ⏱️ DeepSeek client initialized in 2.06 seconds
INFO:httpx:HTTP Request: POST https://api.deepseek.com/chat/completions "HTTP/1.1 200 OK"
INFO:regular_website_pipeline:  ✓ Analysis complete. Found 0 opportunities.
ERROR:asyncio:Task exception was never retrieved
future: <Task finished name='Task-3011' coro=<AsyncClient.aclose() done, defined at C:\Users\jimcr\AppData\Roaming\Python\Python313\site-packages\httpx\_client.py:1996> exception=RuntimeError('Event loop is closed')>
Traceback (most recent call last):
  File "C:\Users\jimcr\AppData\Roaming\Python\Python313\site-packages\httpx\_client.py", line 2003, in aclose
    await self._transport.aclose()
  File "C:\Users\jimcr\AppData\Roaming\Python\Python313\site-packages\httpx\_transports\default.py", line 383, in aclose
    await self._pool.aclose()
  File "C:\Users\jimcr\AppData\Roaming\Python\Python313\site-packages\httpcore\_async\connection_pool.py", line 353, in aclose
    await self._close_connections(closing_connections)
  File "C:\Users\jimcr\AppData\Roaming\Python\Python313\site-packages\httpcore\_async\connection_pool.py", line 345, in _close_connections
    await connection.aclose()
  File "C:\Users\jimcr\AppData\Roaming\Python\Python313\site-packages\httpcore\_async\connection.py", line 173, in aclose
    await self._connection.aclose()
  File "C:\Users\jimcr\AppData\Roaming\Python\Python313\site-packages\httpcore\_async\http11.py", line 258, in aclose
    await self._network_stream.aclose()
  File "C:\Users\jimcr\AppData\Roaming\Python\Python313\site-packages\httpcore\_backends\anyio.py", line 53, in aclose
    await self._stream.aclose()
  File "C:\Users\jimcr\AppData\Roaming\Python\Python313\site-packages\anyio\streams\tls.py", line 236, in aclose
    await self.transport_stream.aclose()
  File "C:\Users\jimcr\AppData\Roaming\Python\Python313\site-packages\anyio\_backends\_asyncio.py", line 1344, in aclose
    self._transport.close()
    ~~~~~~~~~~~~~~~~~~~~~^^
  File "C:\Python313\Lib\asyncio\proactor_events.py", line 109, in close
    self._loop.call_soon(self._call_connection_lost, None)
    ~~~~~~~~~~~~~~~~~~~~^^^^^^^^^^^^^^^^^^^^^^^^^^^^^^^^^^
  File "C:\Python313\Lib\asyncio\base_events.py", line 828, in call_soon
    self._check_closed()
    ~~~~~~~~~~~~~~~~~~^^
  File "C:\Python313\Lib\asyncio\base_events.py", line 551, in _check_closed
    raise RuntimeError('Event loop is closed')
RuntimeError: Event loop is closed
INFO:regular_website_pipeline:  🤖 Starting DeepSeek analysis...
INFO:simple_llm_analysis:  ⏳ Initializing DeepSeek client...
INFO:simple_llm_analysis:  ⏱️ DeepSeek client initialized in 2.44 seconds
INFO:httpx:HTTP Request: POST https://api.deepseek.com/chat/completions "HTTP/1.1 200 OK"
INFO:regular_website_pipeline:  ✓ Analysis complete. Found 1 opportunities.
ERROR:asyncio:Task exception was never retrieved
future: <Task finished name='Task-3052' coro=<AsyncClient.aclose() done, defined at C:\Users\jimcr\AppData\Roaming\Python\Python313\site-packages\httpx\_client.py:1996> exception=RuntimeError('Event loop is closed')>
Traceback (most recent call last):
  File "C:\Users\jimcr\AppData\Roaming\Python\Python313\site-packages\httpx\_client.py", line 2003, in aclose
    await self._transport.aclose()
  File "C:\Users\jimcr\AppData\Roaming\Python\Python313\site-packages\httpx\_transports\default.py", line 383, in aclose
    await self._pool.aclose()
  File "C:\Users\jimcr\AppData\Roaming\Python\Python313\site-packages\httpcore\_async\connection_pool.py", line 353, in aclose
    await self._close_connections(closing_connections)
  File "C:\Users\jimcr\AppData\Roaming\Python\Python313\site-packages\httpcore\_async\connection_pool.py", line 345, in _close_connections
    await connection.aclose()
  File "C:\Users\jimcr\AppData\Roaming\Python\Python313\site-packages\httpcore\_async\connection.py", line 173, in aclose
    await self._connection.aclose()
  File "C:\Users\jimcr\AppData\Roaming\Python\Python313\site-packages\httpcore\_async\http11.py", line 258, in aclose
    await self._network_stream.aclose()
  File "C:\Users\jimcr\AppData\Roaming\Python\Python313\site-packages\httpcore\_backends\anyio.py", line 53, in aclose
    await self._stream.aclose()
  File "C:\Users\jimcr\AppData\Roaming\Python\Python313\site-packages\anyio\streams\tls.py", line 236, in aclose
    await self.transport_stream.aclose()
  File "C:\Users\jimcr\AppData\Roaming\Python\Python313\site-packages\anyio\_backends\_asyncio.py", line 1344, in aclose
    self._transport.close()
    ~~~~~~~~~~~~~~~~~~~~~^^
  File "C:\Python313\Lib\asyncio\proactor_events.py", line 109, in close
    self._loop.call_soon(self._call_connection_lost, None)
    ~~~~~~~~~~~~~~~~~~~~^^^^^^^^^^^^^^^^^^^^^^^^^^^^^^^^^^
  File "C:\Python313\Lib\asyncio\base_events.py", line 828, in call_soon
    self._check_closed()
    ~~~~~~~~~~~~~~~~~~^^
  File "C:\Python313\Lib\asyncio\base_events.py", line 551, in _check_closed
    raise RuntimeError('Event loop is closed')
RuntimeError: Event loop is closed
INFO:regular_website_pipeline:  🤖 Starting DeepSeek analysis...
INFO:simple_llm_analysis:  ⏳ Initializing DeepSeek client...
INFO:simple_llm_analysis:  ⏱️ DeepSeek client initialized in 1.99 seconds
INFO:httpx:HTTP Request: POST https://api.deepseek.com/chat/completions "HTTP/1.1 200 OK"
INFO:regular_website_pipeline:  ✓ Analysis complete. Found 0 opportunities.
ERROR:asyncio:Task exception was never retrieved
future: <Task finished name='Task-3073' coro=<AsyncClient.aclose() done, defined at C:\Users\jimcr\AppData\Roaming\Python\Python313\site-packages\httpx\_client.py:1996> exception=RuntimeError('Event loop is closed')>
Traceback (most recent call last):
  File "C:\Users\jimcr\AppData\Roaming\Python\Python313\site-packages\httpx\_client.py", line 2003, in aclose
    await self._transport.aclose()
  File "C:\Users\jimcr\AppData\Roaming\Python\Python313\site-packages\httpx\_transports\default.py", line 383, in aclose
    await self._pool.aclose()
  File "C:\Users\jimcr\AppData\Roaming\Python\Python313\site-packages\httpcore\_async\connection_pool.py", line 353, in aclose
    await self._close_connections(closing_connections)
  File "C:\Users\jimcr\AppData\Roaming\Python\Python313\site-packages\httpcore\_async\connection_pool.py", line 345, in _close_connections
    await connection.aclose()
  File "C:\Users\jimcr\AppData\Roaming\Python\Python313\site-packages\httpcore\_async\connection.py", line 173, in aclose
    await self._connection.aclose()
  File "C:\Users\jimcr\AppData\Roaming\Python\Python313\site-packages\httpcore\_async\http11.py", line 258, in aclose
    await self._network_stream.aclose()
  File "C:\Users\jimcr\AppData\Roaming\Python\Python313\site-packages\httpcore\_backends\anyio.py", line 53, in aclose
    await self._stream.aclose()
  File "C:\Users\jimcr\AppData\Roaming\Python\Python313\site-packages\anyio\streams\tls.py", line 236, in aclose
    await self.transport_stream.aclose()
  File "C:\Users\jimcr\AppData\Roaming\Python\Python313\site-packages\anyio\_backends\_asyncio.py", line 1344, in aclose
    self._transport.close()
    ~~~~~~~~~~~~~~~~~~~~~^^
  File "C:\Python313\Lib\asyncio\proactor_events.py", line 109, in close
    self._loop.call_soon(self._call_connection_lost, None)
    ~~~~~~~~~~~~~~~~~~~~^^^^^^^^^^^^^^^^^^^^^^^^^^^^^^^^^^
  File "C:\Python313\Lib\asyncio\base_events.py", line 828, in call_soon
    self._check_closed()
    ~~~~~~~~~~~~~~~~~~^^
  File "C:\Python313\Lib\asyncio\base_events.py", line 551, in _check_closed
    raise RuntimeError('Event loop is closed')
RuntimeError: Event loop is closed
INFO:regular_website_pipeline:  🤖 Starting DeepSeek analysis...
INFO:simple_llm_analysis:  ⏳ Initializing DeepSeek client...
INFO:simple_llm_analysis:  ⏱️ DeepSeek client initialized in 2.26 seconds
INFO:httpx:HTTP Request: POST https://api.deepseek.com/chat/completions "HTTP/1.1 200 OK"
INFO:regular_website_pipeline:  ✓ Analysis complete. Found 1 opportunities.
ERROR:asyncio:Task exception was never retrieved
future: <Task finished name='Task-3097' coro=<AsyncClient.aclose() done, defined at C:\Users\jimcr\AppData\Roaming\Python\Python313\site-packages\httpx\_client.py:1996> exception=RuntimeError('Event loop is closed')>
Traceback (most recent call last):
  File "C:\Users\jimcr\AppData\Roaming\Python\Python313\site-packages\httpx\_client.py", line 2003, in aclose
    await self._transport.aclose()
  File "C:\Users\jimcr\AppData\Roaming\Python\Python313\site-packages\httpx\_transports\default.py", line 383, in aclose
    await self._pool.aclose()
  File "C:\Users\jimcr\AppData\Roaming\Python\Python313\site-packages\httpcore\_async\connection_pool.py", line 353, in aclose
    await self._close_connections(closing_connections)
  File "C:\Users\jimcr\AppData\Roaming\Python\Python313\site-packages\httpcore\_async\connection_pool.py", line 345, in _close_connections
    await connection.aclose()
  File "C:\Users\jimcr\AppData\Roaming\Python\Python313\site-packages\httpcore\_async\connection.py", line 173, in aclose
    await self._connection.aclose()
  File "C:\Users\jimcr\AppData\Roaming\Python\Python313\site-packages\httpcore\_async\http11.py", line 258, in aclose
    await self._network_stream.aclose()
  File "C:\Users\jimcr\AppData\Roaming\Python\Python313\site-packages\httpcore\_backends\anyio.py", line 53, in aclose
    await self._stream.aclose()
  File "C:\Users\jimcr\AppData\Roaming\Python\Python313\site-packages\anyio\streams\tls.py", line 236, in aclose
    await self.transport_stream.aclose()
  File "C:\Users\jimcr\AppData\Roaming\Python\Python313\site-packages\anyio\_backends\_asyncio.py", line 1344, in aclose
    self._transport.close()
    ~~~~~~~~~~~~~~~~~~~~~^^
  File "C:\Python313\Lib\asyncio\proactor_events.py", line 109, in close
    self._loop.call_soon(self._call_connection_lost, None)
    ~~~~~~~~~~~~~~~~~~~~^^^^^^^^^^^^^^^^^^^^^^^^^^^^^^^^^^
  File "C:\Python313\Lib\asyncio\base_events.py", line 828, in call_soon
    self._check_closed()
    ~~~~~~~~~~~~~~~~~~^^
  File "C:\Python313\Lib\asyncio\base_events.py", line 551, in _check_closed
    raise RuntimeError('Event loop is closed')
RuntimeError: Event loop is closed
INFO:regular_website_pipeline:  🤖 Starting DeepSeek analysis...
INFO:simple_llm_analysis:  ⏳ Initializing DeepSeek client...
INFO:simple_llm_analysis:  ⏱️ DeepSeek client initialized in 1.60 seconds
INFO:httpx:HTTP Request: POST https://api.deepseek.com/chat/completions "HTTP/1.1 200 OK"
INFO:regular_website_pipeline:  ✓ Analysis complete. Found 1 opportunities.
ERROR:asyncio:Task exception was never retrieved
future: <Task finished name='Task-3128' coro=<AsyncClient.aclose() done, defined at C:\Users\jimcr\AppData\Roaming\Python\Python313\site-packages\httpx\_client.py:1996> exception=RuntimeError('Event loop is closed')>
Traceback (most recent call last):
  File "C:\Users\jimcr\AppData\Roaming\Python\Python313\site-packages\httpx\_client.py", line 2003, in aclose
    await self._transport.aclose()
  File "C:\Users\jimcr\AppData\Roaming\Python\Python313\site-packages\httpx\_transports\default.py", line 383, in aclose
    await self._pool.aclose()
  File "C:\Users\jimcr\AppData\Roaming\Python\Python313\site-packages\httpcore\_async\connection_pool.py", line 353, in aclose
    await self._close_connections(closing_connections)
  File "C:\Users\jimcr\AppData\Roaming\Python\Python313\site-packages\httpcore\_async\connection_pool.py", line 345, in _close_connections
    await connection.aclose()
  File "C:\Users\jimcr\AppData\Roaming\Python\Python313\site-packages\httpcore\_async\connection.py", line 173, in aclose
    await self._connection.aclose()
  File "C:\Users\jimcr\AppData\Roaming\Python\Python313\site-packages\httpcore\_async\http11.py", line 258, in aclose
    await self._network_stream.aclose()
  File "C:\Users\jimcr\AppData\Roaming\Python\Python313\site-packages\httpcore\_backends\anyio.py", line 53, in aclose
    await self._stream.aclose()
  File "C:\Users\jimcr\AppData\Roaming\Python\Python313\site-packages\anyio\streams\tls.py", line 236, in aclose
    await self.transport_stream.aclose()
  File "C:\Users\jimcr\AppData\Roaming\Python\Python313\site-packages\anyio\_backends\_asyncio.py", line 1344, in aclose
    self._transport.close()
    ~~~~~~~~~~~~~~~~~~~~~^^
  File "C:\Python313\Lib\asyncio\proactor_events.py", line 109, in close
    self._loop.call_soon(self._call_connection_lost, None)
    ~~~~~~~~~~~~~~~~~~~~^^^^^^^^^^^^^^^^^^^^^^^^^^^^^^^^^^
  File "C:\Python313\Lib\asyncio\base_events.py", line 828, in call_soon
    self._check_closed()
    ~~~~~~~~~~~~~~~~~~^^
  File "C:\Python313\Lib\asyncio\base_events.py", line 551, in _check_closed
    raise RuntimeError('Event loop is closed')
RuntimeError: Event loop is closed
INFO:regular_website_pipeline:  🤖 Starting DeepSeek analysis...
INFO:simple_llm_analysis:  ⏳ Initializing DeepSeek client...
INFO:simple_llm_analysis:  ⏱️ DeepSeek client initialized in 2.18 seconds
INFO:httpx:HTTP Request: POST https://api.deepseek.com/chat/completions "HTTP/1.1 200 OK"
INFO:regular_website_pipeline:  ✓ Analysis complete. Found 1 opportunities.
ERROR:asyncio:Task exception was never retrieved
future: <Task finished name='Task-3152' coro=<AsyncClient.aclose() done, defined at C:\Users\jimcr\AppData\Roaming\Python\Python313\site-packages\httpx\_client.py:1996> exception=RuntimeError('Event loop is closed')>
Traceback (most recent call last):
  File "C:\Users\jimcr\AppData\Roaming\Python\Python313\site-packages\httpx\_client.py", line 2003, in aclose
    await self._transport.aclose()
  File "C:\Users\jimcr\AppData\Roaming\Python\Python313\site-packages\httpx\_transports\default.py", line 383, in aclose
    await self._pool.aclose()
  File "C:\Users\jimcr\AppData\Roaming\Python\Python313\site-packages\httpcore\_async\connection_pool.py", line 353, in aclose
    await self._close_connections(closing_connections)
  File "C:\Users\jimcr\AppData\Roaming\Python\Python313\site-packages\httpcore\_async\connection_pool.py", line 345, in _close_connections
    await connection.aclose()
  File "C:\Users\jimcr\AppData\Roaming\Python\Python313\site-packages\httpcore\_async\connection.py", line 173, in aclose
    await self._connection.aclose()
  File "C:\Users\jimcr\AppData\Roaming\Python\Python313\site-packages\httpcore\_async\http11.py", line 258, in aclose
    await self._network_stream.aclose()
  File "C:\Users\jimcr\AppData\Roaming\Python\Python313\site-packages\httpcore\_backends\anyio.py", line 53, in aclose
    await self._stream.aclose()
  File "C:\Users\jimcr\AppData\Roaming\Python\Python313\site-packages\anyio\streams\tls.py", line 236, in aclose
    await self.transport_stream.aclose()
  File "C:\Users\jimcr\AppData\Roaming\Python\Python313\site-packages\anyio\_backends\_asyncio.py", line 1344, in aclose
    self._transport.close()
    ~~~~~~~~~~~~~~~~~~~~~^^
  File "C:\Python313\Lib\asyncio\proactor_events.py", line 109, in close
    self._loop.call_soon(self._call_connection_lost, None)
    ~~~~~~~~~~~~~~~~~~~~^^^^^^^^^^^^^^^^^^^^^^^^^^^^^^^^^^
  File "C:\Python313\Lib\asyncio\base_events.py", line 828, in call_soon
    self._check_closed()
    ~~~~~~~~~~~~~~~~~~^^
  File "C:\Python313\Lib\asyncio\base_events.py", line 551, in _check_closed
    raise RuntimeError('Event loop is closed')
RuntimeError: Event loop is closed
INFO:regular_website_pipeline:  🤖 Starting DeepSeek analysis...
INFO:simple_llm_analysis:  ⏳ Initializing DeepSeek client...
INFO:simple_llm_analysis:  ⏱️ DeepSeek client initialized in 2.03 seconds
INFO:httpx:HTTP Request: POST https://api.deepseek.com/chat/completions "HTTP/1.1 200 OK"
INFO:regular_website_pipeline:  ✓ Analysis complete. Found 1 opportunities.
ERROR:asyncio:Task exception was never retrieved
future: <Task finished name='Task-3175' coro=<AsyncClient.aclose() done, defined at C:\Users\jimcr\AppData\Roaming\Python\Python313\site-packages\httpx\_client.py:1996> exception=RuntimeError('Event loop is closed')>
Traceback (most recent call last):
  File "C:\Users\jimcr\AppData\Roaming\Python\Python313\site-packages\httpx\_client.py", line 2003, in aclose
    await self._transport.aclose()
  File "C:\Users\jimcr\AppData\Roaming\Python\Python313\site-packages\httpx\_transports\default.py", line 383, in aclose
    await self._pool.aclose()
  File "C:\Users\jimcr\AppData\Roaming\Python\Python313\site-packages\httpcore\_async\connection_pool.py", line 353, in aclose
    await self._close_connections(closing_connections)
  File "C:\Users\jimcr\AppData\Roaming\Python\Python313\site-packages\httpcore\_async\connection_pool.py", line 345, in _close_connections
    await connection.aclose()
  File "C:\Users\jimcr\AppData\Roaming\Python\Python313\site-packages\httpcore\_async\connection.py", line 173, in aclose
    await self._connection.aclose()
  File "C:\Users\jimcr\AppData\Roaming\Python\Python313\site-packages\httpcore\_async\http11.py", line 258, in aclose
    await self._network_stream.aclose()
  File "C:\Users\jimcr\AppData\Roaming\Python\Python313\site-packages\httpcore\_backends\anyio.py", line 53, in aclose
    await self._stream.aclose()
  File "C:\Users\jimcr\AppData\Roaming\Python\Python313\site-packages\anyio\streams\tls.py", line 236, in aclose
    await self.transport_stream.aclose()
  File "C:\Users\jimcr\AppData\Roaming\Python\Python313\site-packages\anyio\_backends\_asyncio.py", line 1344, in aclose
    self._transport.close()
    ~~~~~~~~~~~~~~~~~~~~~^^
  File "C:\Python313\Lib\asyncio\proactor_events.py", line 109, in close
    self._loop.call_soon(self._call_connection_lost, None)
    ~~~~~~~~~~~~~~~~~~~~^^^^^^^^^^^^^^^^^^^^^^^^^^^^^^^^^^
  File "C:\Python313\Lib\asyncio\base_events.py", line 828, in call_soon
    self._check_closed()
    ~~~~~~~~~~~~~~~~~~^^
  File "C:\Python313\Lib\asyncio\base_events.py", line 551, in _check_closed
    raise RuntimeError('Event loop is closed')
RuntimeError: Event loop is closed
INFO:regular_website_pipeline:  🤖 Starting DeepSeek analysis...
INFO:simple_llm_analysis:  ⏳ Initializing DeepSeek client...
INFO:simple_llm_analysis:  ⏱️ DeepSeek client initialized in 1.70 seconds
INFO:httpx:HTTP Request: POST https://api.deepseek.com/chat/completions "HTTP/1.1 200 OK"
INFO:regular_website_pipeline:  ✓ Analysis complete. Found 1 opportunities.
ERROR:asyncio:Task exception was never retrieved
future: <Task finished name='Task-3199' coro=<AsyncClient.aclose() done, defined at C:\Users\jimcr\AppData\Roaming\Python\Python313\site-packages\httpx\_client.py:1996> exception=RuntimeError('Event loop is closed')>
Traceback (most recent call last):
  File "C:\Users\jimcr\AppData\Roaming\Python\Python313\site-packages\httpx\_client.py", line 2003, in aclose
    await self._transport.aclose()
  File "C:\Users\jimcr\AppData\Roaming\Python\Python313\site-packages\httpx\_transports\default.py", line 383, in aclose
    await self._pool.aclose()
  File "C:\Users\jimcr\AppData\Roaming\Python\Python313\site-packages\httpcore\_async\connection_pool.py", line 353, in aclose
    await self._close_connections(closing_connections)
  File "C:\Users\jimcr\AppData\Roaming\Python\Python313\site-packages\httpcore\_async\connection_pool.py", line 345, in _close_connections
    await connection.aclose()
  File "C:\Users\jimcr\AppData\Roaming\Python\Python313\site-packages\httpcore\_async\connection.py", line 173, in aclose
    await self._connection.aclose()
  File "C:\Users\jimcr\AppData\Roaming\Python\Python313\site-packages\httpcore\_async\http11.py", line 258, in aclose
    await self._network_stream.aclose()
  File "C:\Users\jimcr\AppData\Roaming\Python\Python313\site-packages\httpcore\_backends\anyio.py", line 53, in aclose
    await self._stream.aclose()
  File "C:\Users\jimcr\AppData\Roaming\Python\Python313\site-packages\anyio\streams\tls.py", line 236, in aclose
    await self.transport_stream.aclose()
  File "C:\Users\jimcr\AppData\Roaming\Python\Python313\site-packages\anyio\_backends\_asyncio.py", line 1344, in aclose
    self._transport.close()
    ~~~~~~~~~~~~~~~~~~~~~^^
  File "C:\Python313\Lib\asyncio\proactor_events.py", line 109, in close
    self._loop.call_soon(self._call_connection_lost, None)
    ~~~~~~~~~~~~~~~~~~~~^^^^^^^^^^^^^^^^^^^^^^^^^^^^^^^^^^
  File "C:\Python313\Lib\asyncio\base_events.py", line 828, in call_soon
    self._check_closed()
    ~~~~~~~~~~~~~~~~~~^^
  File "C:\Python313\Lib\asyncio\base_events.py", line 551, in _check_closed
    raise RuntimeError('Event loop is closed')
RuntimeError: Event loop is closed
INFO:regular_website_pipeline:  🤖 Starting DeepSeek analysis...
INFO:simple_llm_analysis:  ⏳ Initializing DeepSeek client...
INFO:simple_llm_analysis:  ⏱️ DeepSeek client initialized in 1.84 seconds
INFO:httpx:HTTP Request: POST https://api.deepseek.com/chat/completions "HTTP/1.1 200 OK"
INFO:regular_website_pipeline:  ✓ Analysis complete. Found 1 opportunities.
ERROR:asyncio:Task exception was never retrieved
future: <Task finished name='Task-3224' coro=<AsyncClient.aclose() done, defined at C:\Users\jimcr\AppData\Roaming\Python\Python313\site-packages\httpx\_client.py:1996> exception=RuntimeError('Event loop is closed')>
Traceback (most recent call last):
  File "C:\Users\jimcr\AppData\Roaming\Python\Python313\site-packages\httpx\_client.py", line 2003, in aclose
    await self._transport.aclose()
  File "C:\Users\jimcr\AppData\Roaming\Python\Python313\site-packages\httpx\_transports\default.py", line 383, in aclose
    await self._pool.aclose()
  File "C:\Users\jimcr\AppData\Roaming\Python\Python313\site-packages\httpcore\_async\connection_pool.py", line 353, in aclose
    await self._close_connections(closing_connections)
  File "C:\Users\jimcr\AppData\Roaming\Python\Python313\site-packages\httpcore\_async\connection_pool.py", line 345, in _close_connections
    await connection.aclose()
  File "C:\Users\jimcr\AppData\Roaming\Python\Python313\site-packages\httpcore\_async\connection.py", line 173, in aclose
    await self._connection.aclose()
  File "C:\Users\jimcr\AppData\Roaming\Python\Python313\site-packages\httpcore\_async\http11.py", line 258, in aclose
    await self._network_stream.aclose()
  File "C:\Users\jimcr\AppData\Roaming\Python\Python313\site-packages\httpcore\_backends\anyio.py", line 53, in aclose
    await self._stream.aclose()
  File "C:\Users\jimcr\AppData\Roaming\Python\Python313\site-packages\anyio\streams\tls.py", line 236, in aclose
    await self.transport_stream.aclose()
  File "C:\Users\jimcr\AppData\Roaming\Python\Python313\site-packages\anyio\_backends\_asyncio.py", line 1344, in aclose
    self._transport.close()
    ~~~~~~~~~~~~~~~~~~~~~^^
  File "C:\Python313\Lib\asyncio\proactor_events.py", line 109, in close
    self._loop.call_soon(self._call_connection_lost, None)
    ~~~~~~~~~~~~~~~~~~~~^^^^^^^^^^^^^^^^^^^^^^^^^^^^^^^^^^
  File "C:\Python313\Lib\asyncio\base_events.py", line 828, in call_soon
    self._check_closed()
    ~~~~~~~~~~~~~~~~~~^^
  File "C:\Python313\Lib\asyncio\base_events.py", line 551, in _check_closed
    raise RuntimeError('Event loop is closed')
RuntimeError: Event loop is closed
INFO:regular_website_pipeline:  🤖 Starting DeepSeek analysis...
INFO:simple_llm_analysis:  ⏳ Initializing DeepSeek client...
INFO:simple_llm_analysis:  ⏱️ DeepSeek client initialized in 2.42 seconds
INFO:httpx:HTTP Request: POST https://api.deepseek.com/chat/completions "HTTP/1.1 200 OK"
INFO:regular_website_pipeline:  ✓ Analysis complete. Found 0 opportunities.
ERROR:asyncio:Task exception was never retrieved
future: <Task finished name='Task-3247' coro=<AsyncClient.aclose() done, defined at C:\Users\jimcr\AppData\Roaming\Python\Python313\site-packages\httpx\_client.py:1996> exception=RuntimeError('Event loop is closed')>
Traceback (most recent call last):
  File "C:\Users\jimcr\AppData\Roaming\Python\Python313\site-packages\httpx\_client.py", line 2003, in aclose
    await self._transport.aclose()
  File "C:\Users\jimcr\AppData\Roaming\Python\Python313\site-packages\httpx\_transports\default.py", line 383, in aclose
    await self._pool.aclose()
  File "C:\Users\jimcr\AppData\Roaming\Python\Python313\site-packages\httpcore\_async\connection_pool.py", line 353, in aclose
    await self._close_connections(closing_connections)
  File "C:\Users\jimcr\AppData\Roaming\Python\Python313\site-packages\httpcore\_async\connection_pool.py", line 345, in _close_connections
    await connection.aclose()
  File "C:\Users\jimcr\AppData\Roaming\Python\Python313\site-packages\httpcore\_async\connection.py", line 173, in aclose
    await self._connection.aclose()
  File "C:\Users\jimcr\AppData\Roaming\Python\Python313\site-packages\httpcore\_async\http11.py", line 258, in aclose
    await self._network_stream.aclose()
  File "C:\Users\jimcr\AppData\Roaming\Python\Python313\site-packages\httpcore\_backends\anyio.py", line 53, in aclose
    await self._stream.aclose()
  File "C:\Users\jimcr\AppData\Roaming\Python\Python313\site-packages\anyio\streams\tls.py", line 236, in aclose
    await self.transport_stream.aclose()
  File "C:\Users\jimcr\AppData\Roaming\Python\Python313\site-packages\anyio\_backends\_asyncio.py", line 1344, in aclose
    self._transport.close()
    ~~~~~~~~~~~~~~~~~~~~~^^
  File "C:\Python313\Lib\asyncio\proactor_events.py", line 109, in close
    self._loop.call_soon(self._call_connection_lost, None)
    ~~~~~~~~~~~~~~~~~~~~^^^^^^^^^^^^^^^^^^^^^^^^^^^^^^^^^^
  File "C:\Python313\Lib\asyncio\base_events.py", line 828, in call_soon
    self._check_closed()
    ~~~~~~~~~~~~~~~~~~^^
  File "C:\Python313\Lib\asyncio\base_events.py", line 551, in _check_closed
    raise RuntimeError('Event loop is closed')
RuntimeError: Event loop is closed
INFO:regular_website_pipeline:  🤖 Starting DeepSeek analysis...
INFO:simple_llm_analysis:  ⏳ Initializing DeepSeek client...
INFO:simple_llm_analysis:  ⏱️ DeepSeek client initialized in 1.94 seconds
INFO:httpx:HTTP Request: POST https://api.deepseek.com/chat/completions "HTTP/1.1 200 OK"
INFO:regular_website_pipeline:  ✓ Analysis complete. Found 1 opportunities.
ERROR:asyncio:Task exception was never retrieved
future: <Task finished name='Task-3278' coro=<AsyncClient.aclose() done, defined at C:\Users\jimcr\AppData\Roaming\Python\Python313\site-packages\httpx\_client.py:1996> exception=RuntimeError('Event loop is closed')>
Traceback (most recent call last):
  File "C:\Users\jimcr\AppData\Roaming\Python\Python313\site-packages\httpx\_client.py", line 2003, in aclose
    await self._transport.aclose()
  File "C:\Users\jimcr\AppData\Roaming\Python\Python313\site-packages\httpx\_transports\default.py", line 383, in aclose
    await self._pool.aclose()
  File "C:\Users\jimcr\AppData\Roaming\Python\Python313\site-packages\httpcore\_async\connection_pool.py", line 353, in aclose
    await self._close_connections(closing_connections)
  File "C:\Users\jimcr\AppData\Roaming\Python\Python313\site-packages\httpcore\_async\connection_pool.py", line 345, in _close_connections
    await connection.aclose()
  File "C:\Users\jimcr\AppData\Roaming\Python\Python313\site-packages\httpcore\_async\connection.py", line 173, in aclose
    await self._connection.aclose()
  File "C:\Users\jimcr\AppData\Roaming\Python\Python313\site-packages\httpcore\_async\http11.py", line 258, in aclose
    await self._network_stream.aclose()
  File "C:\Users\jimcr\AppData\Roaming\Python\Python313\site-packages\httpcore\_backends\anyio.py", line 53, in aclose
    await self._stream.aclose()
  File "C:\Users\jimcr\AppData\Roaming\Python\Python313\site-packages\anyio\streams\tls.py", line 236, in aclose
    await self.transport_stream.aclose()
  File "C:\Users\jimcr\AppData\Roaming\Python\Python313\site-packages\anyio\_backends\_asyncio.py", line 1344, in aclose
    self._transport.close()
    ~~~~~~~~~~~~~~~~~~~~~^^
  File "C:\Python313\Lib\asyncio\proactor_events.py", line 109, in close
    self._loop.call_soon(self._call_connection_lost, None)
    ~~~~~~~~~~~~~~~~~~~~^^^^^^^^^^^^^^^^^^^^^^^^^^^^^^^^^^
  File "C:\Python313\Lib\asyncio\base_events.py", line 828, in call_soon
    self._check_closed()
    ~~~~~~~~~~~~~~~~~~^^
  File "C:\Python313\Lib\asyncio\base_events.py", line 551, in _check_closed
    raise RuntimeError('Event loop is closed')
RuntimeError: Event loop is closed
INFO:regular_website_pipeline:  🤖 Starting DeepSeek analysis...
INFO:simple_llm_analysis:  ⏳ Initializing DeepSeek client...
INFO:simple_llm_analysis:  ⏱️ DeepSeek client initialized in 1.83 seconds
INFO:httpx:HTTP Request: POST https://api.deepseek.com/chat/completions "HTTP/1.1 200 OK"
INFO:regular_website_pipeline:  ✓ Analysis complete. Found 0 opportunities.
ERROR:asyncio:Task exception was never retrieved
future: <Task finished name='Task-3302' coro=<AsyncClient.aclose() done, defined at C:\Users\jimcr\AppData\Roaming\Python\Python313\site-packages\httpx\_client.py:1996> exception=RuntimeError('Event loop is closed')>
Traceback (most recent call last):
  File "C:\Users\jimcr\AppData\Roaming\Python\Python313\site-packages\httpx\_client.py", line 2003, in aclose
    await self._transport.aclose()
  File "C:\Users\jimcr\AppData\Roaming\Python\Python313\site-packages\httpx\_transports\default.py", line 383, in aclose
    await self._pool.aclose()
  File "C:\Users\jimcr\AppData\Roaming\Python\Python313\site-packages\httpcore\_async\connection_pool.py", line 353, in aclose
    await self._close_connections(closing_connections)
  File "C:\Users\jimcr\AppData\Roaming\Python\Python313\site-packages\httpcore\_async\connection_pool.py", line 345, in _close_connections
    await connection.aclose()
  File "C:\Users\jimcr\AppData\Roaming\Python\Python313\site-packages\httpcore\_async\connection.py", line 173, in aclose
    await self._connection.aclose()
  File "C:\Users\jimcr\AppData\Roaming\Python\Python313\site-packages\httpcore\_async\http11.py", line 258, in aclose
    await self._network_stream.aclose()
  File "C:\Users\jimcr\AppData\Roaming\Python\Python313\site-packages\httpcore\_backends\anyio.py", line 53, in aclose
    await self._stream.aclose()
  File "C:\Users\jimcr\AppData\Roaming\Python\Python313\site-packages\anyio\streams\tls.py", line 236, in aclose
    await self.transport_stream.aclose()
  File "C:\Users\jimcr\AppData\Roaming\Python\Python313\site-packages\anyio\_backends\_asyncio.py", line 1344, in aclose
    self._transport.close()
    ~~~~~~~~~~~~~~~~~~~~~^^
  File "C:\Python313\Lib\asyncio\proactor_events.py", line 109, in close
    self._loop.call_soon(self._call_connection_lost, None)
    ~~~~~~~~~~~~~~~~~~~~^^^^^^^^^^^^^^^^^^^^^^^^^^^^^^^^^^
  File "C:\Python313\Lib\asyncio\base_events.py", line 828, in call_soon
    self._check_closed()
    ~~~~~~~~~~~~~~~~~~^^
  File "C:\Python313\Lib\asyncio\base_events.py", line 551, in _check_closed
    raise RuntimeError('Event loop is closed')
RuntimeError: Event loop is closed
INFO:regular_website_pipeline:  🤖 Starting DeepSeek analysis...
INFO:simple_llm_analysis:  ⏳ Initializing DeepSeek client...
INFO:simple_llm_analysis:  ⏱️ DeepSeek client initialized in 1.62 seconds
INFO:httpx:HTTP Request: POST https://api.deepseek.com/chat/completions "HTTP/1.1 200 OK"
INFO:regular_website_pipeline:  ✓ Analysis complete. Found 5 opportunities.
ERROR:asyncio:Task exception was never retrieved
future: <Task finished name='Task-3333' coro=<AsyncClient.aclose() done, defined at C:\Users\jimcr\AppData\Roaming\Python\Python313\site-packages\httpx\_client.py:1996> exception=RuntimeError('Event loop is closed')>
Traceback (most recent call last):
  File "C:\Users\jimcr\AppData\Roaming\Python\Python313\site-packages\httpx\_client.py", line 2003, in aclose
    await self._transport.aclose()
  File "C:\Users\jimcr\AppData\Roaming\Python\Python313\site-packages\httpx\_transports\default.py", line 383, in aclose
    await self._pool.aclose()
  File "C:\Users\jimcr\AppData\Roaming\Python\Python313\site-packages\httpcore\_async\connection_pool.py", line 353, in aclose
    await self._close_connections(closing_connections)
  File "C:\Users\jimcr\AppData\Roaming\Python\Python313\site-packages\httpcore\_async\connection_pool.py", line 345, in _close_connections
    await connection.aclose()
  File "C:\Users\jimcr\AppData\Roaming\Python\Python313\site-packages\httpcore\_async\connection.py", line 173, in aclose
    await self._connection.aclose()
  File "C:\Users\jimcr\AppData\Roaming\Python\Python313\site-packages\httpcore\_async\http11.py", line 258, in aclose
    await self._network_stream.aclose()
  File "C:\Users\jimcr\AppData\Roaming\Python\Python313\site-packages\httpcore\_backends\anyio.py", line 53, in aclose
    await self._stream.aclose()
  File "C:\Users\jimcr\AppData\Roaming\Python\Python313\site-packages\anyio\streams\tls.py", line 236, in aclose
    await self.transport_stream.aclose()
  File "C:\Users\jimcr\AppData\Roaming\Python\Python313\site-packages\anyio\_backends\_asyncio.py", line 1344, in aclose
    self._transport.close()
    ~~~~~~~~~~~~~~~~~~~~~^^
  File "C:\Python313\Lib\asyncio\proactor_events.py", line 109, in close
    self._loop.call_soon(self._call_connection_lost, None)
    ~~~~~~~~~~~~~~~~~~~~^^^^^^^^^^^^^^^^^^^^^^^^^^^^^^^^^^
  File "C:\Python313\Lib\asyncio\base_events.py", line 828, in call_soon
    self._check_closed()
    ~~~~~~~~~~~~~~~~~~^^
  File "C:\Python313\Lib\asyncio\base_events.py", line 551, in _check_closed
    raise RuntimeError('Event loop is closed')
RuntimeError: Event loop is closed
INFO:regular_website_pipeline:  🤖 Starting DeepSeek analysis...
INFO:simple_llm_analysis:  ⏳ Initializing DeepSeek client...
INFO:simple_llm_analysis:  ⏱️ DeepSeek client initialized in 2.16 seconds
INFO:httpx:HTTP Request: POST https://api.deepseek.com/chat/completions "HTTP/1.1 200 OK"
INFO:regular_website_pipeline:  ✓ Analysis complete. Found 3 opportunities.
ERROR:asyncio:Task exception was never retrieved
future: <Task finished name='Task-3364' coro=<AsyncClient.aclose() done, defined at C:\Users\jimcr\AppData\Roaming\Python\Python313\site-packages\httpx\_client.py:1996> exception=RuntimeError('Event loop is closed')>
Traceback (most recent call last):
  File "C:\Users\jimcr\AppData\Roaming\Python\Python313\site-packages\httpx\_client.py", line 2003, in aclose
    await self._transport.aclose()
  File "C:\Users\jimcr\AppData\Roaming\Python\Python313\site-packages\httpx\_transports\default.py", line 383, in aclose
    await self._pool.aclose()
  File "C:\Users\jimcr\AppData\Roaming\Python\Python313\site-packages\httpcore\_async\connection_pool.py", line 353, in aclose
    await self._close_connections(closing_connections)
  File "C:\Users\jimcr\AppData\Roaming\Python\Python313\site-packages\httpcore\_async\connection_pool.py", line 345, in _close_connections
    await connection.aclose()
  File "C:\Users\jimcr\AppData\Roaming\Python\Python313\site-packages\httpcore\_async\connection.py", line 173, in aclose
    await self._connection.aclose()
  File "C:\Users\jimcr\AppData\Roaming\Python\Python313\site-packages\httpcore\_async\http11.py", line 258, in aclose
    await self._network_stream.aclose()
  File "C:\Users\jimcr\AppData\Roaming\Python\Python313\site-packages\httpcore\_backends\anyio.py", line 53, in aclose
    await self._stream.aclose()
  File "C:\Users\jimcr\AppData\Roaming\Python\Python313\site-packages\anyio\streams\tls.py", line 236, in aclose
    await self.transport_stream.aclose()
  File "C:\Users\jimcr\AppData\Roaming\Python\Python313\site-packages\anyio\_backends\_asyncio.py", line 1344, in aclose
    self._transport.close()
    ~~~~~~~~~~~~~~~~~~~~~^^
  File "C:\Python313\Lib\asyncio\proactor_events.py", line 109, in close
    self._loop.call_soon(self._call_connection_lost, None)
    ~~~~~~~~~~~~~~~~~~~~^^^^^^^^^^^^^^^^^^^^^^^^^^^^^^^^^^
  File "C:\Python313\Lib\asyncio\base_events.py", line 828, in call_soon
    self._check_closed()
    ~~~~~~~~~~~~~~~~~~^^
  File "C:\Python313\Lib\asyncio\base_events.py", line 551, in _check_closed
    raise RuntimeError('Event loop is closed')
RuntimeError: Event loop is closed
INFO:regular_website_pipeline:  🤖 Starting DeepSeek analysis...
INFO:simple_llm_analysis:  ⏳ Initializing DeepSeek client...
INFO:simple_llm_analysis:  ⏱️ DeepSeek client initialized in 1.67 seconds
INFO:httpx:HTTP Request: POST https://api.deepseek.com/chat/completions "HTTP/1.1 200 OK"
INFO:regular_website_pipeline:  ✓ Analysis complete. Found 1 opportunities.
ERROR:asyncio:Task exception was never retrieved
future: <Task finished name='Task-3395' coro=<AsyncClient.aclose() done, defined at C:\Users\jimcr\AppData\Roaming\Python\Python313\site-packages\httpx\_client.py:1996> exception=RuntimeError('Event loop is closed')>
Traceback (most recent call last):
  File "C:\Users\jimcr\AppData\Roaming\Python\Python313\site-packages\httpx\_client.py", line 2003, in aclose
    await self._transport.aclose()
  File "C:\Users\jimcr\AppData\Roaming\Python\Python313\site-packages\httpx\_transports\default.py", line 383, in aclose
    await self._pool.aclose()
  File "C:\Users\jimcr\AppData\Roaming\Python\Python313\site-packages\httpcore\_async\connection_pool.py", line 353, in aclose
    await self._close_connections(closing_connections)
  File "C:\Users\jimcr\AppData\Roaming\Python\Python313\site-packages\httpcore\_async\connection_pool.py", line 345, in _close_connections
    await connection.aclose()
  File "C:\Users\jimcr\AppData\Roaming\Python\Python313\site-packages\httpcore\_async\connection.py", line 173, in aclose
    await self._connection.aclose()
  File "C:\Users\jimcr\AppData\Roaming\Python\Python313\site-packages\httpcore\_async\http11.py", line 258, in aclose
    await self._network_stream.aclose()
  File "C:\Users\jimcr\AppData\Roaming\Python\Python313\site-packages\httpcore\_backends\anyio.py", line 53, in aclose
    await self._stream.aclose()
  File "C:\Users\jimcr\AppData\Roaming\Python\Python313\site-packages\anyio\streams\tls.py", line 236, in aclose
    await self.transport_stream.aclose()
  File "C:\Users\jimcr\AppData\Roaming\Python\Python313\site-packages\anyio\_backends\_asyncio.py", line 1344, in aclose
    self._transport.close()
    ~~~~~~~~~~~~~~~~~~~~~^^
  File "C:\Python313\Lib\asyncio\proactor_events.py", line 109, in close
    self._loop.call_soon(self._call_connection_lost, None)
    ~~~~~~~~~~~~~~~~~~~~^^^^^^^^^^^^^^^^^^^^^^^^^^^^^^^^^^
  File "C:\Python313\Lib\asyncio\base_events.py", line 828, in call_soon
    self._check_closed()
    ~~~~~~~~~~~~~~~~~~^^
  File "C:\Python313\Lib\asyncio\base_events.py", line 551, in _check_closed
    raise RuntimeError('Event loop is closed')
RuntimeError: Event loop is closed
INFO:regular_website_pipeline:  🤖 Starting DeepSeek analysis...
INFO:simple_llm_analysis:  ⏳ Initializing DeepSeek client...
INFO:simple_llm_analysis:  ⏱️ DeepSeek client initialized in 1.65 seconds
INFO:httpx:HTTP Request: POST https://api.deepseek.com/chat/completions "HTTP/1.1 200 OK"
INFO:regular_website_pipeline:  ✓ Analysis complete. Found 0 opportunities.
ERROR:asyncio:Task exception was never retrieved
future: <Task finished name='Task-3419' coro=<AsyncClient.aclose() done, defined at C:\Users\jimcr\AppData\Roaming\Python\Python313\site-packages\httpx\_client.py:1996> exception=RuntimeError('Event loop is closed')>
Traceback (most recent call last):
  File "C:\Users\jimcr\AppData\Roaming\Python\Python313\site-packages\httpx\_client.py", line 2003, in aclose
    await self._transport.aclose()
  File "C:\Users\jimcr\AppData\Roaming\Python\Python313\site-packages\httpx\_transports\default.py", line 383, in aclose
    await self._pool.aclose()
  File "C:\Users\jimcr\AppData\Roaming\Python\Python313\site-packages\httpcore\_async\connection_pool.py", line 353, in aclose
    await self._close_connections(closing_connections)
  File "C:\Users\jimcr\AppData\Roaming\Python\Python313\site-packages\httpcore\_async\connection_pool.py", line 345, in _close_connections
    await connection.aclose()
  File "C:\Users\jimcr\AppData\Roaming\Python\Python313\site-packages\httpcore\_async\connection.py", line 173, in aclose
    await self._connection.aclose()
  File "C:\Users\jimcr\AppData\Roaming\Python\Python313\site-packages\httpcore\_async\http11.py", line 258, in aclose
    await self._network_stream.aclose()
  File "C:\Users\jimcr\AppData\Roaming\Python\Python313\site-packages\httpcore\_backends\anyio.py", line 53, in aclose
    await self._stream.aclose()
  File "C:\Users\jimcr\AppData\Roaming\Python\Python313\site-packages\anyio\streams\tls.py", line 236, in aclose
    await self.transport_stream.aclose()
  File "C:\Users\jimcr\AppData\Roaming\Python\Python313\site-packages\anyio\_backends\_asyncio.py", line 1344, in aclose
    self._transport.close()
    ~~~~~~~~~~~~~~~~~~~~~^^
  File "C:\Python313\Lib\asyncio\proactor_events.py", line 109, in close
    self._loop.call_soon(self._call_connection_lost, None)
    ~~~~~~~~~~~~~~~~~~~~^^^^^^^^^^^^^^^^^^^^^^^^^^^^^^^^^^
  File "C:\Python313\Lib\asyncio\base_events.py", line 828, in call_soon
    self._check_closed()
    ~~~~~~~~~~~~~~~~~~^^
  File "C:\Python313\Lib\asyncio\base_events.py", line 551, in _check_closed
    raise RuntimeError('Event loop is closed')
RuntimeError: Event loop is closed
INFO:regular_website_pipeline:  🤖 Starting DeepSeek analysis...
INFO:simple_llm_analysis:  ⏳ Initializing DeepSeek client...
INFO:simple_llm_analysis:  ⏱️ DeepSeek client initialized in 1.98 seconds
INFO:httpx:HTTP Request: POST https://api.deepseek.com/chat/completions "HTTP/1.1 200 OK"
INFO:regular_website_pipeline:  ✓ Analysis complete. Found 0 opportunities.
ERROR:asyncio:Task exception was never retrieved
future: <Task finished name='Task-3450' coro=<AsyncClient.aclose() done, defined at C:\Users\jimcr\AppData\Roaming\Python\Python313\site-packages\httpx\_client.py:1996> exception=RuntimeError('Event loop is closed')>
Traceback (most recent call last):
  File "C:\Users\jimcr\AppData\Roaming\Python\Python313\site-packages\httpx\_client.py", line 2003, in aclose
    await self._transport.aclose()
  File "C:\Users\jimcr\AppData\Roaming\Python\Python313\site-packages\httpx\_transports\default.py", line 383, in aclose
    await self._pool.aclose()
  File "C:\Users\jimcr\AppData\Roaming\Python\Python313\site-packages\httpcore\_async\connection_pool.py", line 353, in aclose
    await self._close_connections(closing_connections)
  File "C:\Users\jimcr\AppData\Roaming\Python\Python313\site-packages\httpcore\_async\connection_pool.py", line 345, in _close_connections
    await connection.aclose()
  File "C:\Users\jimcr\AppData\Roaming\Python\Python313\site-packages\httpcore\_async\connection.py", line 173, in aclose
    await self._connection.aclose()
  File "C:\Users\jimcr\AppData\Roaming\Python\Python313\site-packages\httpcore\_async\http11.py", line 258, in aclose
    await self._network_stream.aclose()
  File "C:\Users\jimcr\AppData\Roaming\Python\Python313\site-packages\httpcore\_backends\anyio.py", line 53, in aclose
    await self._stream.aclose()
  File "C:\Users\jimcr\AppData\Roaming\Python\Python313\site-packages\anyio\streams\tls.py", line 236, in aclose
    await self.transport_stream.aclose()
  File "C:\Users\jimcr\AppData\Roaming\Python\Python313\site-packages\anyio\_backends\_asyncio.py", line 1344, in aclose
    self._transport.close()
    ~~~~~~~~~~~~~~~~~~~~~^^
  File "C:\Python313\Lib\asyncio\proactor_events.py", line 109, in close
    self._loop.call_soon(self._call_connection_lost, None)
    ~~~~~~~~~~~~~~~~~~~~^^^^^^^^^^^^^^^^^^^^^^^^^^^^^^^^^^
  File "C:\Python313\Lib\asyncio\base_events.py", line 828, in call_soon
    self._check_closed()
    ~~~~~~~~~~~~~~~~~~^^
  File "C:\Python313\Lib\asyncio\base_events.py", line 551, in _check_closed
    raise RuntimeError('Event loop is closed')
RuntimeError: Event loop is closed
INFO:regular_website_pipeline:  🤖 Starting DeepSeek analysis...
INFO:simple_llm_analysis:  ⏳ Initializing DeepSeek client...
INFO:simple_llm_analysis:  ⏱️ DeepSeek client initialized in 3.20 seconds
INFO:httpx:HTTP Request: POST https://api.deepseek.com/chat/completions "HTTP/1.1 200 OK"
INFO:regular_website_pipeline:  ✓ Analysis complete. Found 0 opportunities.
ERROR:asyncio:Task exception was never retrieved
future: <Task finished name='Task-3475' coro=<AsyncClient.aclose() done, defined at C:\Users\jimcr\AppData\Roaming\Python\Python313\site-packages\httpx\_client.py:1996> exception=RuntimeError('Event loop is closed')>
Traceback (most recent call last):
  File "C:\Users\jimcr\AppData\Roaming\Python\Python313\site-packages\httpx\_client.py", line 2003, in aclose
    await self._transport.aclose()
  File "C:\Users\jimcr\AppData\Roaming\Python\Python313\site-packages\httpx\_transports\default.py", line 383, in aclose
    await self._pool.aclose()
  File "C:\Users\jimcr\AppData\Roaming\Python\Python313\site-packages\httpcore\_async\connection_pool.py", line 353, in aclose
    await self._close_connections(closing_connections)
  File "C:\Users\jimcr\AppData\Roaming\Python\Python313\site-packages\httpcore\_async\connection_pool.py", line 345, in _close_connections
    await connection.aclose()
  File "C:\Users\jimcr\AppData\Roaming\Python\Python313\site-packages\httpcore\_async\connection.py", line 173, in aclose
    await self._connection.aclose()
  File "C:\Users\jimcr\AppData\Roaming\Python\Python313\site-packages\httpcore\_async\http11.py", line 258, in aclose
    await self._network_stream.aclose()
  File "C:\Users\jimcr\AppData\Roaming\Python\Python313\site-packages\httpcore\_backends\anyio.py", line 53, in aclose
    await self._stream.aclose()
  File "C:\Users\jimcr\AppData\Roaming\Python\Python313\site-packages\anyio\streams\tls.py", line 236, in aclose
    await self.transport_stream.aclose()
  File "C:\Users\jimcr\AppData\Roaming\Python\Python313\site-packages\anyio\_backends\_asyncio.py", line 1344, in aclose
    self._transport.close()
    ~~~~~~~~~~~~~~~~~~~~~^^
  File "C:\Python313\Lib\asyncio\proactor_events.py", line 109, in close
    self._loop.call_soon(self._call_connection_lost, None)
    ~~~~~~~~~~~~~~~~~~~~^^^^^^^^^^^^^^^^^^^^^^^^^^^^^^^^^^
  File "C:\Python313\Lib\asyncio\base_events.py", line 828, in call_soon
    self._check_closed()
    ~~~~~~~~~~~~~~~~~~^^
  File "C:\Python313\Lib\asyncio\base_events.py", line 551, in _check_closed
    raise RuntimeError('Event loop is closed')
RuntimeError: Event loop is closed
INFO:regular_website_pipeline:  🤖 Starting DeepSeek analysis...
INFO:simple_llm_analysis:  ⏳ Initializing DeepSeek client...
INFO:simple_llm_analysis:  ⏱️ DeepSeek client initialized in 1.82 seconds
INFO:httpx:HTTP Request: POST https://api.deepseek.com/chat/completions "HTTP/1.1 200 OK"
INFO:regular_website_pipeline:  ✓ Analysis complete. Found 1 opportunities.
ERROR:asyncio:Task exception was never retrieved
future: <Task finished name='Task-3505' coro=<AsyncClient.aclose() done, defined at C:\Users\jimcr\AppData\Roaming\Python\Python313\site-packages\httpx\_client.py:1996> exception=RuntimeError('Event loop is closed')>
Traceback (most recent call last):
  File "C:\Users\jimcr\AppData\Roaming\Python\Python313\site-packages\httpx\_client.py", line 2003, in aclose
    await self._transport.aclose()
  File "C:\Users\jimcr\AppData\Roaming\Python\Python313\site-packages\httpx\_transports\default.py", line 383, in aclose
    await self._pool.aclose()
  File "C:\Users\jimcr\AppData\Roaming\Python\Python313\site-packages\httpcore\_async\connection_pool.py", line 353, in aclose
    await self._close_connections(closing_connections)
  File "C:\Users\jimcr\AppData\Roaming\Python\Python313\site-packages\httpcore\_async\connection_pool.py", line 345, in _close_connections
    await connection.aclose()
  File "C:\Users\jimcr\AppData\Roaming\Python\Python313\site-packages\httpcore\_async\connection.py", line 173, in aclose
    await self._connection.aclose()
  File "C:\Users\jimcr\AppData\Roaming\Python\Python313\site-packages\httpcore\_async\http11.py", line 258, in aclose
    await self._network_stream.aclose()
  File "C:\Users\jimcr\AppData\Roaming\Python\Python313\site-packages\httpcore\_backends\anyio.py", line 53, in aclose
    await self._stream.aclose()
  File "C:\Users\jimcr\AppData\Roaming\Python\Python313\site-packages\anyio\streams\tls.py", line 236, in aclose
    await self.transport_stream.aclose()
  File "C:\Users\jimcr\AppData\Roaming\Python\Python313\site-packages\anyio\_backends\_asyncio.py", line 1344, in aclose
    self._transport.close()
    ~~~~~~~~~~~~~~~~~~~~~^^
  File "C:\Python313\Lib\asyncio\proactor_events.py", line 109, in close
    self._loop.call_soon(self._call_connection_lost, None)
    ~~~~~~~~~~~~~~~~~~~~^^^^^^^^^^^^^^^^^^^^^^^^^^^^^^^^^^
  File "C:\Python313\Lib\asyncio\base_events.py", line 828, in call_soon
    self._check_closed()
    ~~~~~~~~~~~~~~~~~~^^
  File "C:\Python313\Lib\asyncio\base_events.py", line 551, in _check_closed
    raise RuntimeError('Event loop is closed')
RuntimeError: Event loop is closed
INFO:regular_website_pipeline:  🤖 Starting DeepSeek analysis...
INFO:simple_llm_analysis:  ⏳ Initializing DeepSeek client...
INFO:simple_llm_analysis:  ⏱️ DeepSeek client initialized in 1.69 seconds
INFO:httpx:HTTP Request: POST https://api.deepseek.com/chat/completions "HTTP/1.1 200 OK"
INFO:regular_website_pipeline:  ✓ Analysis complete. Found 0 opportunities.
ERROR:asyncio:Task exception was never retrieved
future: <Task finished name='Task-3531' coro=<AsyncClient.aclose() done, defined at C:\Users\jimcr\AppData\Roaming\Python\Python313\site-packages\httpx\_client.py:1996> exception=RuntimeError('Event loop is closed')>
Traceback (most recent call last):
  File "C:\Users\jimcr\AppData\Roaming\Python\Python313\site-packages\httpx\_client.py", line 2003, in aclose
    await self._transport.aclose()
  File "C:\Users\jimcr\AppData\Roaming\Python\Python313\site-packages\httpx\_transports\default.py", line 383, in aclose
    await self._pool.aclose()
  File "C:\Users\jimcr\AppData\Roaming\Python\Python313\site-packages\httpcore\_async\connection_pool.py", line 353, in aclose
    await self._close_connections(closing_connections)
  File "C:\Users\jimcr\AppData\Roaming\Python\Python313\site-packages\httpcore\_async\connection_pool.py", line 345, in _close_connections
    await connection.aclose()
  File "C:\Users\jimcr\AppData\Roaming\Python\Python313\site-packages\httpcore\_async\connection.py", line 173, in aclose
    await self._connection.aclose()
  File "C:\Users\jimcr\AppData\Roaming\Python\Python313\site-packages\httpcore\_async\http11.py", line 258, in aclose
    await self._network_stream.aclose()
  File "C:\Users\jimcr\AppData\Roaming\Python\Python313\site-packages\httpcore\_backends\anyio.py", line 53, in aclose
    await self._stream.aclose()
  File "C:\Users\jimcr\AppData\Roaming\Python\Python313\site-packages\anyio\streams\tls.py", line 236, in aclose
    await self.transport_stream.aclose()
  File "C:\Users\jimcr\AppData\Roaming\Python\Python313\site-packages\anyio\_backends\_asyncio.py", line 1344, in aclose
    self._transport.close()
    ~~~~~~~~~~~~~~~~~~~~~^^
  File "C:\Python313\Lib\asyncio\proactor_events.py", line 109, in close
    self._loop.call_soon(self._call_connection_lost, None)
    ~~~~~~~~~~~~~~~~~~~~^^^^^^^^^^^^^^^^^^^^^^^^^^^^^^^^^^
  File "C:\Python313\Lib\asyncio\base_events.py", line 828, in call_soon
    self._check_closed()
    ~~~~~~~~~~~~~~~~~~^^
  File "C:\Python313\Lib\asyncio\base_events.py", line 551, in _check_closed
    raise RuntimeError('Event loop is closed')
RuntimeError: Event loop is closed
INFO:regular_website_pipeline:  🤖 Starting DeepSeek analysis...
INFO:simple_llm_analysis:  ⏳ Initializing DeepSeek client...
INFO:simple_llm_analysis:  ⏱️ DeepSeek client initialized in 2.14 seconds
INFO:httpx:HTTP Request: POST https://api.deepseek.com/chat/completions "HTTP/1.1 200 OK"
INFO:regular_website_pipeline:  ✓ Analysis complete. Found 1 opportunities.
ERROR:asyncio:Task exception was never retrieved
future: <Task finished name='Task-3562' coro=<AsyncClient.aclose() done, defined at C:\Users\jimcr\AppData\Roaming\Python\Python313\site-packages\httpx\_client.py:1996> exception=RuntimeError('Event loop is closed')>
Traceback (most recent call last):
  File "C:\Users\jimcr\AppData\Roaming\Python\Python313\site-packages\httpx\_client.py", line 2003, in aclose
    await self._transport.aclose()
  File "C:\Users\jimcr\AppData\Roaming\Python\Python313\site-packages\httpx\_transports\default.py", line 383, in aclose
    await self._pool.aclose()
  File "C:\Users\jimcr\AppData\Roaming\Python\Python313\site-packages\httpcore\_async\connection_pool.py", line 353, in aclose
    await self._close_connections(closing_connections)
  File "C:\Users\jimcr\AppData\Roaming\Python\Python313\site-packages\httpcore\_async\connection_pool.py", line 345, in _close_connections
    await connection.aclose()
  File "C:\Users\jimcr\AppData\Roaming\Python\Python313\site-packages\httpcore\_async\connection.py", line 173, in aclose
    await self._connection.aclose()
  File "C:\Users\jimcr\AppData\Roaming\Python\Python313\site-packages\httpcore\_async\http11.py", line 258, in aclose
    await self._network_stream.aclose()
  File "C:\Users\jimcr\AppData\Roaming\Python\Python313\site-packages\httpcore\_backends\anyio.py", line 53, in aclose
    await self._stream.aclose()
  File "C:\Users\jimcr\AppData\Roaming\Python\Python313\site-packages\anyio\streams\tls.py", line 236, in aclose
    await self.transport_stream.aclose()
  File "C:\Users\jimcr\AppData\Roaming\Python\Python313\site-packages\anyio\_backends\_asyncio.py", line 1344, in aclose
    self._transport.close()
    ~~~~~~~~~~~~~~~~~~~~~^^
  File "C:\Python313\Lib\asyncio\proactor_events.py", line 109, in close
    self._loop.call_soon(self._call_connection_lost, None)
    ~~~~~~~~~~~~~~~~~~~~^^^^^^^^^^^^^^^^^^^^^^^^^^^^^^^^^^
  File "C:\Python313\Lib\asyncio\base_events.py", line 828, in call_soon
    self._check_closed()
    ~~~~~~~~~~~~~~~~~~^^
  File "C:\Python313\Lib\asyncio\base_events.py", line 551, in _check_closed
    raise RuntimeError('Event loop is closed')
RuntimeError: Event loop is closed
INFO:regular_website_pipeline:  🤖 Starting DeepSeek analysis...
INFO:simple_llm_analysis:  ⏳ Initializing DeepSeek client...
INFO:simple_llm_analysis:  ⏱️ DeepSeek client initialized in 2.96 seconds
INFO:httpx:HTTP Request: POST https://api.deepseek.com/chat/completions "HTTP/1.1 200 OK"
INFO:regular_website_pipeline:  ✓ Analysis complete. Found 0 opportunities.
ERROR:asyncio:Task exception was never retrieved
future: <Task finished name='Task-3593' coro=<AsyncClient.aclose() done, defined at C:\Users\jimcr\AppData\Roaming\Python\Python313\site-packages\httpx\_client.py:1996> exception=RuntimeError('Event loop is closed')>
Traceback (most recent call last):
  File "C:\Users\jimcr\AppData\Roaming\Python\Python313\site-packages\httpx\_client.py", line 2003, in aclose
    await self._transport.aclose()
  File "C:\Users\jimcr\AppData\Roaming\Python\Python313\site-packages\httpx\_transports\default.py", line 383, in aclose
    await self._pool.aclose()
  File "C:\Users\jimcr\AppData\Roaming\Python\Python313\site-packages\httpcore\_async\connection_pool.py", line 353, in aclose
    await self._close_connections(closing_connections)
  File "C:\Users\jimcr\AppData\Roaming\Python\Python313\site-packages\httpcore\_async\connection_pool.py", line 345, in _close_connections
    await connection.aclose()
  File "C:\Users\jimcr\AppData\Roaming\Python\Python313\site-packages\httpcore\_async\connection.py", line 173, in aclose
    await self._connection.aclose()
  File "C:\Users\jimcr\AppData\Roaming\Python\Python313\site-packages\httpcore\_async\http11.py", line 258, in aclose
    await self._network_stream.aclose()
  File "C:\Users\jimcr\AppData\Roaming\Python\Python313\site-packages\httpcore\_backends\anyio.py", line 53, in aclose
    await self._stream.aclose()
  File "C:\Users\jimcr\AppData\Roaming\Python\Python313\site-packages\anyio\streams\tls.py", line 236, in aclose
    await self.transport_stream.aclose()
  File "C:\Users\jimcr\AppData\Roaming\Python\Python313\site-packages\anyio\_backends\_asyncio.py", line 1344, in aclose
    self._transport.close()
    ~~~~~~~~~~~~~~~~~~~~~^^
  File "C:\Python313\Lib\asyncio\proactor_events.py", line 109, in close
    self._loop.call_soon(self._call_connection_lost, None)
    ~~~~~~~~~~~~~~~~~~~~^^^^^^^^^^^^^^^^^^^^^^^^^^^^^^^^^^
  File "C:\Python313\Lib\asyncio\base_events.py", line 828, in call_soon
    self._check_closed()
    ~~~~~~~~~~~~~~~~~~^^
  File "C:\Python313\Lib\asyncio\base_events.py", line 551, in _check_closed
    raise RuntimeError('Event loop is closed')
RuntimeError: Event loop is closed
INFO:regular_website_pipeline:  🤖 Starting DeepSeek analysis...
INFO:simple_llm_analysis:  ⏳ Initializing DeepSeek client...
INFO:simple_llm_analysis:  ⏱️ DeepSeek client initialized in 2.68 seconds
INFO:httpx:HTTP Request: POST https://api.deepseek.com/chat/completions "HTTP/1.1 200 OK"
INFO:regular_website_pipeline:  ✓ Analysis complete. Found 2 opportunities.
ERROR:asyncio:Task exception was never retrieved
future: <Task finished name='Task-3624' coro=<AsyncClient.aclose() done, defined at C:\Users\jimcr\AppData\Roaming\Python\Python313\site-packages\httpx\_client.py:1996> exception=RuntimeError('Event loop is closed')>
Traceback (most recent call last):
  File "C:\Users\jimcr\AppData\Roaming\Python\Python313\site-packages\httpx\_client.py", line 2003, in aclose
    await self._transport.aclose()
  File "C:\Users\jimcr\AppData\Roaming\Python\Python313\site-packages\httpx\_transports\default.py", line 383, in aclose
    await self._pool.aclose()
  File "C:\Users\jimcr\AppData\Roaming\Python\Python313\site-packages\httpcore\_async\connection_pool.py", line 353, in aclose
    await self._close_connections(closing_connections)
  File "C:\Users\jimcr\AppData\Roaming\Python\Python313\site-packages\httpcore\_async\connection_pool.py", line 345, in _close_connections
    await connection.aclose()
  File "C:\Users\jimcr\AppData\Roaming\Python\Python313\site-packages\httpcore\_async\connection.py", line 173, in aclose
    await self._connection.aclose()
  File "C:\Users\jimcr\AppData\Roaming\Python\Python313\site-packages\httpcore\_async\http11.py", line 258, in aclose
    await self._network_stream.aclose()
  File "C:\Users\jimcr\AppData\Roaming\Python\Python313\site-packages\httpcore\_backends\anyio.py", line 53, in aclose
    await self._stream.aclose()
  File "C:\Users\jimcr\AppData\Roaming\Python\Python313\site-packages\anyio\streams\tls.py", line 236, in aclose
    await self.transport_stream.aclose()
  File "C:\Users\jimcr\AppData\Roaming\Python\Python313\site-packages\anyio\_backends\_asyncio.py", line 1344, in aclose
    self._transport.close()
    ~~~~~~~~~~~~~~~~~~~~~^^
  File "C:\Python313\Lib\asyncio\proactor_events.py", line 109, in close
    self._loop.call_soon(self._call_connection_lost, None)
    ~~~~~~~~~~~~~~~~~~~~^^^^^^^^^^^^^^^^^^^^^^^^^^^^^^^^^^
  File "C:\Python313\Lib\asyncio\base_events.py", line 828, in call_soon
    self._check_closed()
    ~~~~~~~~~~~~~~~~~~^^
  File "C:\Python313\Lib\asyncio\base_events.py", line 551, in _check_closed
    raise RuntimeError('Event loop is closed')
RuntimeError: Event loop is closed
INFO:regular_website_pipeline:  🤖 Starting DeepSeek analysis...
INFO:simple_llm_analysis:  ⏳ Initializing DeepSeek client...
INFO:simple_llm_analysis:  ⏱️ DeepSeek client initialized in 3.44 seconds
INFO:httpx:HTTP Request: POST https://api.deepseek.com/chat/completions "HTTP/1.1 200 OK"
INFO:regular_website_pipeline:  ✓ Analysis complete. Found 1 opportunities.
ERROR:asyncio:Task exception was never retrieved
future: <Task finished name='Task-3651' coro=<AsyncClient.aclose() done, defined at C:\Users\jimcr\AppData\Roaming\Python\Python313\site-packages\httpx\_client.py:1996> exception=RuntimeError('Event loop is closed')>
Traceback (most recent call last):
  File "C:\Users\jimcr\AppData\Roaming\Python\Python313\site-packages\httpx\_client.py", line 2003, in aclose
    await self._transport.aclose()
  File "C:\Users\jimcr\AppData\Roaming\Python\Python313\site-packages\httpx\_transports\default.py", line 383, in aclose
    await self._pool.aclose()
  File "C:\Users\jimcr\AppData\Roaming\Python\Python313\site-packages\httpcore\_async\connection_pool.py", line 353, in aclose
    await self._close_connections(closing_connections)
  File "C:\Users\jimcr\AppData\Roaming\Python\Python313\site-packages\httpcore\_async\connection_pool.py", line 345, in _close_connections
    await connection.aclose()
  File "C:\Users\jimcr\AppData\Roaming\Python\Python313\site-packages\httpcore\_async\connection.py", line 173, in aclose
    await self._connection.aclose()
  File "C:\Users\jimcr\AppData\Roaming\Python\Python313\site-packages\httpcore\_async\http11.py", line 258, in aclose
    await self._network_stream.aclose()
  File "C:\Users\jimcr\AppData\Roaming\Python\Python313\site-packages\httpcore\_backends\anyio.py", line 53, in aclose
    await self._stream.aclose()
  File "C:\Users\jimcr\AppData\Roaming\Python\Python313\site-packages\anyio\streams\tls.py", line 236, in aclose
    await self.transport_stream.aclose()
  File "C:\Users\jimcr\AppData\Roaming\Python\Python313\site-packages\anyio\_backends\_asyncio.py", line 1344, in aclose
    self._transport.close()
    ~~~~~~~~~~~~~~~~~~~~~^^
  File "C:\Python313\Lib\asyncio\proactor_events.py", line 109, in close
    self._loop.call_soon(self._call_connection_lost, None)
    ~~~~~~~~~~~~~~~~~~~~^^^^^^^^^^^^^^^^^^^^^^^^^^^^^^^^^^
  File "C:\Python313\Lib\asyncio\base_events.py", line 828, in call_soon
    self._check_closed()
    ~~~~~~~~~~~~~~~~~~^^
  File "C:\Python313\Lib\asyncio\base_events.py", line 551, in _check_closed
    raise RuntimeError('Event loop is closed')
RuntimeError: Event loop is closed
INFO:regular_website_pipeline:  🤖 Starting DeepSeek analysis...
INFO:simple_llm_analysis:  ⏳ Initializing DeepSeek client...
INFO:simple_llm_analysis:  ⏱️ DeepSeek client initialized in 3.06 seconds
INFO:httpx:HTTP Request: POST https://api.deepseek.com/chat/completions "HTTP/1.1 200 OK"
INFO:regular_website_pipeline:  ✓ Analysis complete. Found 0 opportunities.
ERROR:asyncio:Task exception was never retrieved
future: <Task finished name='Task-3682' coro=<AsyncClient.aclose() done, defined at C:\Users\jimcr\AppData\Roaming\Python\Python313\site-packages\httpx\_client.py:1996> exception=RuntimeError('Event loop is closed')>
Traceback (most recent call last):
  File "C:\Users\jimcr\AppData\Roaming\Python\Python313\site-packages\httpx\_client.py", line 2003, in aclose
    await self._transport.aclose()
  File "C:\Users\jimcr\AppData\Roaming\Python\Python313\site-packages\httpx\_transports\default.py", line 383, in aclose
    await self._pool.aclose()
  File "C:\Users\jimcr\AppData\Roaming\Python\Python313\site-packages\httpcore\_async\connection_pool.py", line 353, in aclose
    await self._close_connections(closing_connections)
  File "C:\Users\jimcr\AppData\Roaming\Python\Python313\site-packages\httpcore\_async\connection_pool.py", line 345, in _close_connections
    await connection.aclose()
  File "C:\Users\jimcr\AppData\Roaming\Python\Python313\site-packages\httpcore\_async\connection.py", line 173, in aclose
    await self._connection.aclose()
  File "C:\Users\jimcr\AppData\Roaming\Python\Python313\site-packages\httpcore\_async\http11.py", line 258, in aclose
    await self._network_stream.aclose()
  File "C:\Users\jimcr\AppData\Roaming\Python\Python313\site-packages\httpcore\_backends\anyio.py", line 53, in aclose
    await self._stream.aclose()
  File "C:\Users\jimcr\AppData\Roaming\Python\Python313\site-packages\anyio\streams\tls.py", line 236, in aclose
    await self.transport_stream.aclose()
  File "C:\Users\jimcr\AppData\Roaming\Python\Python313\site-packages\anyio\_backends\_asyncio.py", line 1344, in aclose
    self._transport.close()
    ~~~~~~~~~~~~~~~~~~~~~^^
  File "C:\Python313\Lib\asyncio\proactor_events.py", line 109, in close
    self._loop.call_soon(self._call_connection_lost, None)
    ~~~~~~~~~~~~~~~~~~~~^^^^^^^^^^^^^^^^^^^^^^^^^^^^^^^^^^
  File "C:\Python313\Lib\asyncio\base_events.py", line 828, in call_soon
    self._check_closed()
    ~~~~~~~~~~~~~~~~~~^^
  File "C:\Python313\Lib\asyncio\base_events.py", line 551, in _check_closed
    raise RuntimeError('Event loop is closed')
RuntimeError: Event loop is closed
INFO:regular_website_pipeline:  🤖 Starting DeepSeek analysis...
INFO:simple_llm_analysis:  ⏳ Initializing DeepSeek client...
INFO:simple_llm_analysis:  ⏱️ DeepSeek client initialized in 4.70 seconds
INFO:httpx:HTTP Request: POST https://api.deepseek.com/chat/completions "HTTP/1.1 200 OK"
INFO:regular_website_pipeline:  ✓ Analysis complete. Found 2 opportunities.
ERROR:asyncio:Task exception was never retrieved
future: <Task finished name='Task-3713' coro=<AsyncClient.aclose() done, defined at C:\Users\jimcr\AppData\Roaming\Python\Python313\site-packages\httpx\_client.py:1996> exception=RuntimeError('Event loop is closed')>
Traceback (most recent call last):
  File "C:\Users\jimcr\AppData\Roaming\Python\Python313\site-packages\httpx\_client.py", line 2003, in aclose
    await self._transport.aclose()
  File "C:\Users\jimcr\AppData\Roaming\Python\Python313\site-packages\httpx\_transports\default.py", line 383, in aclose
    await self._pool.aclose()
  File "C:\Users\jimcr\AppData\Roaming\Python\Python313\site-packages\httpcore\_async\connection_pool.py", line 353, in aclose
    await self._close_connections(closing_connections)
  File "C:\Users\jimcr\AppData\Roaming\Python\Python313\site-packages\httpcore\_async\connection_pool.py", line 345, in _close_connections
    await connection.aclose()
  File "C:\Users\jimcr\AppData\Roaming\Python\Python313\site-packages\httpcore\_async\connection.py", line 173, in aclose
    await self._connection.aclose()
  File "C:\Users\jimcr\AppData\Roaming\Python\Python313\site-packages\httpcore\_async\http11.py", line 258, in aclose
    await self._network_stream.aclose()
  File "C:\Users\jimcr\AppData\Roaming\Python\Python313\site-packages\httpcore\_backends\anyio.py", line 53, in aclose
    await self._stream.aclose()
  File "C:\Users\jimcr\AppData\Roaming\Python\Python313\site-packages\anyio\streams\tls.py", line 236, in aclose
    await self.transport_stream.aclose()
  File "C:\Users\jimcr\AppData\Roaming\Python\Python313\site-packages\anyio\_backends\_asyncio.py", line 1344, in aclose
    self._transport.close()
    ~~~~~~~~~~~~~~~~~~~~~^^
  File "C:\Python313\Lib\asyncio\proactor_events.py", line 109, in close
    self._loop.call_soon(self._call_connection_lost, None)
    ~~~~~~~~~~~~~~~~~~~~^^^^^^^^^^^^^^^^^^^^^^^^^^^^^^^^^^
  File "C:\Python313\Lib\asyncio\base_events.py", line 828, in call_soon
    self._check_closed()
    ~~~~~~~~~~~~~~~~~~^^
  File "C:\Python313\Lib\asyncio\base_events.py", line 551, in _check_closed
    raise RuntimeError('Event loop is closed')
RuntimeError: Event loop is closed
INFO:regular_website_pipeline:  🤖 Starting DeepSeek analysis...
INFO:simple_llm_analysis:  ⏳ Initializing DeepSeek client...
INFO:simple_llm_analysis:  ⏱️ DeepSeek client initialized in 2.44 seconds
INFO:httpx:HTTP Request: POST https://api.deepseek.com/chat/completions "HTTP/1.1 200 OK"
INFO:regular_website_pipeline:  ✓ Analysis complete. Found 1 opportunities.
ERROR:asyncio:Task exception was never retrieved
future: <Task finished name='Task-3744' coro=<AsyncClient.aclose() done, defined at C:\Users\jimcr\AppData\Roaming\Python\Python313\site-packages\httpx\_client.py:1996> exception=RuntimeError('Event loop is closed')>
Traceback (most recent call last):
  File "C:\Users\jimcr\AppData\Roaming\Python\Python313\site-packages\httpx\_client.py", line 2003, in aclose
    await self._transport.aclose()
  File "C:\Users\jimcr\AppData\Roaming\Python\Python313\site-packages\httpx\_transports\default.py", line 383, in aclose
    await self._pool.aclose()
  File "C:\Users\jimcr\AppData\Roaming\Python\Python313\site-packages\httpcore\_async\connection_pool.py", line 353, in aclose
    await self._close_connections(closing_connections)
  File "C:\Users\jimcr\AppData\Roaming\Python\Python313\site-packages\httpcore\_async\connection_pool.py", line 345, in _close_connections
    await connection.aclose()
  File "C:\Users\jimcr\AppData\Roaming\Python\Python313\site-packages\httpcore\_async\connection.py", line 173, in aclose
    await self._connection.aclose()
  File "C:\Users\jimcr\AppData\Roaming\Python\Python313\site-packages\httpcore\_async\http11.py", line 258, in aclose
    await self._network_stream.aclose()
  File "C:\Users\jimcr\AppData\Roaming\Python\Python313\site-packages\httpcore\_backends\anyio.py", line 53, in aclose
    await self._stream.aclose()
  File "C:\Users\jimcr\AppData\Roaming\Python\Python313\site-packages\anyio\streams\tls.py", line 236, in aclose
    await self.transport_stream.aclose()
  File "C:\Users\jimcr\AppData\Roaming\Python\Python313\site-packages\anyio\_backends\_asyncio.py", line 1344, in aclose
    self._transport.close()
    ~~~~~~~~~~~~~~~~~~~~~^^
  File "C:\Python313\Lib\asyncio\proactor_events.py", line 109, in close
    self._loop.call_soon(self._call_connection_lost, None)
    ~~~~~~~~~~~~~~~~~~~~^^^^^^^^^^^^^^^^^^^^^^^^^^^^^^^^^^
  File "C:\Python313\Lib\asyncio\base_events.py", line 828, in call_soon
    self._check_closed()
    ~~~~~~~~~~~~~~~~~~^^
  File "C:\Python313\Lib\asyncio\base_events.py", line 551, in _check_closed
    raise RuntimeError('Event loop is closed')
RuntimeError: Event loop is closed
INFO:regular_website_pipeline:  🤖 Starting DeepSeek analysis...
INFO:simple_llm_analysis:  ⏳ Initializing DeepSeek client...
INFO:simple_llm_analysis:  ⏱️ DeepSeek client initialized in 3.04 seconds
INFO:httpx:HTTP Request: POST https://api.deepseek.com/chat/completions "HTTP/1.1 200 OK"
INFO:regular_website_pipeline:  ✓ Analysis complete. Found 1 opportunities.
ERROR:asyncio:Task exception was never retrieved
future: <Task finished name='Task-3775' coro=<AsyncClient.aclose() done, defined at C:\Users\jimcr\AppData\Roaming\Python\Python313\site-packages\httpx\_client.py:1996> exception=RuntimeError('Event loop is closed')>
Traceback (most recent call last):
  File "C:\Users\jimcr\AppData\Roaming\Python\Python313\site-packages\httpx\_client.py", line 2003, in aclose
    await self._transport.aclose()
  File "C:\Users\jimcr\AppData\Roaming\Python\Python313\site-packages\httpx\_transports\default.py", line 383, in aclose
    await self._pool.aclose()
  File "C:\Users\jimcr\AppData\Roaming\Python\Python313\site-packages\httpcore\_async\connection_pool.py", line 353, in aclose
    await self._close_connections(closing_connections)
  File "C:\Users\jimcr\AppData\Roaming\Python\Python313\site-packages\httpcore\_async\connection_pool.py", line 345, in _close_connections
    await connection.aclose()
  File "C:\Users\jimcr\AppData\Roaming\Python\Python313\site-packages\httpcore\_async\connection.py", line 173, in aclose
    await self._connection.aclose()
  File "C:\Users\jimcr\AppData\Roaming\Python\Python313\site-packages\httpcore\_async\http11.py", line 258, in aclose
    await self._network_stream.aclose()
  File "C:\Users\jimcr\AppData\Roaming\Python\Python313\site-packages\httpcore\_backends\anyio.py", line 53, in aclose
    await self._stream.aclose()
  File "C:\Users\jimcr\AppData\Roaming\Python\Python313\site-packages\anyio\streams\tls.py", line 236, in aclose
    await self.transport_stream.aclose()
  File "C:\Users\jimcr\AppData\Roaming\Python\Python313\site-packages\anyio\_backends\_asyncio.py", line 1344, in aclose
    self._transport.close()
    ~~~~~~~~~~~~~~~~~~~~~^^
  File "C:\Python313\Lib\asyncio\proactor_events.py", line 109, in close
    self._loop.call_soon(self._call_connection_lost, None)
    ~~~~~~~~~~~~~~~~~~~~^^^^^^^^^^^^^^^^^^^^^^^^^^^^^^^^^^
  File "C:\Python313\Lib\asyncio\base_events.py", line 828, in call_soon
    self._check_closed()
    ~~~~~~~~~~~~~~~~~~^^
  File "C:\Python313\Lib\asyncio\base_events.py", line 551, in _check_closed
    raise RuntimeError('Event loop is closed')
RuntimeError: Event loop is closed
INFO:regular_website_pipeline:  🤖 Starting DeepSeek analysis...
INFO:simple_llm_analysis:  ⏳ Initializing DeepSeek client...
INFO:simple_llm_analysis:  ⏱️ DeepSeek client initialized in 3.43 seconds
INFO:httpx:HTTP Request: POST https://api.deepseek.com/chat/completions "HTTP/1.1 200 OK"
INFO:regular_website_pipeline:  ✓ Analysis complete. Found 2 opportunities.
ERROR:asyncio:Task exception was never retrieved
future: <Task finished name='Task-3799' coro=<AsyncClient.aclose() done, defined at C:\Users\jimcr\AppData\Roaming\Python\Python313\site-packages\httpx\_client.py:1996> exception=RuntimeError('Event loop is closed')>
Traceback (most recent call last):
  File "C:\Users\jimcr\AppData\Roaming\Python\Python313\site-packages\httpx\_client.py", line 2003, in aclose
    await self._transport.aclose()
  File "C:\Users\jimcr\AppData\Roaming\Python\Python313\site-packages\httpx\_transports\default.py", line 383, in aclose
    await self._pool.aclose()
  File "C:\Users\jimcr\AppData\Roaming\Python\Python313\site-packages\httpcore\_async\connection_pool.py", line 353, in aclose
    await self._close_connections(closing_connections)
  File "C:\Users\jimcr\AppData\Roaming\Python\Python313\site-packages\httpcore\_async\connection_pool.py", line 345, in _close_connections
    await connection.aclose()
  File "C:\Users\jimcr\AppData\Roaming\Python\Python313\site-packages\httpcore\_async\connection.py", line 173, in aclose
    await self._connection.aclose()
  File "C:\Users\jimcr\AppData\Roaming\Python\Python313\site-packages\httpcore\_async\http11.py", line 258, in aclose
    await self._network_stream.aclose()
  File "C:\Users\jimcr\AppData\Roaming\Python\Python313\site-packages\httpcore\_backends\anyio.py", line 53, in aclose
    await self._stream.aclose()
  File "C:\Users\jimcr\AppData\Roaming\Python\Python313\site-packages\anyio\streams\tls.py", line 236, in aclose
    await self.transport_stream.aclose()
  File "C:\Users\jimcr\AppData\Roaming\Python\Python313\site-packages\anyio\_backends\_asyncio.py", line 1344, in aclose
    self._transport.close()
    ~~~~~~~~~~~~~~~~~~~~~^^
  File "C:\Python313\Lib\asyncio\proactor_events.py", line 109, in close
    self._loop.call_soon(self._call_connection_lost, None)
    ~~~~~~~~~~~~~~~~~~~~^^^^^^^^^^^^^^^^^^^^^^^^^^^^^^^^^^
  File "C:\Python313\Lib\asyncio\base_events.py", line 828, in call_soon
    self._check_closed()
    ~~~~~~~~~~~~~~~~~~^^
  File "C:\Python313\Lib\asyncio\base_events.py", line 551, in _check_closed
    raise RuntimeError('Event loop is closed')
RuntimeError: Event loop is closed
INFO:regular_website_pipeline:  🤖 Starting DeepSeek analysis...
INFO:simple_llm_analysis:  ⏳ Initializing DeepSeek client...
INFO:simple_llm_analysis:  ⏱️ DeepSeek client initialized in 1.76 seconds
INFO:httpx:HTTP Request: POST https://api.deepseek.com/chat/completions "HTTP/1.1 200 OK"
INFO:regular_website_pipeline:  ✓ Analysis complete. Found 0 opportunities.
ERROR:asyncio:Task exception was never retrieved
future: <Task finished name='Task-3830' coro=<AsyncClient.aclose() done, defined at C:\Users\jimcr\AppData\Roaming\Python\Python313\site-packages\httpx\_client.py:1996> exception=RuntimeError('Event loop is closed')>
Traceback (most recent call last):
  File "C:\Users\jimcr\AppData\Roaming\Python\Python313\site-packages\httpx\_client.py", line 2003, in aclose
    await self._transport.aclose()
  File "C:\Users\jimcr\AppData\Roaming\Python\Python313\site-packages\httpx\_transports\default.py", line 383, in aclose
    await self._pool.aclose()
  File "C:\Users\jimcr\AppData\Roaming\Python\Python313\site-packages\httpcore\_async\connection_pool.py", line 353, in aclose
    await self._close_connections(closing_connections)
  File "C:\Users\jimcr\AppData\Roaming\Python\Python313\site-packages\httpcore\_async\connection_pool.py", line 345, in _close_connections
    await connection.aclose()
  File "C:\Users\jimcr\AppData\Roaming\Python\Python313\site-packages\httpcore\_async\connection.py", line 173, in aclose
    await self._connection.aclose()
  File "C:\Users\jimcr\AppData\Roaming\Python\Python313\site-packages\httpcore\_async\http11.py", line 258, in aclose
    await self._network_stream.aclose()
  File "C:\Users\jimcr\AppData\Roaming\Python\Python313\site-packages\httpcore\_backends\anyio.py", line 53, in aclose
    await self._stream.aclose()
  File "C:\Users\jimcr\AppData\Roaming\Python\Python313\site-packages\anyio\streams\tls.py", line 236, in aclose
    await self.transport_stream.aclose()
  File "C:\Users\jimcr\AppData\Roaming\Python\Python313\site-packages\anyio\_backends\_asyncio.py", line 1344, in aclose
    self._transport.close()
    ~~~~~~~~~~~~~~~~~~~~~^^
  File "C:\Python313\Lib\asyncio\proactor_events.py", line 109, in close
    self._loop.call_soon(self._call_connection_lost, None)
    ~~~~~~~~~~~~~~~~~~~~^^^^^^^^^^^^^^^^^^^^^^^^^^^^^^^^^^
  File "C:\Python313\Lib\asyncio\base_events.py", line 828, in call_soon
    self._check_closed()
    ~~~~~~~~~~~~~~~~~~^^
  File "C:\Python313\Lib\asyncio\base_events.py", line 551, in _check_closed
    raise RuntimeError('Event loop is closed')
RuntimeError: Event loop is closed
INFO:regular_website_pipeline:  🤖 Starting DeepSeek analysis...
INFO:simple_llm_analysis:  ⏳ Initializing DeepSeek client...
INFO:simple_llm_analysis:  ⏱️ DeepSeek client initialized in 1.37 seconds
INFO:httpx:HTTP Request: POST https://api.deepseek.com/chat/completions "HTTP/1.1 200 OK"
INFO:regular_website_pipeline:  ✓ Analysis complete. Found 1 opportunities.
ERROR:asyncio:Task exception was never retrieved
future: <Task finished name='Task-3854' coro=<AsyncClient.aclose() done, defined at C:\Users\jimcr\AppData\Roaming\Python\Python313\site-packages\httpx\_client.py:1996> exception=RuntimeError('Event loop is closed')>
Traceback (most recent call last):
  File "C:\Users\jimcr\AppData\Roaming\Python\Python313\site-packages\httpx\_client.py", line 2003, in aclose
    await self._transport.aclose()
  File "C:\Users\jimcr\AppData\Roaming\Python\Python313\site-packages\httpx\_transports\default.py", line 383, in aclose
    await self._pool.aclose()
  File "C:\Users\jimcr\AppData\Roaming\Python\Python313\site-packages\httpcore\_async\connection_pool.py", line 353, in aclose
    await self._close_connections(closing_connections)
  File "C:\Users\jimcr\AppData\Roaming\Python\Python313\site-packages\httpcore\_async\connection_pool.py", line 345, in _close_connections
    await connection.aclose()
  File "C:\Users\jimcr\AppData\Roaming\Python\Python313\site-packages\httpcore\_async\connection.py", line 173, in aclose
    await self._connection.aclose()
  File "C:\Users\jimcr\AppData\Roaming\Python\Python313\site-packages\httpcore\_async\http11.py", line 258, in aclose
    await self._network_stream.aclose()
  File "C:\Users\jimcr\AppData\Roaming\Python\Python313\site-packages\httpcore\_backends\anyio.py", line 53, in aclose
    await self._stream.aclose()
  File "C:\Users\jimcr\AppData\Roaming\Python\Python313\site-packages\anyio\streams\tls.py", line 236, in aclose
    await self.transport_stream.aclose()
  File "C:\Users\jimcr\AppData\Roaming\Python\Python313\site-packages\anyio\_backends\_asyncio.py", line 1344, in aclose
    self._transport.close()
    ~~~~~~~~~~~~~~~~~~~~~^^
  File "C:\Python313\Lib\asyncio\proactor_events.py", line 109, in close
    self._loop.call_soon(self._call_connection_lost, None)
    ~~~~~~~~~~~~~~~~~~~~^^^^^^^^^^^^^^^^^^^^^^^^^^^^^^^^^^
  File "C:\Python313\Lib\asyncio\base_events.py", line 828, in call_soon
    self._check_closed()
    ~~~~~~~~~~~~~~~~~~^^
  File "C:\Python313\Lib\asyncio\base_events.py", line 551, in _check_closed
    raise RuntimeError('Event loop is closed')
RuntimeError: Event loop is closed
INFO:regular_website_pipeline:  🤖 Starting DeepSeek analysis...
INFO:simple_llm_analysis:  ⏳ Initializing DeepSeek client...
INFO:simple_llm_analysis:  ⏱️ DeepSeek client initialized in 1.56 seconds
INFO:httpx:HTTP Request: POST https://api.deepseek.com/chat/completions "HTTP/1.1 200 OK"
INFO:regular_website_pipeline:  ✓ Analysis complete. Found 5 opportunities.
ERROR:asyncio:Task exception was never retrieved
future: <Task finished name='Task-3885' coro=<AsyncClient.aclose() done, defined at C:\Users\jimcr\AppData\Roaming\Python\Python313\site-packages\httpx\_client.py:1996> exception=RuntimeError('Event loop is closed')>
Traceback (most recent call last):
  File "C:\Users\jimcr\AppData\Roaming\Python\Python313\site-packages\httpx\_client.py", line 2003, in aclose
    await self._transport.aclose()
  File "C:\Users\jimcr\AppData\Roaming\Python\Python313\site-packages\httpx\_transports\default.py", line 383, in aclose
    await self._pool.aclose()
  File "C:\Users\jimcr\AppData\Roaming\Python\Python313\site-packages\httpcore\_async\connection_pool.py", line 353, in aclose
    await self._close_connections(closing_connections)
  File "C:\Users\jimcr\AppData\Roaming\Python\Python313\site-packages\httpcore\_async\connection_pool.py", line 345, in _close_connections
    await connection.aclose()
  File "C:\Users\jimcr\AppData\Roaming\Python\Python313\site-packages\httpcore\_async\connection.py", line 173, in aclose
    await self._connection.aclose()
  File "C:\Users\jimcr\AppData\Roaming\Python\Python313\site-packages\httpcore\_async\http11.py", line 258, in aclose
    await self._network_stream.aclose()
  File "C:\Users\jimcr\AppData\Roaming\Python\Python313\site-packages\httpcore\_backends\anyio.py", line 53, in aclose
    await self._stream.aclose()
  File "C:\Users\jimcr\AppData\Roaming\Python\Python313\site-packages\anyio\streams\tls.py", line 236, in aclose
    await self.transport_stream.aclose()
  File "C:\Users\jimcr\AppData\Roaming\Python\Python313\site-packages\anyio\_backends\_asyncio.py", line 1344, in aclose
    self._transport.close()
    ~~~~~~~~~~~~~~~~~~~~~^^
  File "C:\Python313\Lib\asyncio\proactor_events.py", line 109, in close
    self._loop.call_soon(self._call_connection_lost, None)
    ~~~~~~~~~~~~~~~~~~~~^^^^^^^^^^^^^^^^^^^^^^^^^^^^^^^^^^
  File "C:\Python313\Lib\asyncio\base_events.py", line 828, in call_soon
    self._check_closed()
    ~~~~~~~~~~~~~~~~~~^^
  File "C:\Python313\Lib\asyncio\base_events.py", line 551, in _check_closed
    raise RuntimeError('Event loop is closed')
RuntimeError: Event loop is closed
INFO:regular_website_pipeline:  🤖 Starting DeepSeek analysis...
INFO:simple_llm_analysis:  ⏳ Initializing DeepSeek client...
INFO:simple_llm_analysis:  ⏱️ DeepSeek client initialized in 1.34 seconds
INFO:httpx:HTTP Request: POST https://api.deepseek.com/chat/completions "HTTP/1.1 200 OK"
INFO:regular_website_pipeline:  ✓ Analysis complete. Found 4 opportunities.
ERROR:asyncio:Task exception was never retrieved
future: <Task finished name='Task-3915' coro=<AsyncClient.aclose() done, defined at C:\Users\jimcr\AppData\Roaming\Python\Python313\site-packages\httpx\_client.py:1996> exception=RuntimeError('Event loop is closed')>
Traceback (most recent call last):
  File "C:\Users\jimcr\AppData\Roaming\Python\Python313\site-packages\httpx\_client.py", line 2003, in aclose
    await self._transport.aclose()
  File "C:\Users\jimcr\AppData\Roaming\Python\Python313\site-packages\httpx\_transports\default.py", line 383, in aclose
    await self._pool.aclose()
  File "C:\Users\jimcr\AppData\Roaming\Python\Python313\site-packages\httpcore\_async\connection_pool.py", line 353, in aclose
    await self._close_connections(closing_connections)
  File "C:\Users\jimcr\AppData\Roaming\Python\Python313\site-packages\httpcore\_async\connection_pool.py", line 345, in _close_connections
    await connection.aclose()
  File "C:\Users\jimcr\AppData\Roaming\Python\Python313\site-packages\httpcore\_async\connection.py", line 173, in aclose
    await self._connection.aclose()
  File "C:\Users\jimcr\AppData\Roaming\Python\Python313\site-packages\httpcore\_async\http11.py", line 258, in aclose
    await self._network_stream.aclose()
  File "C:\Users\jimcr\AppData\Roaming\Python\Python313\site-packages\httpcore\_backends\anyio.py", line 53, in aclose
    await self._stream.aclose()
  File "C:\Users\jimcr\AppData\Roaming\Python\Python313\site-packages\anyio\streams\tls.py", line 236, in aclose
    await self.transport_stream.aclose()
  File "C:\Users\jimcr\AppData\Roaming\Python\Python313\site-packages\anyio\_backends\_asyncio.py", line 1344, in aclose
    self._transport.close()
    ~~~~~~~~~~~~~~~~~~~~~^^
  File "C:\Python313\Lib\asyncio\proactor_events.py", line 109, in close
    self._loop.call_soon(self._call_connection_lost, None)
    ~~~~~~~~~~~~~~~~~~~~^^^^^^^^^^^^^^^^^^^^^^^^^^^^^^^^^^
  File "C:\Python313\Lib\asyncio\base_events.py", line 828, in call_soon
    self._check_closed()
    ~~~~~~~~~~~~~~~~~~^^
  File "C:\Python313\Lib\asyncio\base_events.py", line 551, in _check_closed
    raise RuntimeError('Event loop is closed')
RuntimeError: Event loop is closed
INFO:regular_website_pipeline:  🤖 Starting DeepSeek analysis...
INFO:simple_llm_analysis:  ⏳ Initializing DeepSeek client...
INFO:simple_llm_analysis:  ⏱️ DeepSeek client initialized in 1.73 seconds
INFO:httpx:HTTP Request: POST https://api.deepseek.com/chat/completions "HTTP/1.1 200 OK"
INFO:regular_website_pipeline:  ✓ Analysis complete. Found 1 opportunities.
