INFO:regular_website_pipeline:  🤖 Starting DeepSeek analysis...
INFO:simple_llm_analysis:  ⏳ Initializing DeepSeek client...
INFO:simple_llm_analysis:  ⏱️ DeepSeek client initialized in 2.52 seconds
INFO:httpx:HTTP Request: POST https://api.deepseek.com/chat/completions "HTTP/1.1 200 OK"
INFO:regular_website_pipeline:  ✓ Analysis complete. Found 1 opportunities.
INFO:regular_website_pipeline:  🤖 Starting DeepSeek analysis...
INFO:simple_llm_analysis:  ⏳ Initializing DeepSeek client...
INFO:simple_llm_analysis:  ⏱️ DeepSeek client initialized in 1.70 seconds
INFO:httpx:HTTP Request: POST https://api.deepseek.com/chat/completions "HTTP/1.1 200 OK"
INFO:regular_website_pipeline:  ✓ Analysis complete. Found 1 opportunities.
ERROR:asyncio:Task exception was never retrieved
future: <Task finished name='Task-55' coro=<AsyncClient.aclose() done, defined at C:\Users\jimcr\AppData\Roaming\Python\Python313\site-packages\httpx\_client.py:1996> exception=RuntimeError('Event loop is closed')>
Traceback (most recent call last):
  File "C:\Users\jimcr\AppData\Roaming\Python\Python313\site-packages\httpx\_client.py", line 2003, in aclose
    await self._transport.aclose()
  File "C:\Users\jimcr\AppData\Roaming\Python\Python313\site-packages\httpx\_transports\default.py", line 383, in aclose
    await self._pool.aclose()
  File "C:\Users\jimcr\AppData\Roaming\Python\Python313\site-packages\httpcore\_async\connection_pool.py", line 353, in aclose
    await self._close_connections(closing_connections)
  File "C:\Users\jimcr\AppData\Roaming\Python\Python313\site-packages\httpcore\_async\connection_pool.py", line 345, in _close_connections
    await connection.aclose()
  File "C:\Users\jimcr\AppData\Roaming\Python\Python313\site-packages\httpcore\_async\connection.py", line 173, in aclose
    await self._connection.aclose()
  File "C:\Users\jimcr\AppData\Roaming\Python\Python313\site-packages\httpcore\_async\http11.py", line 258, in aclose
    await self._network_stream.aclose()
  File "C:\Users\jimcr\AppData\Roaming\Python\Python313\site-packages\httpcore\_backends\anyio.py", line 53, in aclose
    await self._stream.aclose()
  File "C:\Users\jimcr\AppData\Roaming\Python\Python313\site-packages\anyio\streams\tls.py", line 236, in aclose
    await self.transport_stream.aclose()
  File "C:\Users\jimcr\AppData\Roaming\Python\Python313\site-packages\anyio\_backends\_asyncio.py", line 1344, in aclose
    self._transport.close()
    ~~~~~~~~~~~~~~~~~~~~~^^
  File "C:\Python313\Lib\asyncio\proactor_events.py", line 109, in close
    self._loop.call_soon(self._call_connection_lost, None)
    ~~~~~~~~~~~~~~~~~~~~^^^^^^^^^^^^^^^^^^^^^^^^^^^^^^^^^^
  File "C:\Python313\Lib\asyncio\base_events.py", line 828, in call_soon
    self._check_closed()
    ~~~~~~~~~~~~~~~~~~^^
  File "C:\Python313\Lib\asyncio\base_events.py", line 551, in _check_closed
    raise RuntimeError('Event loop is closed')
RuntimeError: Event loop is closed
INFO:regular_website_pipeline:  🤖 Starting DeepSeek analysis...
INFO:simple_llm_analysis:  ⏳ Initializing DeepSeek client...
INFO:simple_llm_analysis:  ⏱️ DeepSeek client initialized in 1.61 seconds
INFO:httpx:HTTP Request: POST https://api.deepseek.com/chat/completions "HTTP/1.1 200 OK"
INFO:regular_website_pipeline:  ✓ Analysis complete. Found 2 opportunities.
ERROR:asyncio:Task exception was never retrieved
future: <Task finished name='Task-86' coro=<AsyncClient.aclose() done, defined at C:\Users\jimcr\AppData\Roaming\Python\Python313\site-packages\httpx\_client.py:1996> exception=RuntimeError('Event loop is closed')>
Traceback (most recent call last):
  File "C:\Users\jimcr\AppData\Roaming\Python\Python313\site-packages\httpx\_client.py", line 2003, in aclose
    await self._transport.aclose()
  File "C:\Users\jimcr\AppData\Roaming\Python\Python313\site-packages\httpx\_transports\default.py", line 383, in aclose
    await self._pool.aclose()
  File "C:\Users\jimcr\AppData\Roaming\Python\Python313\site-packages\httpcore\_async\connection_pool.py", line 353, in aclose
    await self._close_connections(closing_connections)
  File "C:\Users\jimcr\AppData\Roaming\Python\Python313\site-packages\httpcore\_async\connection_pool.py", line 345, in _close_connections
    await connection.aclose()
  File "C:\Users\jimcr\AppData\Roaming\Python\Python313\site-packages\httpcore\_async\connection.py", line 173, in aclose
    await self._connection.aclose()
  File "C:\Users\jimcr\AppData\Roaming\Python\Python313\site-packages\httpcore\_async\http11.py", line 258, in aclose
    await self._network_stream.aclose()
  File "C:\Users\jimcr\AppData\Roaming\Python\Python313\site-packages\httpcore\_backends\anyio.py", line 53, in aclose
    await self._stream.aclose()
  File "C:\Users\jimcr\AppData\Roaming\Python\Python313\site-packages\anyio\streams\tls.py", line 236, in aclose
    await self.transport_stream.aclose()
  File "C:\Users\jimcr\AppData\Roaming\Python\Python313\site-packages\anyio\_backends\_asyncio.py", line 1344, in aclose
    self._transport.close()
    ~~~~~~~~~~~~~~~~~~~~~^^
  File "C:\Python313\Lib\asyncio\proactor_events.py", line 109, in close
    self._loop.call_soon(self._call_connection_lost, None)
    ~~~~~~~~~~~~~~~~~~~~^^^^^^^^^^^^^^^^^^^^^^^^^^^^^^^^^^
  File "C:\Python313\Lib\asyncio\base_events.py", line 828, in call_soon
    self._check_closed()
    ~~~~~~~~~~~~~~~~~~^^
  File "C:\Python313\Lib\asyncio\base_events.py", line 551, in _check_closed
    raise RuntimeError('Event loop is closed')
RuntimeError: Event loop is closed
INFO:regular_website_pipeline:  🤖 Starting DeepSeek analysis...
INFO:simple_llm_analysis:  ⏳ Initializing DeepSeek client...
INFO:simple_llm_analysis:  ⏱️ DeepSeek client initialized in 1.49 seconds
INFO:httpx:HTTP Request: POST https://api.deepseek.com/chat/completions "HTTP/1.1 200 OK"
INFO:regular_website_pipeline:  ✓ Analysis complete. Found 1 opportunities.
ERROR:asyncio:Task exception was never retrieved
future: <Task finished name='Task-110' coro=<AsyncClient.aclose() done, defined at C:\Users\jimcr\AppData\Roaming\Python\Python313\site-packages\httpx\_client.py:1996> exception=RuntimeError('Event loop is closed')>
Traceback (most recent call last):
  File "C:\Users\jimcr\AppData\Roaming\Python\Python313\site-packages\httpx\_client.py", line 2003, in aclose
    await self._transport.aclose()
  File "C:\Users\jimcr\AppData\Roaming\Python\Python313\site-packages\httpx\_transports\default.py", line 383, in aclose
    await self._pool.aclose()
  File "C:\Users\jimcr\AppData\Roaming\Python\Python313\site-packages\httpcore\_async\connection_pool.py", line 353, in aclose
    await self._close_connections(closing_connections)
  File "C:\Users\jimcr\AppData\Roaming\Python\Python313\site-packages\httpcore\_async\connection_pool.py", line 345, in _close_connections
    await connection.aclose()
  File "C:\Users\jimcr\AppData\Roaming\Python\Python313\site-packages\httpcore\_async\connection.py", line 173, in aclose
    await self._connection.aclose()
  File "C:\Users\jimcr\AppData\Roaming\Python\Python313\site-packages\httpcore\_async\http11.py", line 258, in aclose
    await self._network_stream.aclose()
  File "C:\Users\jimcr\AppData\Roaming\Python\Python313\site-packages\httpcore\_backends\anyio.py", line 53, in aclose
    await self._stream.aclose()
  File "C:\Users\jimcr\AppData\Roaming\Python\Python313\site-packages\anyio\streams\tls.py", line 236, in aclose
    await self.transport_stream.aclose()
  File "C:\Users\jimcr\AppData\Roaming\Python\Python313\site-packages\anyio\_backends\_asyncio.py", line 1344, in aclose
    self._transport.close()
    ~~~~~~~~~~~~~~~~~~~~~^^
  File "C:\Python313\Lib\asyncio\proactor_events.py", line 109, in close
    self._loop.call_soon(self._call_connection_lost, None)
    ~~~~~~~~~~~~~~~~~~~~^^^^^^^^^^^^^^^^^^^^^^^^^^^^^^^^^^
  File "C:\Python313\Lib\asyncio\base_events.py", line 828, in call_soon
    self._check_closed()
    ~~~~~~~~~~~~~~~~~~^^
  File "C:\Python313\Lib\asyncio\base_events.py", line 551, in _check_closed
    raise RuntimeError('Event loop is closed')
RuntimeError: Event loop is closed
INFO:regular_website_pipeline:  🤖 Starting DeepSeek analysis...
INFO:simple_llm_analysis:  ⏳ Initializing DeepSeek client...
INFO:simple_llm_analysis:  ⏱️ DeepSeek client initialized in 2.00 seconds
INFO:httpx:HTTP Request: POST https://api.deepseek.com/chat/completions "HTTP/1.1 200 OK"
INFO:regular_website_pipeline:  ✓ Analysis complete. Found 1 opportunities.
ERROR:asyncio:Task exception was never retrieved
future: <Task finished name='Task-141' coro=<AsyncClient.aclose() done, defined at C:\Users\jimcr\AppData\Roaming\Python\Python313\site-packages\httpx\_client.py:1996> exception=RuntimeError('Event loop is closed')>
Traceback (most recent call last):
  File "C:\Users\jimcr\AppData\Roaming\Python\Python313\site-packages\httpx\_client.py", line 2003, in aclose
    await self._transport.aclose()
  File "C:\Users\jimcr\AppData\Roaming\Python\Python313\site-packages\httpx\_transports\default.py", line 383, in aclose
    await self._pool.aclose()
  File "C:\Users\jimcr\AppData\Roaming\Python\Python313\site-packages\httpcore\_async\connection_pool.py", line 353, in aclose
    await self._close_connections(closing_connections)
  File "C:\Users\jimcr\AppData\Roaming\Python\Python313\site-packages\httpcore\_async\connection_pool.py", line 345, in _close_connections
    await connection.aclose()
  File "C:\Users\jimcr\AppData\Roaming\Python\Python313\site-packages\httpcore\_async\connection.py", line 173, in aclose
    await self._connection.aclose()
  File "C:\Users\jimcr\AppData\Roaming\Python\Python313\site-packages\httpcore\_async\http11.py", line 258, in aclose
    await self._network_stream.aclose()
  File "C:\Users\jimcr\AppData\Roaming\Python\Python313\site-packages\httpcore\_backends\anyio.py", line 53, in aclose
    await self._stream.aclose()
  File "C:\Users\jimcr\AppData\Roaming\Python\Python313\site-packages\anyio\streams\tls.py", line 236, in aclose
    await self.transport_stream.aclose()
  File "C:\Users\jimcr\AppData\Roaming\Python\Python313\site-packages\anyio\_backends\_asyncio.py", line 1344, in aclose
    self._transport.close()
    ~~~~~~~~~~~~~~~~~~~~~^^
  File "C:\Python313\Lib\asyncio\proactor_events.py", line 109, in close
    self._loop.call_soon(self._call_connection_lost, None)
    ~~~~~~~~~~~~~~~~~~~~^^^^^^^^^^^^^^^^^^^^^^^^^^^^^^^^^^
  File "C:\Python313\Lib\asyncio\base_events.py", line 828, in call_soon
    self._check_closed()
    ~~~~~~~~~~~~~~~~~~^^
  File "C:\Python313\Lib\asyncio\base_events.py", line 551, in _check_closed
    raise RuntimeError('Event loop is closed')
RuntimeError: Event loop is closed
ERROR:asyncio:Task exception was never retrieved
future: <Task finished name='Task-145' coro=<AsyncClient.aclose() done, defined at C:\Users\jimcr\AppData\Roaming\Python\Python313\site-packages\httpx\_client.py:1996> exception=RuntimeError('Event loop is closed')>
Traceback (most recent call last):
  File "C:\Users\jimcr\AppData\Roaming\Python\Python313\site-packages\httpx\_client.py", line 2003, in aclose
    await self._transport.aclose()
  File "C:\Users\jimcr\AppData\Roaming\Python\Python313\site-packages\httpx\_transports\default.py", line 383, in aclose
    await self._pool.aclose()
  File "C:\Users\jimcr\AppData\Roaming\Python\Python313\site-packages\httpcore\_async\connection_pool.py", line 353, in aclose
    await self._close_connections(closing_connections)
  File "C:\Users\jimcr\AppData\Roaming\Python\Python313\site-packages\httpcore\_async\connection_pool.py", line 345, in _close_connections
    await connection.aclose()
  File "C:\Users\jimcr\AppData\Roaming\Python\Python313\site-packages\httpcore\_async\connection.py", line 173, in aclose
    await self._connection.aclose()
  File "C:\Users\jimcr\AppData\Roaming\Python\Python313\site-packages\httpcore\_async\http11.py", line 258, in aclose
    await self._network_stream.aclose()
  File "C:\Users\jimcr\AppData\Roaming\Python\Python313\site-packages\httpcore\_backends\anyio.py", line 53, in aclose
    await self._stream.aclose()
  File "C:\Users\jimcr\AppData\Roaming\Python\Python313\site-packages\anyio\streams\tls.py", line 236, in aclose
    await self.transport_stream.aclose()
  File "C:\Users\jimcr\AppData\Roaming\Python\Python313\site-packages\anyio\_backends\_asyncio.py", line 1344, in aclose
    self._transport.close()
    ~~~~~~~~~~~~~~~~~~~~~^^
  File "C:\Python313\Lib\asyncio\proactor_events.py", line 109, in close
    self._loop.call_soon(self._call_connection_lost, None)
    ~~~~~~~~~~~~~~~~~~~~^^^^^^^^^^^^^^^^^^^^^^^^^^^^^^^^^^
  File "C:\Python313\Lib\asyncio\base_events.py", line 828, in call_soon
    self._check_closed()
    ~~~~~~~~~~~~~~~~~~^^
  File "C:\Python313\Lib\asyncio\base_events.py", line 551, in _check_closed
    raise RuntimeError('Event loop is closed')
RuntimeError: Event loop is closed
INFO:regular_website_pipeline:  🤖 Starting DeepSeek analysis...
INFO:simple_llm_analysis:  ⏳ Initializing DeepSeek client...
INFO:simple_llm_analysis:  ⏱️ DeepSeek client initialized in 2.22 seconds
INFO:httpx:HTTP Request: POST https://api.deepseek.com/chat/completions "HTTP/1.1 200 OK"
INFO:regular_website_pipeline:  ✓ Analysis complete. Found 1 opportunities.
ERROR:asyncio:Task exception was never retrieved
future: <Task finished name='Task-166' coro=<AsyncClient.aclose() done, defined at C:\Users\jimcr\AppData\Roaming\Python\Python313\site-packages\httpx\_client.py:1996> exception=RuntimeError('Event loop is closed')>
Traceback (most recent call last):
  File "C:\Users\jimcr\AppData\Roaming\Python\Python313\site-packages\httpx\_client.py", line 2003, in aclose
    await self._transport.aclose()
  File "C:\Users\jimcr\AppData\Roaming\Python\Python313\site-packages\httpx\_transports\default.py", line 383, in aclose
    await self._pool.aclose()
  File "C:\Users\jimcr\AppData\Roaming\Python\Python313\site-packages\httpcore\_async\connection_pool.py", line 353, in aclose
    await self._close_connections(closing_connections)
  File "C:\Users\jimcr\AppData\Roaming\Python\Python313\site-packages\httpcore\_async\connection_pool.py", line 345, in _close_connections
    await connection.aclose()
  File "C:\Users\jimcr\AppData\Roaming\Python\Python313\site-packages\httpcore\_async\connection.py", line 173, in aclose
    await self._connection.aclose()
  File "C:\Users\jimcr\AppData\Roaming\Python\Python313\site-packages\httpcore\_async\http11.py", line 258, in aclose
    await self._network_stream.aclose()
  File "C:\Users\jimcr\AppData\Roaming\Python\Python313\site-packages\httpcore\_backends\anyio.py", line 53, in aclose
    await self._stream.aclose()
  File "C:\Users\jimcr\AppData\Roaming\Python\Python313\site-packages\anyio\streams\tls.py", line 236, in aclose
    await self.transport_stream.aclose()
  File "C:\Users\jimcr\AppData\Roaming\Python\Python313\site-packages\anyio\_backends\_asyncio.py", line 1344, in aclose
    self._transport.close()
    ~~~~~~~~~~~~~~~~~~~~~^^
  File "C:\Python313\Lib\asyncio\proactor_events.py", line 109, in close
    self._loop.call_soon(self._call_connection_lost, None)
    ~~~~~~~~~~~~~~~~~~~~^^^^^^^^^^^^^^^^^^^^^^^^^^^^^^^^^^
  File "C:\Python313\Lib\asyncio\base_events.py", line 828, in call_soon
    self._check_closed()
    ~~~~~~~~~~~~~~~~~~^^
  File "C:\Python313\Lib\asyncio\base_events.py", line 551, in _check_closed
    raise RuntimeError('Event loop is closed')
RuntimeError: Event loop is closed
INFO:regular_website_pipeline:  🤖 Starting DeepSeek analysis...
INFO:simple_llm_analysis:  ⏳ Initializing DeepSeek client...
INFO:simple_llm_analysis:  ⏱️ DeepSeek client initialized in 1.21 seconds
INFO:httpx:HTTP Request: POST https://api.deepseek.com/chat/completions "HTTP/1.1 200 OK"
INFO:regular_website_pipeline:  ✓ Analysis complete. Found 2 opportunities.
ERROR:asyncio:Task exception was never retrieved
future: <Task finished name='Task-190' coro=<AsyncClient.aclose() done, defined at C:\Users\jimcr\AppData\Roaming\Python\Python313\site-packages\httpx\_client.py:1996> exception=RuntimeError('Event loop is closed')>
Traceback (most recent call last):
  File "C:\Users\jimcr\AppData\Roaming\Python\Python313\site-packages\httpx\_client.py", line 2003, in aclose
    await self._transport.aclose()
  File "C:\Users\jimcr\AppData\Roaming\Python\Python313\site-packages\httpx\_transports\default.py", line 383, in aclose
    await self._pool.aclose()
  File "C:\Users\jimcr\AppData\Roaming\Python\Python313\site-packages\httpcore\_async\connection_pool.py", line 353, in aclose
    await self._close_connections(closing_connections)
  File "C:\Users\jimcr\AppData\Roaming\Python\Python313\site-packages\httpcore\_async\connection_pool.py", line 345, in _close_connections
    await connection.aclose()
  File "C:\Users\jimcr\AppData\Roaming\Python\Python313\site-packages\httpcore\_async\connection.py", line 173, in aclose
    await self._connection.aclose()
  File "C:\Users\jimcr\AppData\Roaming\Python\Python313\site-packages\httpcore\_async\http11.py", line 258, in aclose
    await self._network_stream.aclose()
  File "C:\Users\jimcr\AppData\Roaming\Python\Python313\site-packages\httpcore\_backends\anyio.py", line 53, in aclose
    await self._stream.aclose()
  File "C:\Users\jimcr\AppData\Roaming\Python\Python313\site-packages\anyio\streams\tls.py", line 236, in aclose
    await self.transport_stream.aclose()
  File "C:\Users\jimcr\AppData\Roaming\Python\Python313\site-packages\anyio\_backends\_asyncio.py", line 1344, in aclose
    self._transport.close()
    ~~~~~~~~~~~~~~~~~~~~~^^
  File "C:\Python313\Lib\asyncio\proactor_events.py", line 109, in close
    self._loop.call_soon(self._call_connection_lost, None)
    ~~~~~~~~~~~~~~~~~~~~^^^^^^^^^^^^^^^^^^^^^^^^^^^^^^^^^^
  File "C:\Python313\Lib\asyncio\base_events.py", line 828, in call_soon
    self._check_closed()
    ~~~~~~~~~~~~~~~~~~^^
  File "C:\Python313\Lib\asyncio\base_events.py", line 551, in _check_closed
    raise RuntimeError('Event loop is closed')
RuntimeError: Event loop is closed
INFO:regular_website_pipeline:  🤖 Starting DeepSeek analysis...
INFO:simple_llm_analysis:  ⏳ Initializing DeepSeek client...
INFO:simple_llm_analysis:  ⏱️ DeepSeek client initialized in 2.10 seconds
INFO:httpx:HTTP Request: POST https://api.deepseek.com/chat/completions "HTTP/1.1 200 OK"
INFO:regular_website_pipeline:  ✓ Analysis complete. Found 1 opportunities.
ERROR:asyncio:Task exception was never retrieved
future: <Task finished name='Task-221' coro=<AsyncClient.aclose() done, defined at C:\Users\jimcr\AppData\Roaming\Python\Python313\site-packages\httpx\_client.py:1996> exception=RuntimeError('Event loop is closed')>
Traceback (most recent call last):
  File "C:\Users\jimcr\AppData\Roaming\Python\Python313\site-packages\httpx\_client.py", line 2003, in aclose
    await self._transport.aclose()
  File "C:\Users\jimcr\AppData\Roaming\Python\Python313\site-packages\httpx\_transports\default.py", line 383, in aclose
    await self._pool.aclose()
  File "C:\Users\jimcr\AppData\Roaming\Python\Python313\site-packages\httpcore\_async\connection_pool.py", line 353, in aclose
    await self._close_connections(closing_connections)
  File "C:\Users\jimcr\AppData\Roaming\Python\Python313\site-packages\httpcore\_async\connection_pool.py", line 345, in _close_connections
    await connection.aclose()
  File "C:\Users\jimcr\AppData\Roaming\Python\Python313\site-packages\httpcore\_async\connection.py", line 173, in aclose
    await self._connection.aclose()
  File "C:\Users\jimcr\AppData\Roaming\Python\Python313\site-packages\httpcore\_async\http11.py", line 258, in aclose
    await self._network_stream.aclose()
  File "C:\Users\jimcr\AppData\Roaming\Python\Python313\site-packages\httpcore\_backends\anyio.py", line 53, in aclose
    await self._stream.aclose()
  File "C:\Users\jimcr\AppData\Roaming\Python\Python313\site-packages\anyio\streams\tls.py", line 236, in aclose
    await self.transport_stream.aclose()
  File "C:\Users\jimcr\AppData\Roaming\Python\Python313\site-packages\anyio\_backends\_asyncio.py", line 1344, in aclose
    self._transport.close()
    ~~~~~~~~~~~~~~~~~~~~~^^
  File "C:\Python313\Lib\asyncio\proactor_events.py", line 109, in close
    self._loop.call_soon(self._call_connection_lost, None)
    ~~~~~~~~~~~~~~~~~~~~^^^^^^^^^^^^^^^^^^^^^^^^^^^^^^^^^^
  File "C:\Python313\Lib\asyncio\base_events.py", line 828, in call_soon
    self._check_closed()
    ~~~~~~~~~~~~~~~~~~^^
  File "C:\Python313\Lib\asyncio\base_events.py", line 551, in _check_closed
    raise RuntimeError('Event loop is closed')
RuntimeError: Event loop is closed
INFO:regular_website_pipeline:  🤖 Starting DeepSeek analysis...
INFO:simple_llm_analysis:  ⏳ Initializing DeepSeek client...
INFO:simple_llm_analysis:  ⏱️ DeepSeek client initialized in 1.97 seconds
INFO:httpx:HTTP Request: POST https://api.deepseek.com/chat/completions "HTTP/1.1 200 OK"
INFO:regular_website_pipeline:  ✓ Analysis complete. Found 2 opportunities.
ERROR:asyncio:Task exception was never retrieved
future: <Task finished name='Task-252' coro=<AsyncClient.aclose() done, defined at C:\Users\jimcr\AppData\Roaming\Python\Python313\site-packages\httpx\_client.py:1996> exception=RuntimeError('Event loop is closed')>
Traceback (most recent call last):
  File "C:\Users\jimcr\AppData\Roaming\Python\Python313\site-packages\httpx\_client.py", line 2003, in aclose
    await self._transport.aclose()
  File "C:\Users\jimcr\AppData\Roaming\Python\Python313\site-packages\httpx\_transports\default.py", line 383, in aclose
    await self._pool.aclose()
  File "C:\Users\jimcr\AppData\Roaming\Python\Python313\site-packages\httpcore\_async\connection_pool.py", line 353, in aclose
    await self._close_connections(closing_connections)
  File "C:\Users\jimcr\AppData\Roaming\Python\Python313\site-packages\httpcore\_async\connection_pool.py", line 345, in _close_connections
    await connection.aclose()
  File "C:\Users\jimcr\AppData\Roaming\Python\Python313\site-packages\httpcore\_async\connection.py", line 173, in aclose
    await self._connection.aclose()
  File "C:\Users\jimcr\AppData\Roaming\Python\Python313\site-packages\httpcore\_async\http11.py", line 258, in aclose
    await self._network_stream.aclose()
  File "C:\Users\jimcr\AppData\Roaming\Python\Python313\site-packages\httpcore\_backends\anyio.py", line 53, in aclose
    await self._stream.aclose()
  File "C:\Users\jimcr\AppData\Roaming\Python\Python313\site-packages\anyio\streams\tls.py", line 236, in aclose
    await self.transport_stream.aclose()
  File "C:\Users\jimcr\AppData\Roaming\Python\Python313\site-packages\anyio\_backends\_asyncio.py", line 1344, in aclose
    self._transport.close()
    ~~~~~~~~~~~~~~~~~~~~~^^
  File "C:\Python313\Lib\asyncio\proactor_events.py", line 109, in close
    self._loop.call_soon(self._call_connection_lost, None)
    ~~~~~~~~~~~~~~~~~~~~^^^^^^^^^^^^^^^^^^^^^^^^^^^^^^^^^^
  File "C:\Python313\Lib\asyncio\base_events.py", line 828, in call_soon
    self._check_closed()
    ~~~~~~~~~~~~~~~~~~^^
  File "C:\Python313\Lib\asyncio\base_events.py", line 551, in _check_closed
    raise RuntimeError('Event loop is closed')
RuntimeError: Event loop is closed
INFO:regular_website_pipeline:  🤖 Starting DeepSeek analysis...
INFO:simple_llm_analysis:  ⏳ Initializing DeepSeek client...
INFO:simple_llm_analysis:  ⏱️ DeepSeek client initialized in 2.05 seconds
INFO:httpx:HTTP Request: POST https://api.deepseek.com/chat/completions "HTTP/1.1 200 OK"
INFO:regular_website_pipeline:  ✓ Analysis complete. Found 0 opportunities.
ERROR:asyncio:Task exception was never retrieved
future: <Task finished name='Task-277' coro=<AsyncClient.aclose() done, defined at C:\Users\jimcr\AppData\Roaming\Python\Python313\site-packages\httpx\_client.py:1996> exception=RuntimeError('Event loop is closed')>
Traceback (most recent call last):
  File "C:\Users\jimcr\AppData\Roaming\Python\Python313\site-packages\httpx\_client.py", line 2003, in aclose
    await self._transport.aclose()
  File "C:\Users\jimcr\AppData\Roaming\Python\Python313\site-packages\httpx\_transports\default.py", line 383, in aclose
    await self._pool.aclose()
  File "C:\Users\jimcr\AppData\Roaming\Python\Python313\site-packages\httpcore\_async\connection_pool.py", line 353, in aclose
    await self._close_connections(closing_connections)
  File "C:\Users\jimcr\AppData\Roaming\Python\Python313\site-packages\httpcore\_async\connection_pool.py", line 345, in _close_connections
    await connection.aclose()
  File "C:\Users\jimcr\AppData\Roaming\Python\Python313\site-packages\httpcore\_async\connection.py", line 173, in aclose
    await self._connection.aclose()
  File "C:\Users\jimcr\AppData\Roaming\Python\Python313\site-packages\httpcore\_async\http11.py", line 258, in aclose
    await self._network_stream.aclose()
  File "C:\Users\jimcr\AppData\Roaming\Python\Python313\site-packages\httpcore\_backends\anyio.py", line 53, in aclose
    await self._stream.aclose()
  File "C:\Users\jimcr\AppData\Roaming\Python\Python313\site-packages\anyio\streams\tls.py", line 236, in aclose
    await self.transport_stream.aclose()
  File "C:\Users\jimcr\AppData\Roaming\Python\Python313\site-packages\anyio\_backends\_asyncio.py", line 1344, in aclose
    self._transport.close()
    ~~~~~~~~~~~~~~~~~~~~~^^
  File "C:\Python313\Lib\asyncio\proactor_events.py", line 109, in close
    self._loop.call_soon(self._call_connection_lost, None)
    ~~~~~~~~~~~~~~~~~~~~^^^^^^^^^^^^^^^^^^^^^^^^^^^^^^^^^^
  File "C:\Python313\Lib\asyncio\base_events.py", line 828, in call_soon
    self._check_closed()
    ~~~~~~~~~~~~~~~~~~^^
  File "C:\Python313\Lib\asyncio\base_events.py", line 551, in _check_closed
    raise RuntimeError('Event loop is closed')
RuntimeError: Event loop is closed
INFO:regular_website_pipeline:  🤖 Starting DeepSeek analysis...
INFO:simple_llm_analysis:  ⏳ Initializing DeepSeek client...
INFO:simple_llm_analysis:  ⏱️ DeepSeek client initialized in 1.58 seconds
INFO:httpx:HTTP Request: POST https://api.deepseek.com/chat/completions "HTTP/1.1 200 OK"
INFO:regular_website_pipeline:  ✓ Analysis complete. Found 0 opportunities.
ERROR:asyncio:Task exception was never retrieved
future: <Task finished name='Task-301' coro=<AsyncClient.aclose() done, defined at C:\Users\jimcr\AppData\Roaming\Python\Python313\site-packages\httpx\_client.py:1996> exception=RuntimeError('Event loop is closed')>
Traceback (most recent call last):
  File "C:\Users\jimcr\AppData\Roaming\Python\Python313\site-packages\httpx\_client.py", line 2003, in aclose
    await self._transport.aclose()
  File "C:\Users\jimcr\AppData\Roaming\Python\Python313\site-packages\httpx\_transports\default.py", line 383, in aclose
    await self._pool.aclose()
  File "C:\Users\jimcr\AppData\Roaming\Python\Python313\site-packages\httpcore\_async\connection_pool.py", line 353, in aclose
    await self._close_connections(closing_connections)
  File "C:\Users\jimcr\AppData\Roaming\Python\Python313\site-packages\httpcore\_async\connection_pool.py", line 345, in _close_connections
    await connection.aclose()
  File "C:\Users\jimcr\AppData\Roaming\Python\Python313\site-packages\httpcore\_async\connection.py", line 173, in aclose
    await self._connection.aclose()
  File "C:\Users\jimcr\AppData\Roaming\Python\Python313\site-packages\httpcore\_async\http11.py", line 258, in aclose
    await self._network_stream.aclose()
  File "C:\Users\jimcr\AppData\Roaming\Python\Python313\site-packages\httpcore\_backends\anyio.py", line 53, in aclose
    await self._stream.aclose()
  File "C:\Users\jimcr\AppData\Roaming\Python\Python313\site-packages\anyio\streams\tls.py", line 236, in aclose
    await self.transport_stream.aclose()
  File "C:\Users\jimcr\AppData\Roaming\Python\Python313\site-packages\anyio\_backends\_asyncio.py", line 1344, in aclose
    self._transport.close()
    ~~~~~~~~~~~~~~~~~~~~~^^
  File "C:\Python313\Lib\asyncio\proactor_events.py", line 109, in close
    self._loop.call_soon(self._call_connection_lost, None)
    ~~~~~~~~~~~~~~~~~~~~^^^^^^^^^^^^^^^^^^^^^^^^^^^^^^^^^^
  File "C:\Python313\Lib\asyncio\base_events.py", line 828, in call_soon
    self._check_closed()
    ~~~~~~~~~~~~~~~~~~^^
  File "C:\Python313\Lib\asyncio\base_events.py", line 551, in _check_closed
    raise RuntimeError('Event loop is closed')
RuntimeError: Event loop is closed
INFO:regular_website_pipeline:  🤖 Starting DeepSeek analysis...
INFO:simple_llm_analysis:  ⏳ Initializing DeepSeek client...
INFO:simple_llm_analysis:  ⏱️ DeepSeek client initialized in 1.94 seconds
INFO:httpx:HTTP Request: POST https://api.deepseek.com/chat/completions "HTTP/1.1 200 OK"
INFO:regular_website_pipeline:  ✓ Analysis complete. Found 0 opportunities.
ERROR:asyncio:Task exception was never retrieved
future: <Task finished name='Task-325' coro=<AsyncClient.aclose() done, defined at C:\Users\jimcr\AppData\Roaming\Python\Python313\site-packages\httpx\_client.py:1996> exception=RuntimeError('Event loop is closed')>
Traceback (most recent call last):
  File "C:\Users\jimcr\AppData\Roaming\Python\Python313\site-packages\httpx\_client.py", line 2003, in aclose
    await self._transport.aclose()
  File "C:\Users\jimcr\AppData\Roaming\Python\Python313\site-packages\httpx\_transports\default.py", line 383, in aclose
    await self._pool.aclose()
  File "C:\Users\jimcr\AppData\Roaming\Python\Python313\site-packages\httpcore\_async\connection_pool.py", line 353, in aclose
    await self._close_connections(closing_connections)
  File "C:\Users\jimcr\AppData\Roaming\Python\Python313\site-packages\httpcore\_async\connection_pool.py", line 345, in _close_connections
    await connection.aclose()
  File "C:\Users\jimcr\AppData\Roaming\Python\Python313\site-packages\httpcore\_async\connection.py", line 173, in aclose
    await self._connection.aclose()
  File "C:\Users\jimcr\AppData\Roaming\Python\Python313\site-packages\httpcore\_async\http11.py", line 258, in aclose
    await self._network_stream.aclose()
  File "C:\Users\jimcr\AppData\Roaming\Python\Python313\site-packages\httpcore\_backends\anyio.py", line 53, in aclose
    await self._stream.aclose()
  File "C:\Users\jimcr\AppData\Roaming\Python\Python313\site-packages\anyio\streams\tls.py", line 236, in aclose
    await self.transport_stream.aclose()
  File "C:\Users\jimcr\AppData\Roaming\Python\Python313\site-packages\anyio\_backends\_asyncio.py", line 1344, in aclose
    self._transport.close()
    ~~~~~~~~~~~~~~~~~~~~~^^
  File "C:\Python313\Lib\asyncio\proactor_events.py", line 109, in close
    self._loop.call_soon(self._call_connection_lost, None)
    ~~~~~~~~~~~~~~~~~~~~^^^^^^^^^^^^^^^^^^^^^^^^^^^^^^^^^^
  File "C:\Python313\Lib\asyncio\base_events.py", line 828, in call_soon
    self._check_closed()
    ~~~~~~~~~~~~~~~~~~^^
  File "C:\Python313\Lib\asyncio\base_events.py", line 551, in _check_closed
    raise RuntimeError('Event loop is closed')
RuntimeError: Event loop is closed
INFO:regular_website_pipeline:  🤖 Starting DeepSeek analysis...
INFO:simple_llm_analysis:  ⏳ Initializing DeepSeek client...
INFO:simple_llm_analysis:  ⏱️ DeepSeek client initialized in 1.59 seconds
INFO:httpx:HTTP Request: POST https://api.deepseek.com/chat/completions "HTTP/1.1 200 OK"
INFO:regular_website_pipeline:  ✓ Analysis complete. Found 1 opportunities.
ERROR:asyncio:Task exception was never retrieved
future: <Task finished name='Task-356' coro=<AsyncClient.aclose() done, defined at C:\Users\jimcr\AppData\Roaming\Python\Python313\site-packages\httpx\_client.py:1996> exception=RuntimeError('Event loop is closed')>
Traceback (most recent call last):
  File "C:\Users\jimcr\AppData\Roaming\Python\Python313\site-packages\httpx\_client.py", line 2003, in aclose
    await self._transport.aclose()
  File "C:\Users\jimcr\AppData\Roaming\Python\Python313\site-packages\httpx\_transports\default.py", line 383, in aclose
    await self._pool.aclose()
  File "C:\Users\jimcr\AppData\Roaming\Python\Python313\site-packages\httpcore\_async\connection_pool.py", line 353, in aclose
    await self._close_connections(closing_connections)
  File "C:\Users\jimcr\AppData\Roaming\Python\Python313\site-packages\httpcore\_async\connection_pool.py", line 345, in _close_connections
    await connection.aclose()
  File "C:\Users\jimcr\AppData\Roaming\Python\Python313\site-packages\httpcore\_async\connection.py", line 173, in aclose
    await self._connection.aclose()
  File "C:\Users\jimcr\AppData\Roaming\Python\Python313\site-packages\httpcore\_async\http11.py", line 258, in aclose
    await self._network_stream.aclose()
  File "C:\Users\jimcr\AppData\Roaming\Python\Python313\site-packages\httpcore\_backends\anyio.py", line 53, in aclose
    await self._stream.aclose()
  File "C:\Users\jimcr\AppData\Roaming\Python\Python313\site-packages\anyio\streams\tls.py", line 236, in aclose
    await self.transport_stream.aclose()
  File "C:\Users\jimcr\AppData\Roaming\Python\Python313\site-packages\anyio\_backends\_asyncio.py", line 1344, in aclose
    self._transport.close()
    ~~~~~~~~~~~~~~~~~~~~~^^
  File "C:\Python313\Lib\asyncio\proactor_events.py", line 109, in close
    self._loop.call_soon(self._call_connection_lost, None)
    ~~~~~~~~~~~~~~~~~~~~^^^^^^^^^^^^^^^^^^^^^^^^^^^^^^^^^^
  File "C:\Python313\Lib\asyncio\base_events.py", line 828, in call_soon
    self._check_closed()
    ~~~~~~~~~~~~~~~~~~^^
  File "C:\Python313\Lib\asyncio\base_events.py", line 551, in _check_closed
    raise RuntimeError('Event loop is closed')
RuntimeError: Event loop is closed
INFO:regular_website_pipeline:  🤖 Starting DeepSeek analysis...
INFO:simple_llm_analysis:  ⏳ Initializing DeepSeek client...
INFO:simple_llm_analysis:  ⏱️ DeepSeek client initialized in 2.69 seconds
INFO:httpx:HTTP Request: POST https://api.deepseek.com/chat/completions "HTTP/1.1 200 OK"
INFO:regular_website_pipeline:  ✓ Analysis complete. Found 7 opportunities.
ERROR:asyncio:Task exception was never retrieved
future: <Task finished name='Task-387' coro=<AsyncClient.aclose() done, defined at C:\Users\jimcr\AppData\Roaming\Python\Python313\site-packages\httpx\_client.py:1996> exception=RuntimeError('Event loop is closed')>
Traceback (most recent call last):
  File "C:\Users\jimcr\AppData\Roaming\Python\Python313\site-packages\httpx\_client.py", line 2003, in aclose
    await self._transport.aclose()
  File "C:\Users\jimcr\AppData\Roaming\Python\Python313\site-packages\httpx\_transports\default.py", line 383, in aclose
    await self._pool.aclose()
  File "C:\Users\jimcr\AppData\Roaming\Python\Python313\site-packages\httpcore\_async\connection_pool.py", line 353, in aclose
    await self._close_connections(closing_connections)
  File "C:\Users\jimcr\AppData\Roaming\Python\Python313\site-packages\httpcore\_async\connection_pool.py", line 345, in _close_connections
    await connection.aclose()
  File "C:\Users\jimcr\AppData\Roaming\Python\Python313\site-packages\httpcore\_async\connection.py", line 173, in aclose
    await self._connection.aclose()
  File "C:\Users\jimcr\AppData\Roaming\Python\Python313\site-packages\httpcore\_async\http11.py", line 258, in aclose
    await self._network_stream.aclose()
  File "C:\Users\jimcr\AppData\Roaming\Python\Python313\site-packages\httpcore\_backends\anyio.py", line 53, in aclose
    await self._stream.aclose()
  File "C:\Users\jimcr\AppData\Roaming\Python\Python313\site-packages\anyio\streams\tls.py", line 236, in aclose
    await self.transport_stream.aclose()
  File "C:\Users\jimcr\AppData\Roaming\Python\Python313\site-packages\anyio\_backends\_asyncio.py", line 1344, in aclose
    self._transport.close()
    ~~~~~~~~~~~~~~~~~~~~~^^
  File "C:\Python313\Lib\asyncio\proactor_events.py", line 109, in close
    self._loop.call_soon(self._call_connection_lost, None)
    ~~~~~~~~~~~~~~~~~~~~^^^^^^^^^^^^^^^^^^^^^^^^^^^^^^^^^^
  File "C:\Python313\Lib\asyncio\base_events.py", line 828, in call_soon
    self._check_closed()
    ~~~~~~~~~~~~~~~~~~^^
  File "C:\Python313\Lib\asyncio\base_events.py", line 551, in _check_closed
    raise RuntimeError('Event loop is closed')
RuntimeError: Event loop is closed
INFO:regular_website_pipeline:  🤖 Starting DeepSeek analysis...
INFO:simple_llm_analysis:  ⏳ Initializing DeepSeek client...
INFO:simple_llm_analysis:  ⏱️ DeepSeek client initialized in 1.97 seconds
INFO:httpx:HTTP Request: POST https://api.deepseek.com/chat/completions "HTTP/1.1 200 OK"
INFO:regular_website_pipeline:  ✓ Analysis complete. Found 0 opportunities.
ERROR:asyncio:Task exception was never retrieved
future: <Task finished name='Task-418' coro=<AsyncClient.aclose() done, defined at C:\Users\jimcr\AppData\Roaming\Python\Python313\site-packages\httpx\_client.py:1996> exception=RuntimeError('Event loop is closed')>
Traceback (most recent call last):
  File "C:\Users\jimcr\AppData\Roaming\Python\Python313\site-packages\httpx\_client.py", line 2003, in aclose
    await self._transport.aclose()
  File "C:\Users\jimcr\AppData\Roaming\Python\Python313\site-packages\httpx\_transports\default.py", line 383, in aclose
    await self._pool.aclose()
  File "C:\Users\jimcr\AppData\Roaming\Python\Python313\site-packages\httpcore\_async\connection_pool.py", line 353, in aclose
    await self._close_connections(closing_connections)
  File "C:\Users\jimcr\AppData\Roaming\Python\Python313\site-packages\httpcore\_async\connection_pool.py", line 345, in _close_connections
    await connection.aclose()
  File "C:\Users\jimcr\AppData\Roaming\Python\Python313\site-packages\httpcore\_async\connection.py", line 173, in aclose
    await self._connection.aclose()
  File "C:\Users\jimcr\AppData\Roaming\Python\Python313\site-packages\httpcore\_async\http11.py", line 258, in aclose
    await self._network_stream.aclose()
  File "C:\Users\jimcr\AppData\Roaming\Python\Python313\site-packages\httpcore\_backends\anyio.py", line 53, in aclose
    await self._stream.aclose()
  File "C:\Users\jimcr\AppData\Roaming\Python\Python313\site-packages\anyio\streams\tls.py", line 236, in aclose
    await self.transport_stream.aclose()
  File "C:\Users\jimcr\AppData\Roaming\Python\Python313\site-packages\anyio\_backends\_asyncio.py", line 1344, in aclose
    self._transport.close()
    ~~~~~~~~~~~~~~~~~~~~~^^
  File "C:\Python313\Lib\asyncio\proactor_events.py", line 109, in close
    self._loop.call_soon(self._call_connection_lost, None)
    ~~~~~~~~~~~~~~~~~~~~^^^^^^^^^^^^^^^^^^^^^^^^^^^^^^^^^^
  File "C:\Python313\Lib\asyncio\base_events.py", line 828, in call_soon
    self._check_closed()
    ~~~~~~~~~~~~~~~~~~^^
  File "C:\Python313\Lib\asyncio\base_events.py", line 551, in _check_closed
    raise RuntimeError('Event loop is closed')
RuntimeError: Event loop is closed
INFO:regular_website_pipeline:  🤖 Starting DeepSeek analysis...
INFO:simple_llm_analysis:  ⏳ Initializing DeepSeek client...
INFO:simple_llm_analysis:  ⏱️ DeepSeek client initialized in 2.25 seconds
INFO:httpx:HTTP Request: POST https://api.deepseek.com/chat/completions "HTTP/1.1 200 OK"
INFO:regular_website_pipeline:  ✓ Analysis complete. Found 0 opportunities.
ERROR:asyncio:Task exception was never retrieved
future: <Task finished name='Task-449' coro=<AsyncClient.aclose() done, defined at C:\Users\jimcr\AppData\Roaming\Python\Python313\site-packages\httpx\_client.py:1996> exception=RuntimeError('Event loop is closed')>
Traceback (most recent call last):
  File "C:\Users\jimcr\AppData\Roaming\Python\Python313\site-packages\httpx\_client.py", line 2003, in aclose
    await self._transport.aclose()
  File "C:\Users\jimcr\AppData\Roaming\Python\Python313\site-packages\httpx\_transports\default.py", line 383, in aclose
    await self._pool.aclose()
  File "C:\Users\jimcr\AppData\Roaming\Python\Python313\site-packages\httpcore\_async\connection_pool.py", line 353, in aclose
    await self._close_connections(closing_connections)
  File "C:\Users\jimcr\AppData\Roaming\Python\Python313\site-packages\httpcore\_async\connection_pool.py", line 345, in _close_connections
    await connection.aclose()
  File "C:\Users\jimcr\AppData\Roaming\Python\Python313\site-packages\httpcore\_async\connection.py", line 173, in aclose
    await self._connection.aclose()
  File "C:\Users\jimcr\AppData\Roaming\Python\Python313\site-packages\httpcore\_async\http11.py", line 258, in aclose
    await self._network_stream.aclose()
  File "C:\Users\jimcr\AppData\Roaming\Python\Python313\site-packages\httpcore\_backends\anyio.py", line 53, in aclose
    await self._stream.aclose()
  File "C:\Users\jimcr\AppData\Roaming\Python\Python313\site-packages\anyio\streams\tls.py", line 236, in aclose
    await self.transport_stream.aclose()
  File "C:\Users\jimcr\AppData\Roaming\Python\Python313\site-packages\anyio\_backends\_asyncio.py", line 1344, in aclose
    self._transport.close()
    ~~~~~~~~~~~~~~~~~~~~~^^
  File "C:\Python313\Lib\asyncio\proactor_events.py", line 109, in close
    self._loop.call_soon(self._call_connection_lost, None)
    ~~~~~~~~~~~~~~~~~~~~^^^^^^^^^^^^^^^^^^^^^^^^^^^^^^^^^^
  File "C:\Python313\Lib\asyncio\base_events.py", line 828, in call_soon
    self._check_closed()
    ~~~~~~~~~~~~~~~~~~^^
  File "C:\Python313\Lib\asyncio\base_events.py", line 551, in _check_closed
    raise RuntimeError('Event loop is closed')
RuntimeError: Event loop is closed
INFO:regular_website_pipeline:  🤖 Starting DeepSeek analysis...
INFO:simple_llm_analysis:  ⏳ Initializing DeepSeek client...
INFO:simple_llm_analysis:  ⏱️ DeepSeek client initialized in 2.20 seconds
INFO:httpx:HTTP Request: POST https://api.deepseek.com/chat/completions "HTTP/1.1 200 OK"
INFO:regular_website_pipeline:  ✓ Analysis complete. Found 3 opportunities.
ERROR:asyncio:Task exception was never retrieved
future: <Task finished name='Task-480' coro=<AsyncClient.aclose() done, defined at C:\Users\jimcr\AppData\Roaming\Python\Python313\site-packages\httpx\_client.py:1996> exception=RuntimeError('Event loop is closed')>
Traceback (most recent call last):
  File "C:\Users\jimcr\AppData\Roaming\Python\Python313\site-packages\httpx\_client.py", line 2003, in aclose
    await self._transport.aclose()
  File "C:\Users\jimcr\AppData\Roaming\Python\Python313\site-packages\httpx\_transports\default.py", line 383, in aclose
    await self._pool.aclose()
  File "C:\Users\jimcr\AppData\Roaming\Python\Python313\site-packages\httpcore\_async\connection_pool.py", line 353, in aclose
    await self._close_connections(closing_connections)
  File "C:\Users\jimcr\AppData\Roaming\Python\Python313\site-packages\httpcore\_async\connection_pool.py", line 345, in _close_connections
    await connection.aclose()
  File "C:\Users\jimcr\AppData\Roaming\Python\Python313\site-packages\httpcore\_async\connection.py", line 173, in aclose
    await self._connection.aclose()
  File "C:\Users\jimcr\AppData\Roaming\Python\Python313\site-packages\httpcore\_async\http11.py", line 258, in aclose
    await self._network_stream.aclose()
  File "C:\Users\jimcr\AppData\Roaming\Python\Python313\site-packages\httpcore\_backends\anyio.py", line 53, in aclose
    await self._stream.aclose()
  File "C:\Users\jimcr\AppData\Roaming\Python\Python313\site-packages\anyio\streams\tls.py", line 236, in aclose
    await self.transport_stream.aclose()
  File "C:\Users\jimcr\AppData\Roaming\Python\Python313\site-packages\anyio\_backends\_asyncio.py", line 1344, in aclose
    self._transport.close()
    ~~~~~~~~~~~~~~~~~~~~~^^
  File "C:\Python313\Lib\asyncio\proactor_events.py", line 109, in close
    self._loop.call_soon(self._call_connection_lost, None)
    ~~~~~~~~~~~~~~~~~~~~^^^^^^^^^^^^^^^^^^^^^^^^^^^^^^^^^^
  File "C:\Python313\Lib\asyncio\base_events.py", line 828, in call_soon
    self._check_closed()
    ~~~~~~~~~~~~~~~~~~^^
  File "C:\Python313\Lib\asyncio\base_events.py", line 551, in _check_closed
    raise RuntimeError('Event loop is closed')
RuntimeError: Event loop is closed
INFO:regular_website_pipeline:  🤖 Starting DeepSeek analysis...
INFO:simple_llm_analysis:  ⏳ Initializing DeepSeek client...
INFO:simple_llm_analysis:  ⏱️ DeepSeek client initialized in 1.46 seconds
INFO:httpx:HTTP Request: POST https://api.deepseek.com/chat/completions "HTTP/1.1 200 OK"
INFO:regular_website_pipeline:  ✓ Analysis complete. Found 2 opportunities.
ERROR:asyncio:Task exception was never retrieved
future: <Task finished name='Task-504' coro=<AsyncClient.aclose() done, defined at C:\Users\jimcr\AppData\Roaming\Python\Python313\site-packages\httpx\_client.py:1996> exception=RuntimeError('Event loop is closed')>
Traceback (most recent call last):
  File "C:\Users\jimcr\AppData\Roaming\Python\Python313\site-packages\httpx\_client.py", line 2003, in aclose
    await self._transport.aclose()
  File "C:\Users\jimcr\AppData\Roaming\Python\Python313\site-packages\httpx\_transports\default.py", line 383, in aclose
    await self._pool.aclose()
  File "C:\Users\jimcr\AppData\Roaming\Python\Python313\site-packages\httpcore\_async\connection_pool.py", line 353, in aclose
    await self._close_connections(closing_connections)
  File "C:\Users\jimcr\AppData\Roaming\Python\Python313\site-packages\httpcore\_async\connection_pool.py", line 345, in _close_connections
    await connection.aclose()
  File "C:\Users\jimcr\AppData\Roaming\Python\Python313\site-packages\httpcore\_async\connection.py", line 173, in aclose
    await self._connection.aclose()
  File "C:\Users\jimcr\AppData\Roaming\Python\Python313\site-packages\httpcore\_async\http11.py", line 258, in aclose
    await self._network_stream.aclose()
  File "C:\Users\jimcr\AppData\Roaming\Python\Python313\site-packages\httpcore\_backends\anyio.py", line 53, in aclose
    await self._stream.aclose()
  File "C:\Users\jimcr\AppData\Roaming\Python\Python313\site-packages\anyio\streams\tls.py", line 236, in aclose
    await self.transport_stream.aclose()
  File "C:\Users\jimcr\AppData\Roaming\Python\Python313\site-packages\anyio\_backends\_asyncio.py", line 1344, in aclose
    self._transport.close()
    ~~~~~~~~~~~~~~~~~~~~~^^
  File "C:\Python313\Lib\asyncio\proactor_events.py", line 109, in close
    self._loop.call_soon(self._call_connection_lost, None)
    ~~~~~~~~~~~~~~~~~~~~^^^^^^^^^^^^^^^^^^^^^^^^^^^^^^^^^^
  File "C:\Python313\Lib\asyncio\base_events.py", line 828, in call_soon
    self._check_closed()
    ~~~~~~~~~~~~~~~~~~^^
  File "C:\Python313\Lib\asyncio\base_events.py", line 551, in _check_closed
    raise RuntimeError('Event loop is closed')
RuntimeError: Event loop is closed
INFO:regular_website_pipeline:  🤖 Starting DeepSeek analysis...
INFO:simple_llm_analysis:  ⏳ Initializing DeepSeek client...
INFO:simple_llm_analysis:  ⏱️ DeepSeek client initialized in 1.32 seconds
INFO:httpx:HTTP Request: POST https://api.deepseek.com/chat/completions "HTTP/1.1 200 OK"
INFO:regular_website_pipeline:  ✓ Analysis complete. Found 1 opportunities.
ERROR:asyncio:Task exception was never retrieved
future: <Task finished name='Task-528' coro=<AsyncClient.aclose() done, defined at C:\Users\jimcr\AppData\Roaming\Python\Python313\site-packages\httpx\_client.py:1996> exception=RuntimeError('Event loop is closed')>
Traceback (most recent call last):
  File "C:\Users\jimcr\AppData\Roaming\Python\Python313\site-packages\httpx\_client.py", line 2003, in aclose
    await self._transport.aclose()
  File "C:\Users\jimcr\AppData\Roaming\Python\Python313\site-packages\httpx\_transports\default.py", line 383, in aclose
    await self._pool.aclose()
  File "C:\Users\jimcr\AppData\Roaming\Python\Python313\site-packages\httpcore\_async\connection_pool.py", line 353, in aclose
    await self._close_connections(closing_connections)
  File "C:\Users\jimcr\AppData\Roaming\Python\Python313\site-packages\httpcore\_async\connection_pool.py", line 345, in _close_connections
    await connection.aclose()
  File "C:\Users\jimcr\AppData\Roaming\Python\Python313\site-packages\httpcore\_async\connection.py", line 173, in aclose
    await self._connection.aclose()
  File "C:\Users\jimcr\AppData\Roaming\Python\Python313\site-packages\httpcore\_async\http11.py", line 258, in aclose
    await self._network_stream.aclose()
  File "C:\Users\jimcr\AppData\Roaming\Python\Python313\site-packages\httpcore\_backends\anyio.py", line 53, in aclose
    await self._stream.aclose()
  File "C:\Users\jimcr\AppData\Roaming\Python\Python313\site-packages\anyio\streams\tls.py", line 236, in aclose
    await self.transport_stream.aclose()
  File "C:\Users\jimcr\AppData\Roaming\Python\Python313\site-packages\anyio\_backends\_asyncio.py", line 1344, in aclose
    self._transport.close()
    ~~~~~~~~~~~~~~~~~~~~~^^
  File "C:\Python313\Lib\asyncio\proactor_events.py", line 109, in close
    self._loop.call_soon(self._call_connection_lost, None)
    ~~~~~~~~~~~~~~~~~~~~^^^^^^^^^^^^^^^^^^^^^^^^^^^^^^^^^^
  File "C:\Python313\Lib\asyncio\base_events.py", line 828, in call_soon
    self._check_closed()
    ~~~~~~~~~~~~~~~~~~^^
  File "C:\Python313\Lib\asyncio\base_events.py", line 551, in _check_closed
    raise RuntimeError('Event loop is closed')
RuntimeError: Event loop is closed
INFO:regular_website_pipeline:  🤖 Starting DeepSeek analysis...
INFO:simple_llm_analysis:  ⏳ Initializing DeepSeek client...
INFO:simple_llm_analysis:  ⏱️ DeepSeek client initialized in 1.49 seconds
INFO:httpx:HTTP Request: POST https://api.deepseek.com/chat/completions "HTTP/1.1 200 OK"
INFO:regular_website_pipeline:  ✓ Analysis complete. Found 1 opportunities.
ERROR:asyncio:Task exception was never retrieved
future: <Task finished name='Task-552' coro=<AsyncClient.aclose() done, defined at C:\Users\jimcr\AppData\Roaming\Python\Python313\site-packages\httpx\_client.py:1996> exception=RuntimeError('Event loop is closed')>
Traceback (most recent call last):
  File "C:\Users\jimcr\AppData\Roaming\Python\Python313\site-packages\httpx\_client.py", line 2003, in aclose
    await self._transport.aclose()
  File "C:\Users\jimcr\AppData\Roaming\Python\Python313\site-packages\httpx\_transports\default.py", line 383, in aclose
    await self._pool.aclose()
  File "C:\Users\jimcr\AppData\Roaming\Python\Python313\site-packages\httpcore\_async\connection_pool.py", line 353, in aclose
    await self._close_connections(closing_connections)
  File "C:\Users\jimcr\AppData\Roaming\Python\Python313\site-packages\httpcore\_async\connection_pool.py", line 345, in _close_connections
    await connection.aclose()
  File "C:\Users\jimcr\AppData\Roaming\Python\Python313\site-packages\httpcore\_async\connection.py", line 173, in aclose
    await self._connection.aclose()
  File "C:\Users\jimcr\AppData\Roaming\Python\Python313\site-packages\httpcore\_async\http11.py", line 258, in aclose
    await self._network_stream.aclose()
  File "C:\Users\jimcr\AppData\Roaming\Python\Python313\site-packages\httpcore\_backends\anyio.py", line 53, in aclose
    await self._stream.aclose()
  File "C:\Users\jimcr\AppData\Roaming\Python\Python313\site-packages\anyio\streams\tls.py", line 236, in aclose
    await self.transport_stream.aclose()
  File "C:\Users\jimcr\AppData\Roaming\Python\Python313\site-packages\anyio\_backends\_asyncio.py", line 1344, in aclose
    self._transport.close()
    ~~~~~~~~~~~~~~~~~~~~~^^
  File "C:\Python313\Lib\asyncio\proactor_events.py", line 109, in close
    self._loop.call_soon(self._call_connection_lost, None)
    ~~~~~~~~~~~~~~~~~~~~^^^^^^^^^^^^^^^^^^^^^^^^^^^^^^^^^^
  File "C:\Python313\Lib\asyncio\base_events.py", line 828, in call_soon
    self._check_closed()
    ~~~~~~~~~~~~~~~~~~^^
  File "C:\Python313\Lib\asyncio\base_events.py", line 551, in _check_closed
    raise RuntimeError('Event loop is closed')
RuntimeError: Event loop is closed
INFO:regular_website_pipeline:  🤖 Starting DeepSeek analysis...
INFO:simple_llm_analysis:  ⏳ Initializing DeepSeek client...
INFO:simple_llm_analysis:  ⏱️ DeepSeek client initialized in 2.20 seconds
INFO:httpx:HTTP Request: POST https://api.deepseek.com/chat/completions "HTTP/1.1 200 OK"
INFO:regular_website_pipeline:  ✓ Analysis complete. Found 1 opportunities.
ERROR:asyncio:Task exception was never retrieved
future: <Task finished name='Task-576' coro=<AsyncClient.aclose() done, defined at C:\Users\jimcr\AppData\Roaming\Python\Python313\site-packages\httpx\_client.py:1996> exception=RuntimeError('Event loop is closed')>
Traceback (most recent call last):
  File "C:\Users\jimcr\AppData\Roaming\Python\Python313\site-packages\httpx\_client.py", line 2003, in aclose
    await self._transport.aclose()
  File "C:\Users\jimcr\AppData\Roaming\Python\Python313\site-packages\httpx\_transports\default.py", line 383, in aclose
    await self._pool.aclose()
  File "C:\Users\jimcr\AppData\Roaming\Python\Python313\site-packages\httpcore\_async\connection_pool.py", line 353, in aclose
    await self._close_connections(closing_connections)
  File "C:\Users\jimcr\AppData\Roaming\Python\Python313\site-packages\httpcore\_async\connection_pool.py", line 345, in _close_connections
    await connection.aclose()
  File "C:\Users\jimcr\AppData\Roaming\Python\Python313\site-packages\httpcore\_async\connection.py", line 173, in aclose
    await self._connection.aclose()
  File "C:\Users\jimcr\AppData\Roaming\Python\Python313\site-packages\httpcore\_async\http11.py", line 258, in aclose
    await self._network_stream.aclose()
  File "C:\Users\jimcr\AppData\Roaming\Python\Python313\site-packages\httpcore\_backends\anyio.py", line 53, in aclose
    await self._stream.aclose()
  File "C:\Users\jimcr\AppData\Roaming\Python\Python313\site-packages\anyio\streams\tls.py", line 236, in aclose
    await self.transport_stream.aclose()
  File "C:\Users\jimcr\AppData\Roaming\Python\Python313\site-packages\anyio\_backends\_asyncio.py", line 1344, in aclose
    self._transport.close()
    ~~~~~~~~~~~~~~~~~~~~~^^
  File "C:\Python313\Lib\asyncio\proactor_events.py", line 109, in close
    self._loop.call_soon(self._call_connection_lost, None)
    ~~~~~~~~~~~~~~~~~~~~^^^^^^^^^^^^^^^^^^^^^^^^^^^^^^^^^^
  File "C:\Python313\Lib\asyncio\base_events.py", line 828, in call_soon
    self._check_closed()
    ~~~~~~~~~~~~~~~~~~^^
  File "C:\Python313\Lib\asyncio\base_events.py", line 551, in _check_closed
    raise RuntimeError('Event loop is closed')
RuntimeError: Event loop is closed
INFO:regular_website_pipeline:  🤖 Starting DeepSeek analysis...
INFO:simple_llm_analysis:  ⏳ Initializing DeepSeek client...
INFO:simple_llm_analysis:  ⏱️ DeepSeek client initialized in 1.40 seconds
INFO:httpx:HTTP Request: POST https://api.deepseek.com/chat/completions "HTTP/1.1 200 OK"
INFO:regular_website_pipeline:  ✓ Analysis complete. Found 0 opportunities.
ERROR:asyncio:Task exception was never retrieved
future: <Task finished name='Task-599' coro=<AsyncClient.aclose() done, defined at C:\Users\jimcr\AppData\Roaming\Python\Python313\site-packages\httpx\_client.py:1996> exception=RuntimeError('Event loop is closed')>
Traceback (most recent call last):
  File "C:\Users\jimcr\AppData\Roaming\Python\Python313\site-packages\httpx\_client.py", line 2003, in aclose
    await self._transport.aclose()
  File "C:\Users\jimcr\AppData\Roaming\Python\Python313\site-packages\httpx\_transports\default.py", line 383, in aclose
    await self._pool.aclose()
  File "C:\Users\jimcr\AppData\Roaming\Python\Python313\site-packages\httpcore\_async\connection_pool.py", line 353, in aclose
    await self._close_connections(closing_connections)
  File "C:\Users\jimcr\AppData\Roaming\Python\Python313\site-packages\httpcore\_async\connection_pool.py", line 345, in _close_connections
    await connection.aclose()
  File "C:\Users\jimcr\AppData\Roaming\Python\Python313\site-packages\httpcore\_async\connection.py", line 173, in aclose
    await self._connection.aclose()
  File "C:\Users\jimcr\AppData\Roaming\Python\Python313\site-packages\httpcore\_async\http11.py", line 258, in aclose
    await self._network_stream.aclose()
  File "C:\Users\jimcr\AppData\Roaming\Python\Python313\site-packages\httpcore\_backends\anyio.py", line 53, in aclose
    await self._stream.aclose()
  File "C:\Users\jimcr\AppData\Roaming\Python\Python313\site-packages\anyio\streams\tls.py", line 236, in aclose
    await self.transport_stream.aclose()
  File "C:\Users\jimcr\AppData\Roaming\Python\Python313\site-packages\anyio\_backends\_asyncio.py", line 1344, in aclose
    self._transport.close()
    ~~~~~~~~~~~~~~~~~~~~~^^
  File "C:\Python313\Lib\asyncio\proactor_events.py", line 109, in close
    self._loop.call_soon(self._call_connection_lost, None)
    ~~~~~~~~~~~~~~~~~~~~^^^^^^^^^^^^^^^^^^^^^^^^^^^^^^^^^^
  File "C:\Python313\Lib\asyncio\base_events.py", line 828, in call_soon
    self._check_closed()
    ~~~~~~~~~~~~~~~~~~^^
  File "C:\Python313\Lib\asyncio\base_events.py", line 551, in _check_closed
    raise RuntimeError('Event loop is closed')
RuntimeError: Event loop is closed
INFO:regular_website_pipeline:  🤖 Starting DeepSeek analysis...
INFO:simple_llm_analysis:  ⏳ Initializing DeepSeek client...
INFO:simple_llm_analysis:  ⏱️ DeepSeek client initialized in 1.34 seconds
INFO:httpx:HTTP Request: POST https://api.deepseek.com/chat/completions "HTTP/1.1 200 OK"
INFO:regular_website_pipeline:  ✓ Analysis complete. Found 3 opportunities.
ERROR:asyncio:Task exception was never retrieved
future: <Task finished name='Task-630' coro=<AsyncClient.aclose() done, defined at C:\Users\jimcr\AppData\Roaming\Python\Python313\site-packages\httpx\_client.py:1996> exception=RuntimeError('Event loop is closed')>
Traceback (most recent call last):
  File "C:\Users\jimcr\AppData\Roaming\Python\Python313\site-packages\httpx\_client.py", line 2003, in aclose
    await self._transport.aclose()
  File "C:\Users\jimcr\AppData\Roaming\Python\Python313\site-packages\httpx\_transports\default.py", line 383, in aclose
    await self._pool.aclose()
  File "C:\Users\jimcr\AppData\Roaming\Python\Python313\site-packages\httpcore\_async\connection_pool.py", line 353, in aclose
    await self._close_connections(closing_connections)
  File "C:\Users\jimcr\AppData\Roaming\Python\Python313\site-packages\httpcore\_async\connection_pool.py", line 345, in _close_connections
    await connection.aclose()
  File "C:\Users\jimcr\AppData\Roaming\Python\Python313\site-packages\httpcore\_async\connection.py", line 173, in aclose
    await self._connection.aclose()
  File "C:\Users\jimcr\AppData\Roaming\Python\Python313\site-packages\httpcore\_async\http11.py", line 258, in aclose
    await self._network_stream.aclose()
  File "C:\Users\jimcr\AppData\Roaming\Python\Python313\site-packages\httpcore\_backends\anyio.py", line 53, in aclose
    await self._stream.aclose()
  File "C:\Users\jimcr\AppData\Roaming\Python\Python313\site-packages\anyio\streams\tls.py", line 236, in aclose
    await self.transport_stream.aclose()
  File "C:\Users\jimcr\AppData\Roaming\Python\Python313\site-packages\anyio\_backends\_asyncio.py", line 1344, in aclose
    self._transport.close()
    ~~~~~~~~~~~~~~~~~~~~~^^
  File "C:\Python313\Lib\asyncio\proactor_events.py", line 109, in close
    self._loop.call_soon(self._call_connection_lost, None)
    ~~~~~~~~~~~~~~~~~~~~^^^^^^^^^^^^^^^^^^^^^^^^^^^^^^^^^^
  File "C:\Python313\Lib\asyncio\base_events.py", line 828, in call_soon
    self._check_closed()
    ~~~~~~~~~~~~~~~~~~^^
  File "C:\Python313\Lib\asyncio\base_events.py", line 551, in _check_closed
    raise RuntimeError('Event loop is closed')
RuntimeError: Event loop is closed
INFO:regular_website_pipeline:  🤖 Starting DeepSeek analysis...
INFO:simple_llm_analysis:  ⏳ Initializing DeepSeek client...
INFO:simple_llm_analysis:  ⏱️ DeepSeek client initialized in 1.24 seconds
INFO:httpx:HTTP Request: POST https://api.deepseek.com/chat/completions "HTTP/1.1 200 OK"
INFO:regular_website_pipeline:  ✓ Analysis complete. Found 0 opportunities.
ERROR:asyncio:Task exception was never retrieved
future: <Task finished name='Task-654' coro=<AsyncClient.aclose() done, defined at C:\Users\jimcr\AppData\Roaming\Python\Python313\site-packages\httpx\_client.py:1996> exception=RuntimeError('Event loop is closed')>
Traceback (most recent call last):
  File "C:\Users\jimcr\AppData\Roaming\Python\Python313\site-packages\httpx\_client.py", line 2003, in aclose
    await self._transport.aclose()
  File "C:\Users\jimcr\AppData\Roaming\Python\Python313\site-packages\httpx\_transports\default.py", line 383, in aclose
    await self._pool.aclose()
  File "C:\Users\jimcr\AppData\Roaming\Python\Python313\site-packages\httpcore\_async\connection_pool.py", line 353, in aclose
    await self._close_connections(closing_connections)
  File "C:\Users\jimcr\AppData\Roaming\Python\Python313\site-packages\httpcore\_async\connection_pool.py", line 345, in _close_connections
    await connection.aclose()
  File "C:\Users\jimcr\AppData\Roaming\Python\Python313\site-packages\httpcore\_async\connection.py", line 173, in aclose
    await self._connection.aclose()
  File "C:\Users\jimcr\AppData\Roaming\Python\Python313\site-packages\httpcore\_async\http11.py", line 258, in aclose
    await self._network_stream.aclose()
  File "C:\Users\jimcr\AppData\Roaming\Python\Python313\site-packages\httpcore\_backends\anyio.py", line 53, in aclose
    await self._stream.aclose()
  File "C:\Users\jimcr\AppData\Roaming\Python\Python313\site-packages\anyio\streams\tls.py", line 236, in aclose
    await self.transport_stream.aclose()
  File "C:\Users\jimcr\AppData\Roaming\Python\Python313\site-packages\anyio\_backends\_asyncio.py", line 1344, in aclose
    self._transport.close()
    ~~~~~~~~~~~~~~~~~~~~~^^
  File "C:\Python313\Lib\asyncio\proactor_events.py", line 109, in close
    self._loop.call_soon(self._call_connection_lost, None)
    ~~~~~~~~~~~~~~~~~~~~^^^^^^^^^^^^^^^^^^^^^^^^^^^^^^^^^^
  File "C:\Python313\Lib\asyncio\base_events.py", line 828, in call_soon
    self._check_closed()
    ~~~~~~~~~~~~~~~~~~^^
  File "C:\Python313\Lib\asyncio\base_events.py", line 551, in _check_closed
    raise RuntimeError('Event loop is closed')
RuntimeError: Event loop is closed
INFO:regular_website_pipeline:  🤖 Starting DeepSeek analysis...
INFO:simple_llm_analysis:  ⏳ Initializing DeepSeek client...
INFO:simple_llm_analysis:  ⏱️ DeepSeek client initialized in 1.53 seconds
INFO:httpx:HTTP Request: POST https://api.deepseek.com/chat/completions "HTTP/1.1 200 OK"
INFO:regular_website_pipeline:  ✓ Analysis complete. Found 3 opportunities.
ERROR:asyncio:Task exception was never retrieved
future: <Task finished name='Task-685' coro=<AsyncClient.aclose() done, defined at C:\Users\jimcr\AppData\Roaming\Python\Python313\site-packages\httpx\_client.py:1996> exception=RuntimeError('Event loop is closed')>
Traceback (most recent call last):
  File "C:\Users\jimcr\AppData\Roaming\Python\Python313\site-packages\httpx\_client.py", line 2003, in aclose
    await self._transport.aclose()
  File "C:\Users\jimcr\AppData\Roaming\Python\Python313\site-packages\httpx\_transports\default.py", line 383, in aclose
    await self._pool.aclose()
  File "C:\Users\jimcr\AppData\Roaming\Python\Python313\site-packages\httpcore\_async\connection_pool.py", line 353, in aclose
    await self._close_connections(closing_connections)
  File "C:\Users\jimcr\AppData\Roaming\Python\Python313\site-packages\httpcore\_async\connection_pool.py", line 345, in _close_connections
    await connection.aclose()
  File "C:\Users\jimcr\AppData\Roaming\Python\Python313\site-packages\httpcore\_async\connection.py", line 173, in aclose
    await self._connection.aclose()
  File "C:\Users\jimcr\AppData\Roaming\Python\Python313\site-packages\httpcore\_async\http11.py", line 258, in aclose
    await self._network_stream.aclose()
  File "C:\Users\jimcr\AppData\Roaming\Python\Python313\site-packages\httpcore\_backends\anyio.py", line 53, in aclose
    await self._stream.aclose()
  File "C:\Users\jimcr\AppData\Roaming\Python\Python313\site-packages\anyio\streams\tls.py", line 236, in aclose
    await self.transport_stream.aclose()
  File "C:\Users\jimcr\AppData\Roaming\Python\Python313\site-packages\anyio\_backends\_asyncio.py", line 1344, in aclose
    self._transport.close()
    ~~~~~~~~~~~~~~~~~~~~~^^
  File "C:\Python313\Lib\asyncio\proactor_events.py", line 109, in close
    self._loop.call_soon(self._call_connection_lost, None)
    ~~~~~~~~~~~~~~~~~~~~^^^^^^^^^^^^^^^^^^^^^^^^^^^^^^^^^^
  File "C:\Python313\Lib\asyncio\base_events.py", line 828, in call_soon
    self._check_closed()
    ~~~~~~~~~~~~~~~~~~^^
  File "C:\Python313\Lib\asyncio\base_events.py", line 551, in _check_closed
    raise RuntimeError('Event loop is closed')
RuntimeError: Event loop is closed
INFO:regular_website_pipeline:  🤖 Starting DeepSeek analysis...
INFO:simple_llm_analysis:  ⏳ Initializing DeepSeek client...
INFO:simple_llm_analysis:  ⏱️ DeepSeek client initialized in 1.63 seconds
INFO:httpx:HTTP Request: POST https://api.deepseek.com/chat/completions "HTTP/1.1 200 OK"
INFO:regular_website_pipeline:  ✓ Analysis complete. Found 0 opportunities.
ERROR:asyncio:Task exception was never retrieved
future: <Task finished name='Task-716' coro=<AsyncClient.aclose() done, defined at C:\Users\jimcr\AppData\Roaming\Python\Python313\site-packages\httpx\_client.py:1996> exception=RuntimeError('Event loop is closed')>
Traceback (most recent call last):
  File "C:\Users\jimcr\AppData\Roaming\Python\Python313\site-packages\httpx\_client.py", line 2003, in aclose
    await self._transport.aclose()
  File "C:\Users\jimcr\AppData\Roaming\Python\Python313\site-packages\httpx\_transports\default.py", line 383, in aclose
    await self._pool.aclose()
  File "C:\Users\jimcr\AppData\Roaming\Python\Python313\site-packages\httpcore\_async\connection_pool.py", line 353, in aclose
    await self._close_connections(closing_connections)
  File "C:\Users\jimcr\AppData\Roaming\Python\Python313\site-packages\httpcore\_async\connection_pool.py", line 345, in _close_connections
    await connection.aclose()
  File "C:\Users\jimcr\AppData\Roaming\Python\Python313\site-packages\httpcore\_async\connection.py", line 173, in aclose
    await self._connection.aclose()
  File "C:\Users\jimcr\AppData\Roaming\Python\Python313\site-packages\httpcore\_async\http11.py", line 258, in aclose
    await self._network_stream.aclose()
  File "C:\Users\jimcr\AppData\Roaming\Python\Python313\site-packages\httpcore\_backends\anyio.py", line 53, in aclose
    await self._stream.aclose()
  File "C:\Users\jimcr\AppData\Roaming\Python\Python313\site-packages\anyio\streams\tls.py", line 236, in aclose
    await self.transport_stream.aclose()
  File "C:\Users\jimcr\AppData\Roaming\Python\Python313\site-packages\anyio\_backends\_asyncio.py", line 1344, in aclose
    self._transport.close()
    ~~~~~~~~~~~~~~~~~~~~~^^
  File "C:\Python313\Lib\asyncio\proactor_events.py", line 109, in close
    self._loop.call_soon(self._call_connection_lost, None)
    ~~~~~~~~~~~~~~~~~~~~^^^^^^^^^^^^^^^^^^^^^^^^^^^^^^^^^^
  File "C:\Python313\Lib\asyncio\base_events.py", line 828, in call_soon
    self._check_closed()
    ~~~~~~~~~~~~~~~~~~^^
  File "C:\Python313\Lib\asyncio\base_events.py", line 551, in _check_closed
    raise RuntimeError('Event loop is closed')
RuntimeError: Event loop is closed
INFO:regular_website_pipeline:  🤖 Starting DeepSeek analysis...
INFO:simple_llm_analysis:  ⏳ Initializing DeepSeek client...
INFO:simple_llm_analysis:  ⏱️ DeepSeek client initialized in 2.10 seconds
INFO:httpx:HTTP Request: POST https://api.deepseek.com/chat/completions "HTTP/1.1 200 OK"
INFO:regular_website_pipeline:  ✓ Analysis complete. Found 0 opportunities.
ERROR:asyncio:Task exception was never retrieved
future: <Task finished name='Task-747' coro=<AsyncClient.aclose() done, defined at C:\Users\jimcr\AppData\Roaming\Python\Python313\site-packages\httpx\_client.py:1996> exception=RuntimeError('Event loop is closed')>
Traceback (most recent call last):
  File "C:\Users\jimcr\AppData\Roaming\Python\Python313\site-packages\httpx\_client.py", line 2003, in aclose
    await self._transport.aclose()
  File "C:\Users\jimcr\AppData\Roaming\Python\Python313\site-packages\httpx\_transports\default.py", line 383, in aclose
    await self._pool.aclose()
  File "C:\Users\jimcr\AppData\Roaming\Python\Python313\site-packages\httpcore\_async\connection_pool.py", line 353, in aclose
    await self._close_connections(closing_connections)
  File "C:\Users\jimcr\AppData\Roaming\Python\Python313\site-packages\httpcore\_async\connection_pool.py", line 345, in _close_connections
    await connection.aclose()
  File "C:\Users\jimcr\AppData\Roaming\Python\Python313\site-packages\httpcore\_async\connection.py", line 173, in aclose
    await self._connection.aclose()
  File "C:\Users\jimcr\AppData\Roaming\Python\Python313\site-packages\httpcore\_async\http11.py", line 258, in aclose
    await self._network_stream.aclose()
  File "C:\Users\jimcr\AppData\Roaming\Python\Python313\site-packages\httpcore\_backends\anyio.py", line 53, in aclose
    await self._stream.aclose()
  File "C:\Users\jimcr\AppData\Roaming\Python\Python313\site-packages\anyio\streams\tls.py", line 236, in aclose
    await self.transport_stream.aclose()
  File "C:\Users\jimcr\AppData\Roaming\Python\Python313\site-packages\anyio\_backends\_asyncio.py", line 1344, in aclose
    self._transport.close()
    ~~~~~~~~~~~~~~~~~~~~~^^
  File "C:\Python313\Lib\asyncio\proactor_events.py", line 109, in close
    self._loop.call_soon(self._call_connection_lost, None)
    ~~~~~~~~~~~~~~~~~~~~^^^^^^^^^^^^^^^^^^^^^^^^^^^^^^^^^^
  File "C:\Python313\Lib\asyncio\base_events.py", line 828, in call_soon
    self._check_closed()
    ~~~~~~~~~~~~~~~~~~^^
  File "C:\Python313\Lib\asyncio\base_events.py", line 551, in _check_closed
    raise RuntimeError('Event loop is closed')
RuntimeError: Event loop is closed
INFO:regular_website_pipeline:  🤖 Starting DeepSeek analysis...
INFO:simple_llm_analysis:  ⏳ Initializing DeepSeek client...
INFO:simple_llm_analysis:  ⏱️ DeepSeek client initialized in 2.23 seconds
INFO:httpx:HTTP Request: POST https://api.deepseek.com/chat/completions "HTTP/1.1 200 OK"
INFO:regular_website_pipeline:  ✓ Analysis complete. Found 1 opportunities.
ERROR:asyncio:Task exception was never retrieved
future: <Task finished name='Task-778' coro=<AsyncClient.aclose() done, defined at C:\Users\jimcr\AppData\Roaming\Python\Python313\site-packages\httpx\_client.py:1996> exception=RuntimeError('Event loop is closed')>
Traceback (most recent call last):
  File "C:\Users\jimcr\AppData\Roaming\Python\Python313\site-packages\httpx\_client.py", line 2003, in aclose
    await self._transport.aclose()
  File "C:\Users\jimcr\AppData\Roaming\Python\Python313\site-packages\httpx\_transports\default.py", line 383, in aclose
    await self._pool.aclose()
  File "C:\Users\jimcr\AppData\Roaming\Python\Python313\site-packages\httpcore\_async\connection_pool.py", line 353, in aclose
    await self._close_connections(closing_connections)
  File "C:\Users\jimcr\AppData\Roaming\Python\Python313\site-packages\httpcore\_async\connection_pool.py", line 345, in _close_connections
    await connection.aclose()
  File "C:\Users\jimcr\AppData\Roaming\Python\Python313\site-packages\httpcore\_async\connection.py", line 173, in aclose
    await self._connection.aclose()
  File "C:\Users\jimcr\AppData\Roaming\Python\Python313\site-packages\httpcore\_async\http11.py", line 258, in aclose
    await self._network_stream.aclose()
  File "C:\Users\jimcr\AppData\Roaming\Python\Python313\site-packages\httpcore\_backends\anyio.py", line 53, in aclose
    await self._stream.aclose()
  File "C:\Users\jimcr\AppData\Roaming\Python\Python313\site-packages\anyio\streams\tls.py", line 236, in aclose
    await self.transport_stream.aclose()
  File "C:\Users\jimcr\AppData\Roaming\Python\Python313\site-packages\anyio\_backends\_asyncio.py", line 1344, in aclose
    self._transport.close()
    ~~~~~~~~~~~~~~~~~~~~~^^
  File "C:\Python313\Lib\asyncio\proactor_events.py", line 109, in close
    self._loop.call_soon(self._call_connection_lost, None)
    ~~~~~~~~~~~~~~~~~~~~^^^^^^^^^^^^^^^^^^^^^^^^^^^^^^^^^^
  File "C:\Python313\Lib\asyncio\base_events.py", line 828, in call_soon
    self._check_closed()
    ~~~~~~~~~~~~~~~~~~^^
  File "C:\Python313\Lib\asyncio\base_events.py", line 551, in _check_closed
    raise RuntimeError('Event loop is closed')
RuntimeError: Event loop is closed
INFO:regular_website_pipeline:  🤖 Starting DeepSeek analysis...
INFO:simple_llm_analysis:  ⏳ Initializing DeepSeek client...
INFO:simple_llm_analysis:  ⏱️ DeepSeek client initialized in 1.61 seconds
INFO:httpx:HTTP Request: POST https://api.deepseek.com/chat/completions "HTTP/1.1 200 OK"
INFO:regular_website_pipeline:  ✓ Analysis complete. Found 3 opportunities.
ERROR:asyncio:Task exception was never retrieved
future: <Task finished name='Task-809' coro=<AsyncClient.aclose() done, defined at C:\Users\jimcr\AppData\Roaming\Python\Python313\site-packages\httpx\_client.py:1996> exception=RuntimeError('Event loop is closed')>
Traceback (most recent call last):
  File "C:\Users\jimcr\AppData\Roaming\Python\Python313\site-packages\httpx\_client.py", line 2003, in aclose
    await self._transport.aclose()
  File "C:\Users\jimcr\AppData\Roaming\Python\Python313\site-packages\httpx\_transports\default.py", line 383, in aclose
    await self._pool.aclose()
  File "C:\Users\jimcr\AppData\Roaming\Python\Python313\site-packages\httpcore\_async\connection_pool.py", line 353, in aclose
    await self._close_connections(closing_connections)
  File "C:\Users\jimcr\AppData\Roaming\Python\Python313\site-packages\httpcore\_async\connection_pool.py", line 345, in _close_connections
    await connection.aclose()
  File "C:\Users\jimcr\AppData\Roaming\Python\Python313\site-packages\httpcore\_async\connection.py", line 173, in aclose
    await self._connection.aclose()
  File "C:\Users\jimcr\AppData\Roaming\Python\Python313\site-packages\httpcore\_async\http11.py", line 258, in aclose
    await self._network_stream.aclose()
  File "C:\Users\jimcr\AppData\Roaming\Python\Python313\site-packages\httpcore\_backends\anyio.py", line 53, in aclose
    await self._stream.aclose()
  File "C:\Users\jimcr\AppData\Roaming\Python\Python313\site-packages\anyio\streams\tls.py", line 236, in aclose
    await self.transport_stream.aclose()
  File "C:\Users\jimcr\AppData\Roaming\Python\Python313\site-packages\anyio\_backends\_asyncio.py", line 1344, in aclose
    self._transport.close()
    ~~~~~~~~~~~~~~~~~~~~~^^
  File "C:\Python313\Lib\asyncio\proactor_events.py", line 109, in close
    self._loop.call_soon(self._call_connection_lost, None)
    ~~~~~~~~~~~~~~~~~~~~^^^^^^^^^^^^^^^^^^^^^^^^^^^^^^^^^^
  File "C:\Python313\Lib\asyncio\base_events.py", line 828, in call_soon
    self._check_closed()
    ~~~~~~~~~~~~~~~~~~^^
  File "C:\Python313\Lib\asyncio\base_events.py", line 551, in _check_closed
    raise RuntimeError('Event loop is closed')
RuntimeError: Event loop is closed
INFO:regular_website_pipeline:  🤖 Starting DeepSeek analysis...
INFO:simple_llm_analysis:  ⏳ Initializing DeepSeek client...
INFO:simple_llm_analysis:  ⏱️ DeepSeek client initialized in 3.16 seconds
INFO:httpx:HTTP Request: POST https://api.deepseek.com/chat/completions "HTTP/1.1 200 OK"
INFO:regular_website_pipeline:  ✓ Analysis complete. Found 1 opportunities.
ERROR:asyncio:Task exception was never retrieved
future: <Task finished name='Task-833' coro=<AsyncClient.aclose() done, defined at C:\Users\jimcr\AppData\Roaming\Python\Python313\site-packages\httpx\_client.py:1996> exception=RuntimeError('Event loop is closed')>
Traceback (most recent call last):
  File "C:\Users\jimcr\AppData\Roaming\Python\Python313\site-packages\httpx\_client.py", line 2003, in aclose
    await self._transport.aclose()
  File "C:\Users\jimcr\AppData\Roaming\Python\Python313\site-packages\httpx\_transports\default.py", line 383, in aclose
    await self._pool.aclose()
  File "C:\Users\jimcr\AppData\Roaming\Python\Python313\site-packages\httpcore\_async\connection_pool.py", line 353, in aclose
    await self._close_connections(closing_connections)
  File "C:\Users\jimcr\AppData\Roaming\Python\Python313\site-packages\httpcore\_async\connection_pool.py", line 345, in _close_connections
    await connection.aclose()
  File "C:\Users\jimcr\AppData\Roaming\Python\Python313\site-packages\httpcore\_async\connection.py", line 173, in aclose
    await self._connection.aclose()
  File "C:\Users\jimcr\AppData\Roaming\Python\Python313\site-packages\httpcore\_async\http11.py", line 258, in aclose
    await self._network_stream.aclose()
  File "C:\Users\jimcr\AppData\Roaming\Python\Python313\site-packages\httpcore\_backends\anyio.py", line 53, in aclose
    await self._stream.aclose()
  File "C:\Users\jimcr\AppData\Roaming\Python\Python313\site-packages\anyio\streams\tls.py", line 236, in aclose
    await self.transport_stream.aclose()
  File "C:\Users\jimcr\AppData\Roaming\Python\Python313\site-packages\anyio\_backends\_asyncio.py", line 1344, in aclose
    self._transport.close()
    ~~~~~~~~~~~~~~~~~~~~~^^
  File "C:\Python313\Lib\asyncio\proactor_events.py", line 109, in close
    self._loop.call_soon(self._call_connection_lost, None)
    ~~~~~~~~~~~~~~~~~~~~^^^^^^^^^^^^^^^^^^^^^^^^^^^^^^^^^^
  File "C:\Python313\Lib\asyncio\base_events.py", line 828, in call_soon
    self._check_closed()
    ~~~~~~~~~~~~~~~~~~^^
  File "C:\Python313\Lib\asyncio\base_events.py", line 551, in _check_closed
    raise RuntimeError('Event loop is closed')
RuntimeError: Event loop is closed
INFO:regular_website_pipeline:  🤖 Starting DeepSeek analysis...
INFO:simple_llm_analysis:  ⏳ Initializing DeepSeek client...
INFO:simple_llm_analysis:  ⏱️ DeepSeek client initialized in 1.96 seconds
INFO:httpx:HTTP Request: POST https://api.deepseek.com/chat/completions "HTTP/1.1 200 OK"
INFO:regular_website_pipeline:  ✓ Analysis complete. Found 1 opportunities.
ERROR:asyncio:Task exception was never retrieved
future: <Task finished name='Task-864' coro=<AsyncClient.aclose() done, defined at C:\Users\jimcr\AppData\Roaming\Python\Python313\site-packages\httpx\_client.py:1996> exception=RuntimeError('Event loop is closed')>
Traceback (most recent call last):
  File "C:\Users\jimcr\AppData\Roaming\Python\Python313\site-packages\httpx\_client.py", line 2003, in aclose
    await self._transport.aclose()
  File "C:\Users\jimcr\AppData\Roaming\Python\Python313\site-packages\httpx\_transports\default.py", line 383, in aclose
    await self._pool.aclose()
  File "C:\Users\jimcr\AppData\Roaming\Python\Python313\site-packages\httpcore\_async\connection_pool.py", line 353, in aclose
    await self._close_connections(closing_connections)
  File "C:\Users\jimcr\AppData\Roaming\Python\Python313\site-packages\httpcore\_async\connection_pool.py", line 345, in _close_connections
    await connection.aclose()
  File "C:\Users\jimcr\AppData\Roaming\Python\Python313\site-packages\httpcore\_async\connection.py", line 173, in aclose
    await self._connection.aclose()
  File "C:\Users\jimcr\AppData\Roaming\Python\Python313\site-packages\httpcore\_async\http11.py", line 258, in aclose
    await self._network_stream.aclose()
  File "C:\Users\jimcr\AppData\Roaming\Python\Python313\site-packages\httpcore\_backends\anyio.py", line 53, in aclose
    await self._stream.aclose()
  File "C:\Users\jimcr\AppData\Roaming\Python\Python313\site-packages\anyio\streams\tls.py", line 236, in aclose
    await self.transport_stream.aclose()
  File "C:\Users\jimcr\AppData\Roaming\Python\Python313\site-packages\anyio\_backends\_asyncio.py", line 1344, in aclose
    self._transport.close()
    ~~~~~~~~~~~~~~~~~~~~~^^
  File "C:\Python313\Lib\asyncio\proactor_events.py", line 109, in close
    self._loop.call_soon(self._call_connection_lost, None)
    ~~~~~~~~~~~~~~~~~~~~^^^^^^^^^^^^^^^^^^^^^^^^^^^^^^^^^^
  File "C:\Python313\Lib\asyncio\base_events.py", line 828, in call_soon
    self._check_closed()
    ~~~~~~~~~~~~~~~~~~^^
  File "C:\Python313\Lib\asyncio\base_events.py", line 551, in _check_closed
    raise RuntimeError('Event loop is closed')
RuntimeError: Event loop is closed
INFO:regular_website_pipeline:  🤖 Starting DeepSeek analysis...
INFO:simple_llm_analysis:  ⏳ Initializing DeepSeek client...
INFO:simple_llm_analysis:  ⏱️ DeepSeek client initialized in 1.93 seconds
INFO:httpx:HTTP Request: POST https://api.deepseek.com/chat/completions "HTTP/1.1 200 OK"
INFO:regular_website_pipeline:  ✓ Analysis complete. Found 1 opportunities.
ERROR:asyncio:Task exception was never retrieved
future: <Task finished name='Task-888' coro=<AsyncClient.aclose() done, defined at C:\Users\jimcr\AppData\Roaming\Python\Python313\site-packages\httpx\_client.py:1996> exception=RuntimeError('Event loop is closed')>
Traceback (most recent call last):
  File "C:\Users\jimcr\AppData\Roaming\Python\Python313\site-packages\httpx\_client.py", line 2003, in aclose
    await self._transport.aclose()
  File "C:\Users\jimcr\AppData\Roaming\Python\Python313\site-packages\httpx\_transports\default.py", line 383, in aclose
    await self._pool.aclose()
  File "C:\Users\jimcr\AppData\Roaming\Python\Python313\site-packages\httpcore\_async\connection_pool.py", line 353, in aclose
    await self._close_connections(closing_connections)
  File "C:\Users\jimcr\AppData\Roaming\Python\Python313\site-packages\httpcore\_async\connection_pool.py", line 345, in _close_connections
    await connection.aclose()
  File "C:\Users\jimcr\AppData\Roaming\Python\Python313\site-packages\httpcore\_async\connection.py", line 173, in aclose
    await self._connection.aclose()
  File "C:\Users\jimcr\AppData\Roaming\Python\Python313\site-packages\httpcore\_async\http11.py", line 258, in aclose
    await self._network_stream.aclose()
  File "C:\Users\jimcr\AppData\Roaming\Python\Python313\site-packages\httpcore\_backends\anyio.py", line 53, in aclose
    await self._stream.aclose()
  File "C:\Users\jimcr\AppData\Roaming\Python\Python313\site-packages\anyio\streams\tls.py", line 236, in aclose
    await self.transport_stream.aclose()
  File "C:\Users\jimcr\AppData\Roaming\Python\Python313\site-packages\anyio\_backends\_asyncio.py", line 1344, in aclose
    self._transport.close()
    ~~~~~~~~~~~~~~~~~~~~~^^
  File "C:\Python313\Lib\asyncio\proactor_events.py", line 109, in close
    self._loop.call_soon(self._call_connection_lost, None)
    ~~~~~~~~~~~~~~~~~~~~^^^^^^^^^^^^^^^^^^^^^^^^^^^^^^^^^^
  File "C:\Python313\Lib\asyncio\base_events.py", line 828, in call_soon
    self._check_closed()
    ~~~~~~~~~~~~~~~~~~^^
  File "C:\Python313\Lib\asyncio\base_events.py", line 551, in _check_closed
    raise RuntimeError('Event loop is closed')
RuntimeError: Event loop is closed
INFO:regular_website_pipeline:  🤖 Starting DeepSeek analysis...
INFO:simple_llm_analysis:  ⏳ Initializing DeepSeek client...
INFO:simple_llm_analysis:  ⏱️ DeepSeek client initialized in 1.51 seconds
INFO:httpx:HTTP Request: POST https://api.deepseek.com/chat/completions "HTTP/1.1 200 OK"
INFO:regular_website_pipeline:  ✓ Analysis complete. Found 1 opportunities.
ERROR:asyncio:Task exception was never retrieved
future: <Task finished name='Task-912' coro=<AsyncClient.aclose() done, defined at C:\Users\jimcr\AppData\Roaming\Python\Python313\site-packages\httpx\_client.py:1996> exception=RuntimeError('Event loop is closed')>
Traceback (most recent call last):
  File "C:\Users\jimcr\AppData\Roaming\Python\Python313\site-packages\httpx\_client.py", line 2003, in aclose
    await self._transport.aclose()
  File "C:\Users\jimcr\AppData\Roaming\Python\Python313\site-packages\httpx\_transports\default.py", line 383, in aclose
    await self._pool.aclose()
  File "C:\Users\jimcr\AppData\Roaming\Python\Python313\site-packages\httpcore\_async\connection_pool.py", line 353, in aclose
    await self._close_connections(closing_connections)
  File "C:\Users\jimcr\AppData\Roaming\Python\Python313\site-packages\httpcore\_async\connection_pool.py", line 345, in _close_connections
    await connection.aclose()
  File "C:\Users\jimcr\AppData\Roaming\Python\Python313\site-packages\httpcore\_async\connection.py", line 173, in aclose
    await self._connection.aclose()
  File "C:\Users\jimcr\AppData\Roaming\Python\Python313\site-packages\httpcore\_async\http11.py", line 258, in aclose
    await self._network_stream.aclose()
  File "C:\Users\jimcr\AppData\Roaming\Python\Python313\site-packages\httpcore\_backends\anyio.py", line 53, in aclose
    await self._stream.aclose()
  File "C:\Users\jimcr\AppData\Roaming\Python\Python313\site-packages\anyio\streams\tls.py", line 236, in aclose
    await self.transport_stream.aclose()
  File "C:\Users\jimcr\AppData\Roaming\Python\Python313\site-packages\anyio\_backends\_asyncio.py", line 1344, in aclose
    self._transport.close()
    ~~~~~~~~~~~~~~~~~~~~~^^
  File "C:\Python313\Lib\asyncio\proactor_events.py", line 109, in close
    self._loop.call_soon(self._call_connection_lost, None)
    ~~~~~~~~~~~~~~~~~~~~^^^^^^^^^^^^^^^^^^^^^^^^^^^^^^^^^^
  File "C:\Python313\Lib\asyncio\base_events.py", line 828, in call_soon
    self._check_closed()
    ~~~~~~~~~~~~~~~~~~^^
  File "C:\Python313\Lib\asyncio\base_events.py", line 551, in _check_closed
    raise RuntimeError('Event loop is closed')
RuntimeError: Event loop is closed
INFO:regular_website_pipeline:  🤖 Starting DeepSeek analysis...
INFO:simple_llm_analysis:  ⏳ Initializing DeepSeek client...
INFO:simple_llm_analysis:  ⏱️ DeepSeek client initialized in 2.18 seconds
INFO:httpx:HTTP Request: POST https://api.deepseek.com/chat/completions "HTTP/1.1 200 OK"
INFO:regular_website_pipeline:  ✓ Analysis complete. Found 1 opportunities.
ERROR:asyncio:Task exception was never retrieved
future: <Task finished name='Task-953' coro=<AsyncClient.aclose() done, defined at C:\Users\jimcr\AppData\Roaming\Python\Python313\site-packages\httpx\_client.py:1996> exception=RuntimeError('Event loop is closed')>
Traceback (most recent call last):
  File "C:\Users\jimcr\AppData\Roaming\Python\Python313\site-packages\httpx\_client.py", line 2003, in aclose
    await self._transport.aclose()
  File "C:\Users\jimcr\AppData\Roaming\Python\Python313\site-packages\httpx\_transports\default.py", line 383, in aclose
    await self._pool.aclose()
  File "C:\Users\jimcr\AppData\Roaming\Python\Python313\site-packages\httpcore\_async\connection_pool.py", line 353, in aclose
    await self._close_connections(closing_connections)
  File "C:\Users\jimcr\AppData\Roaming\Python\Python313\site-packages\httpcore\_async\connection_pool.py", line 345, in _close_connections
    await connection.aclose()
  File "C:\Users\jimcr\AppData\Roaming\Python\Python313\site-packages\httpcore\_async\connection.py", line 173, in aclose
    await self._connection.aclose()
  File "C:\Users\jimcr\AppData\Roaming\Python\Python313\site-packages\httpcore\_async\http11.py", line 258, in aclose
    await self._network_stream.aclose()
  File "C:\Users\jimcr\AppData\Roaming\Python\Python313\site-packages\httpcore\_backends\anyio.py", line 53, in aclose
    await self._stream.aclose()
  File "C:\Users\jimcr\AppData\Roaming\Python\Python313\site-packages\anyio\streams\tls.py", line 236, in aclose
    await self.transport_stream.aclose()
  File "C:\Users\jimcr\AppData\Roaming\Python\Python313\site-packages\anyio\_backends\_asyncio.py", line 1344, in aclose
    self._transport.close()
    ~~~~~~~~~~~~~~~~~~~~~^^
  File "C:\Python313\Lib\asyncio\proactor_events.py", line 109, in close
    self._loop.call_soon(self._call_connection_lost, None)
    ~~~~~~~~~~~~~~~~~~~~^^^^^^^^^^^^^^^^^^^^^^^^^^^^^^^^^^
  File "C:\Python313\Lib\asyncio\base_events.py", line 828, in call_soon
    self._check_closed()
    ~~~~~~~~~~~~~~~~~~^^
  File "C:\Python313\Lib\asyncio\base_events.py", line 551, in _check_closed
    raise RuntimeError('Event loop is closed')
RuntimeError: Event loop is closed
INFO:regular_website_pipeline:  🤖 Starting DeepSeek analysis...
INFO:simple_llm_analysis:  ⏳ Initializing DeepSeek client...
INFO:simple_llm_analysis:  ⏱️ DeepSeek client initialized in 1.80 seconds
INFO:httpx:HTTP Request: POST https://api.deepseek.com/chat/completions "HTTP/1.1 200 OK"
INFO:regular_website_pipeline:  ✓ Analysis complete. Found 1 opportunities.
ERROR:asyncio:Task exception was never retrieved
future: <Task finished name='Task-967' coro=<AsyncClient.aclose() done, defined at C:\Users\jimcr\AppData\Roaming\Python\Python313\site-packages\httpx\_client.py:1996> exception=RuntimeError('Event loop is closed')>
Traceback (most recent call last):
  File "C:\Users\jimcr\AppData\Roaming\Python\Python313\site-packages\httpx\_client.py", line 2003, in aclose
    await self._transport.aclose()
  File "C:\Users\jimcr\AppData\Roaming\Python\Python313\site-packages\httpx\_transports\default.py", line 383, in aclose
    await self._pool.aclose()
  File "C:\Users\jimcr\AppData\Roaming\Python\Python313\site-packages\httpcore\_async\connection_pool.py", line 353, in aclose
    await self._close_connections(closing_connections)
  File "C:\Users\jimcr\AppData\Roaming\Python\Python313\site-packages\httpcore\_async\connection_pool.py", line 345, in _close_connections
    await connection.aclose()
  File "C:\Users\jimcr\AppData\Roaming\Python\Python313\site-packages\httpcore\_async\connection.py", line 173, in aclose
    await self._connection.aclose()
  File "C:\Users\jimcr\AppData\Roaming\Python\Python313\site-packages\httpcore\_async\http11.py", line 258, in aclose
    await self._network_stream.aclose()
  File "C:\Users\jimcr\AppData\Roaming\Python\Python313\site-packages\httpcore\_backends\anyio.py", line 53, in aclose
    await self._stream.aclose()
  File "C:\Users\jimcr\AppData\Roaming\Python\Python313\site-packages\anyio\streams\tls.py", line 236, in aclose
    await self.transport_stream.aclose()
  File "C:\Users\jimcr\AppData\Roaming\Python\Python313\site-packages\anyio\_backends\_asyncio.py", line 1344, in aclose
    self._transport.close()
    ~~~~~~~~~~~~~~~~~~~~~^^
  File "C:\Python313\Lib\asyncio\proactor_events.py", line 109, in close
    self._loop.call_soon(self._call_connection_lost, None)
    ~~~~~~~~~~~~~~~~~~~~^^^^^^^^^^^^^^^^^^^^^^^^^^^^^^^^^^
  File "C:\Python313\Lib\asyncio\base_events.py", line 828, in call_soon
    self._check_closed()
    ~~~~~~~~~~~~~~~~~~^^
  File "C:\Python313\Lib\asyncio\base_events.py", line 551, in _check_closed
    raise RuntimeError('Event loop is closed')
RuntimeError: Event loop is closed
INFO:regular_website_pipeline:  🤖 Starting DeepSeek analysis...
INFO:simple_llm_analysis:  ⏳ Initializing DeepSeek client...
INFO:simple_llm_analysis:  ⏱️ DeepSeek client initialized in 1.72 seconds
INFO:httpx:HTTP Request: POST https://api.deepseek.com/chat/completions "HTTP/1.1 200 OK"
INFO:regular_website_pipeline:  ✓ Analysis complete. Found 1 opportunities.
ERROR:asyncio:Task exception was never retrieved
future: <Task finished name='Task-992' coro=<AsyncClient.aclose() done, defined at C:\Users\jimcr\AppData\Roaming\Python\Python313\site-packages\httpx\_client.py:1996> exception=RuntimeError('Event loop is closed')>
Traceback (most recent call last):
  File "C:\Users\jimcr\AppData\Roaming\Python\Python313\site-packages\httpx\_client.py", line 2003, in aclose
    await self._transport.aclose()
  File "C:\Users\jimcr\AppData\Roaming\Python\Python313\site-packages\httpx\_transports\default.py", line 383, in aclose
    await self._pool.aclose()
  File "C:\Users\jimcr\AppData\Roaming\Python\Python313\site-packages\httpcore\_async\connection_pool.py", line 353, in aclose
    await self._close_connections(closing_connections)
  File "C:\Users\jimcr\AppData\Roaming\Python\Python313\site-packages\httpcore\_async\connection_pool.py", line 345, in _close_connections
    await connection.aclose()
  File "C:\Users\jimcr\AppData\Roaming\Python\Python313\site-packages\httpcore\_async\connection.py", line 173, in aclose
    await self._connection.aclose()
  File "C:\Users\jimcr\AppData\Roaming\Python\Python313\site-packages\httpcore\_async\http11.py", line 258, in aclose
    await self._network_stream.aclose()
  File "C:\Users\jimcr\AppData\Roaming\Python\Python313\site-packages\httpcore\_backends\anyio.py", line 53, in aclose
    await self._stream.aclose()
  File "C:\Users\jimcr\AppData\Roaming\Python\Python313\site-packages\anyio\streams\tls.py", line 236, in aclose
    await self.transport_stream.aclose()
  File "C:\Users\jimcr\AppData\Roaming\Python\Python313\site-packages\anyio\_backends\_asyncio.py", line 1344, in aclose
    self._transport.close()
    ~~~~~~~~~~~~~~~~~~~~~^^
  File "C:\Python313\Lib\asyncio\proactor_events.py", line 109, in close
    self._loop.call_soon(self._call_connection_lost, None)
    ~~~~~~~~~~~~~~~~~~~~^^^^^^^^^^^^^^^^^^^^^^^^^^^^^^^^^^
  File "C:\Python313\Lib\asyncio\base_events.py", line 828, in call_soon
    self._check_closed()
    ~~~~~~~~~~~~~~~~~~^^
  File "C:\Python313\Lib\asyncio\base_events.py", line 551, in _check_closed
    raise RuntimeError('Event loop is closed')
RuntimeError: Event loop is closed
INFO:regular_website_pipeline:  🤖 Starting DeepSeek analysis...
INFO:simple_llm_analysis:  ⏳ Initializing DeepSeek client...
INFO:simple_llm_analysis:  ⏱️ DeepSeek client initialized in 1.78 seconds
INFO:httpx:HTTP Request: POST https://api.deepseek.com/chat/completions "HTTP/1.1 200 OK"
INFO:regular_website_pipeline:  ✓ Analysis complete. Found 2 opportunities.
ERROR:asyncio:Task exception was never retrieved
future: <Task finished name='Task-1022' coro=<AsyncClient.aclose() done, defined at C:\Users\jimcr\AppData\Roaming\Python\Python313\site-packages\httpx\_client.py:1996> exception=RuntimeError('Event loop is closed')>
Traceback (most recent call last):
  File "C:\Users\jimcr\AppData\Roaming\Python\Python313\site-packages\httpx\_client.py", line 2003, in aclose
    await self._transport.aclose()
  File "C:\Users\jimcr\AppData\Roaming\Python\Python313\site-packages\httpx\_transports\default.py", line 383, in aclose
    await self._pool.aclose()
  File "C:\Users\jimcr\AppData\Roaming\Python\Python313\site-packages\httpcore\_async\connection_pool.py", line 353, in aclose
    await self._close_connections(closing_connections)
  File "C:\Users\jimcr\AppData\Roaming\Python\Python313\site-packages\httpcore\_async\connection_pool.py", line 345, in _close_connections
    await connection.aclose()
  File "C:\Users\jimcr\AppData\Roaming\Python\Python313\site-packages\httpcore\_async\connection.py", line 173, in aclose
    await self._connection.aclose()
  File "C:\Users\jimcr\AppData\Roaming\Python\Python313\site-packages\httpcore\_async\http11.py", line 258, in aclose
    await self._network_stream.aclose()
  File "C:\Users\jimcr\AppData\Roaming\Python\Python313\site-packages\httpcore\_backends\anyio.py", line 53, in aclose
    await self._stream.aclose()
  File "C:\Users\jimcr\AppData\Roaming\Python\Python313\site-packages\anyio\streams\tls.py", line 236, in aclose
    await self.transport_stream.aclose()
  File "C:\Users\jimcr\AppData\Roaming\Python\Python313\site-packages\anyio\_backends\_asyncio.py", line 1344, in aclose
    self._transport.close()
    ~~~~~~~~~~~~~~~~~~~~~^^
  File "C:\Python313\Lib\asyncio\proactor_events.py", line 109, in close
    self._loop.call_soon(self._call_connection_lost, None)
    ~~~~~~~~~~~~~~~~~~~~^^^^^^^^^^^^^^^^^^^^^^^^^^^^^^^^^^
  File "C:\Python313\Lib\asyncio\base_events.py", line 828, in call_soon
    self._check_closed()
    ~~~~~~~~~~~~~~~~~~^^
  File "C:\Python313\Lib\asyncio\base_events.py", line 551, in _check_closed
    raise RuntimeError('Event loop is closed')
RuntimeError: Event loop is closed
INFO:regular_website_pipeline:  🤖 Starting DeepSeek analysis...
INFO:simple_llm_analysis:  ⏳ Initializing DeepSeek client...
INFO:simple_llm_analysis:  ⏱️ DeepSeek client initialized in 2.32 seconds
INFO:httpx:HTTP Request: POST https://api.deepseek.com/chat/completions "HTTP/1.1 200 OK"
INFO:regular_website_pipeline:  ✓ Analysis complete. Found 7 opportunities.
ERROR:asyncio:Task exception was never retrieved
future: <Task finished name='Task-1053' coro=<AsyncClient.aclose() done, defined at C:\Users\jimcr\AppData\Roaming\Python\Python313\site-packages\httpx\_client.py:1996> exception=RuntimeError('Event loop is closed')>
Traceback (most recent call last):
  File "C:\Users\jimcr\AppData\Roaming\Python\Python313\site-packages\httpx\_client.py", line 2003, in aclose
    await self._transport.aclose()
  File "C:\Users\jimcr\AppData\Roaming\Python\Python313\site-packages\httpx\_transports\default.py", line 383, in aclose
    await self._pool.aclose()
  File "C:\Users\jimcr\AppData\Roaming\Python\Python313\site-packages\httpcore\_async\connection_pool.py", line 353, in aclose
    await self._close_connections(closing_connections)
  File "C:\Users\jimcr\AppData\Roaming\Python\Python313\site-packages\httpcore\_async\connection_pool.py", line 345, in _close_connections
    await connection.aclose()
  File "C:\Users\jimcr\AppData\Roaming\Python\Python313\site-packages\httpcore\_async\connection.py", line 173, in aclose
    await self._connection.aclose()
  File "C:\Users\jimcr\AppData\Roaming\Python\Python313\site-packages\httpcore\_async\http11.py", line 258, in aclose
    await self._network_stream.aclose()
  File "C:\Users\jimcr\AppData\Roaming\Python\Python313\site-packages\httpcore\_backends\anyio.py", line 53, in aclose
    await self._stream.aclose()
  File "C:\Users\jimcr\AppData\Roaming\Python\Python313\site-packages\anyio\streams\tls.py", line 236, in aclose
    await self.transport_stream.aclose()
  File "C:\Users\jimcr\AppData\Roaming\Python\Python313\site-packages\anyio\_backends\_asyncio.py", line 1344, in aclose
    self._transport.close()
    ~~~~~~~~~~~~~~~~~~~~~^^
  File "C:\Python313\Lib\asyncio\proactor_events.py", line 109, in close
    self._loop.call_soon(self._call_connection_lost, None)
    ~~~~~~~~~~~~~~~~~~~~^^^^^^^^^^^^^^^^^^^^^^^^^^^^^^^^^^
  File "C:\Python313\Lib\asyncio\base_events.py", line 828, in call_soon
    self._check_closed()
    ~~~~~~~~~~~~~~~~~~^^
  File "C:\Python313\Lib\asyncio\base_events.py", line 551, in _check_closed
    raise RuntimeError('Event loop is closed')
RuntimeError: Event loop is closed
INFO:regular_website_pipeline:  🤖 Starting DeepSeek analysis...
INFO:simple_llm_analysis:  ⏳ Initializing DeepSeek client...
INFO:simple_llm_analysis:  ⏱️ DeepSeek client initialized in 2.04 seconds
INFO:httpx:HTTP Request: POST https://api.deepseek.com/chat/completions "HTTP/1.1 200 OK"
INFO:regular_website_pipeline:  ✓ Analysis complete. Found 1 opportunities.
ERROR:asyncio:Task exception was never retrieved
future: <Task finished name='Task-1084' coro=<AsyncClient.aclose() done, defined at C:\Users\jimcr\AppData\Roaming\Python\Python313\site-packages\httpx\_client.py:1996> exception=RuntimeError('Event loop is closed')>
Traceback (most recent call last):
  File "C:\Users\jimcr\AppData\Roaming\Python\Python313\site-packages\httpx\_client.py", line 2003, in aclose
    await self._transport.aclose()
  File "C:\Users\jimcr\AppData\Roaming\Python\Python313\site-packages\httpx\_transports\default.py", line 383, in aclose
    await self._pool.aclose()
  File "C:\Users\jimcr\AppData\Roaming\Python\Python313\site-packages\httpcore\_async\connection_pool.py", line 353, in aclose
    await self._close_connections(closing_connections)
  File "C:\Users\jimcr\AppData\Roaming\Python\Python313\site-packages\httpcore\_async\connection_pool.py", line 345, in _close_connections
    await connection.aclose()
  File "C:\Users\jimcr\AppData\Roaming\Python\Python313\site-packages\httpcore\_async\connection.py", line 173, in aclose
    await self._connection.aclose()
  File "C:\Users\jimcr\AppData\Roaming\Python\Python313\site-packages\httpcore\_async\http11.py", line 258, in aclose
    await self._network_stream.aclose()
  File "C:\Users\jimcr\AppData\Roaming\Python\Python313\site-packages\httpcore\_backends\anyio.py", line 53, in aclose
    await self._stream.aclose()
  File "C:\Users\jimcr\AppData\Roaming\Python\Python313\site-packages\anyio\streams\tls.py", line 236, in aclose
    await self.transport_stream.aclose()
  File "C:\Users\jimcr\AppData\Roaming\Python\Python313\site-packages\anyio\_backends\_asyncio.py", line 1344, in aclose
    self._transport.close()
    ~~~~~~~~~~~~~~~~~~~~~^^
  File "C:\Python313\Lib\asyncio\proactor_events.py", line 109, in close
    self._loop.call_soon(self._call_connection_lost, None)
    ~~~~~~~~~~~~~~~~~~~~^^^^^^^^^^^^^^^^^^^^^^^^^^^^^^^^^^
  File "C:\Python313\Lib\asyncio\base_events.py", line 828, in call_soon
    self._check_closed()
    ~~~~~~~~~~~~~~~~~~^^
  File "C:\Python313\Lib\asyncio\base_events.py", line 551, in _check_closed
    raise RuntimeError('Event loop is closed')
RuntimeError: Event loop is closed
INFO:regular_website_pipeline:  🤖 Starting DeepSeek analysis...
INFO:simple_llm_analysis:  ⏳ Initializing DeepSeek client...
INFO:simple_llm_analysis:  ⏱️ DeepSeek client initialized in 1.45 seconds
INFO:httpx:HTTP Request: POST https://api.deepseek.com/chat/completions "HTTP/1.1 200 OK"
INFO:regular_website_pipeline:  ✓ Analysis complete. Found 0 opportunities.
ERROR:asyncio:Task exception was never retrieved
future: <Task finished name='Task-1107' coro=<AsyncClient.aclose() done, defined at C:\Users\jimcr\AppData\Roaming\Python\Python313\site-packages\httpx\_client.py:1996> exception=RuntimeError('Event loop is closed')>
Traceback (most recent call last):
  File "C:\Users\jimcr\AppData\Roaming\Python\Python313\site-packages\httpx\_client.py", line 2003, in aclose
    await self._transport.aclose()
  File "C:\Users\jimcr\AppData\Roaming\Python\Python313\site-packages\httpx\_transports\default.py", line 383, in aclose
    await self._pool.aclose()
  File "C:\Users\jimcr\AppData\Roaming\Python\Python313\site-packages\httpcore\_async\connection_pool.py", line 353, in aclose
    await self._close_connections(closing_connections)
  File "C:\Users\jimcr\AppData\Roaming\Python\Python313\site-packages\httpcore\_async\connection_pool.py", line 345, in _close_connections
    await connection.aclose()
  File "C:\Users\jimcr\AppData\Roaming\Python\Python313\site-packages\httpcore\_async\connection.py", line 173, in aclose
    await self._connection.aclose()
  File "C:\Users\jimcr\AppData\Roaming\Python\Python313\site-packages\httpcore\_async\http11.py", line 258, in aclose
    await self._network_stream.aclose()
  File "C:\Users\jimcr\AppData\Roaming\Python\Python313\site-packages\httpcore\_backends\anyio.py", line 53, in aclose
    await self._stream.aclose()
  File "C:\Users\jimcr\AppData\Roaming\Python\Python313\site-packages\anyio\streams\tls.py", line 236, in aclose
    await self.transport_stream.aclose()
  File "C:\Users\jimcr\AppData\Roaming\Python\Python313\site-packages\anyio\_backends\_asyncio.py", line 1344, in aclose
    self._transport.close()
    ~~~~~~~~~~~~~~~~~~~~~^^
  File "C:\Python313\Lib\asyncio\proactor_events.py", line 109, in close
    self._loop.call_soon(self._call_connection_lost, None)
    ~~~~~~~~~~~~~~~~~~~~^^^^^^^^^^^^^^^^^^^^^^^^^^^^^^^^^^
  File "C:\Python313\Lib\asyncio\base_events.py", line 828, in call_soon
    self._check_closed()
    ~~~~~~~~~~~~~~~~~~^^
  File "C:\Python313\Lib\asyncio\base_events.py", line 551, in _check_closed
    raise RuntimeError('Event loop is closed')
RuntimeError: Event loop is closed
INFO:regular_website_pipeline:  🤖 Starting DeepSeek analysis...
INFO:simple_llm_analysis:  ⏳ Initializing DeepSeek client...
INFO:simple_llm_analysis:  ⏱️ DeepSeek client initialized in 1.63 seconds
INFO:httpx:HTTP Request: POST https://api.deepseek.com/chat/completions "HTTP/1.1 200 OK"
INFO:regular_website_pipeline:  ✓ Analysis complete. Found 1 opportunities.
ERROR:asyncio:Task exception was never retrieved
future: <Task finished name='Task-1131' coro=<AsyncClient.aclose() done, defined at C:\Users\jimcr\AppData\Roaming\Python\Python313\site-packages\httpx\_client.py:1996> exception=RuntimeError('Event loop is closed')>
Traceback (most recent call last):
  File "C:\Users\jimcr\AppData\Roaming\Python\Python313\site-packages\httpx\_client.py", line 2003, in aclose
    await self._transport.aclose()
  File "C:\Users\jimcr\AppData\Roaming\Python\Python313\site-packages\httpx\_transports\default.py", line 383, in aclose
    await self._pool.aclose()
  File "C:\Users\jimcr\AppData\Roaming\Python\Python313\site-packages\httpcore\_async\connection_pool.py", line 353, in aclose
    await self._close_connections(closing_connections)
  File "C:\Users\jimcr\AppData\Roaming\Python\Python313\site-packages\httpcore\_async\connection_pool.py", line 345, in _close_connections
    await connection.aclose()
  File "C:\Users\jimcr\AppData\Roaming\Python\Python313\site-packages\httpcore\_async\connection.py", line 173, in aclose
    await self._connection.aclose()
  File "C:\Users\jimcr\AppData\Roaming\Python\Python313\site-packages\httpcore\_async\http11.py", line 258, in aclose
    await self._network_stream.aclose()
  File "C:\Users\jimcr\AppData\Roaming\Python\Python313\site-packages\httpcore\_backends\anyio.py", line 53, in aclose
    await self._stream.aclose()
  File "C:\Users\jimcr\AppData\Roaming\Python\Python313\site-packages\anyio\streams\tls.py", line 236, in aclose
    await self.transport_stream.aclose()
  File "C:\Users\jimcr\AppData\Roaming\Python\Python313\site-packages\anyio\_backends\_asyncio.py", line 1344, in aclose
    self._transport.close()
    ~~~~~~~~~~~~~~~~~~~~~^^
  File "C:\Python313\Lib\asyncio\proactor_events.py", line 109, in close
    self._loop.call_soon(self._call_connection_lost, None)
    ~~~~~~~~~~~~~~~~~~~~^^^^^^^^^^^^^^^^^^^^^^^^^^^^^^^^^^
  File "C:\Python313\Lib\asyncio\base_events.py", line 828, in call_soon
    self._check_closed()
    ~~~~~~~~~~~~~~~~~~^^
  File "C:\Python313\Lib\asyncio\base_events.py", line 551, in _check_closed
    raise RuntimeError('Event loop is closed')
RuntimeError: Event loop is closed
INFO:regular_website_pipeline:  🤖 Starting DeepSeek analysis...
INFO:simple_llm_analysis:  ⏳ Initializing DeepSeek client...
INFO:simple_llm_analysis:  ⏱️ DeepSeek client initialized in 1.56 seconds
INFO:httpx:HTTP Request: POST https://api.deepseek.com/chat/completions "HTTP/1.1 200 OK"
INFO:regular_website_pipeline:  ✓ Analysis complete. Found 0 opportunities.
ERROR:asyncio:Task exception was never retrieved
future: <Task finished name='Task-1155' coro=<AsyncClient.aclose() done, defined at C:\Users\jimcr\AppData\Roaming\Python\Python313\site-packages\httpx\_client.py:1996> exception=RuntimeError('Event loop is closed')>
Traceback (most recent call last):
  File "C:\Users\jimcr\AppData\Roaming\Python\Python313\site-packages\httpx\_client.py", line 2003, in aclose
    await self._transport.aclose()
  File "C:\Users\jimcr\AppData\Roaming\Python\Python313\site-packages\httpx\_transports\default.py", line 383, in aclose
    await self._pool.aclose()
  File "C:\Users\jimcr\AppData\Roaming\Python\Python313\site-packages\httpcore\_async\connection_pool.py", line 353, in aclose
    await self._close_connections(closing_connections)
  File "C:\Users\jimcr\AppData\Roaming\Python\Python313\site-packages\httpcore\_async\connection_pool.py", line 345, in _close_connections
    await connection.aclose()
  File "C:\Users\jimcr\AppData\Roaming\Python\Python313\site-packages\httpcore\_async\connection.py", line 173, in aclose
    await self._connection.aclose()
  File "C:\Users\jimcr\AppData\Roaming\Python\Python313\site-packages\httpcore\_async\http11.py", line 258, in aclose
    await self._network_stream.aclose()
  File "C:\Users\jimcr\AppData\Roaming\Python\Python313\site-packages\httpcore\_backends\anyio.py", line 53, in aclose
    await self._stream.aclose()
  File "C:\Users\jimcr\AppData\Roaming\Python\Python313\site-packages\anyio\streams\tls.py", line 236, in aclose
    await self.transport_stream.aclose()
  File "C:\Users\jimcr\AppData\Roaming\Python\Python313\site-packages\anyio\_backends\_asyncio.py", line 1344, in aclose
    self._transport.close()
    ~~~~~~~~~~~~~~~~~~~~~^^
  File "C:\Python313\Lib\asyncio\proactor_events.py", line 109, in close
    self._loop.call_soon(self._call_connection_lost, None)
    ~~~~~~~~~~~~~~~~~~~~^^^^^^^^^^^^^^^^^^^^^^^^^^^^^^^^^^
  File "C:\Python313\Lib\asyncio\base_events.py", line 828, in call_soon
    self._check_closed()
    ~~~~~~~~~~~~~~~~~~^^
  File "C:\Python313\Lib\asyncio\base_events.py", line 551, in _check_closed
    raise RuntimeError('Event loop is closed')
RuntimeError: Event loop is closed
INFO:regular_website_pipeline:  🤖 Starting DeepSeek analysis...
INFO:simple_llm_analysis:  ⏳ Initializing DeepSeek client...
INFO:simple_llm_analysis:  ⏱️ DeepSeek client initialized in 1.52 seconds
INFO:httpx:HTTP Request: POST https://api.deepseek.com/chat/completions "HTTP/1.1 200 OK"
INFO:regular_website_pipeline:  ✓ Analysis complete. Found 1 opportunities.
ERROR:asyncio:Task exception was never retrieved
future: <Task finished name='Task-1186' coro=<AsyncClient.aclose() done, defined at C:\Users\jimcr\AppData\Roaming\Python\Python313\site-packages\httpx\_client.py:1996> exception=RuntimeError('Event loop is closed')>
Traceback (most recent call last):
  File "C:\Users\jimcr\AppData\Roaming\Python\Python313\site-packages\httpx\_client.py", line 2003, in aclose
    await self._transport.aclose()
  File "C:\Users\jimcr\AppData\Roaming\Python\Python313\site-packages\httpx\_transports\default.py", line 383, in aclose
    await self._pool.aclose()
  File "C:\Users\jimcr\AppData\Roaming\Python\Python313\site-packages\httpcore\_async\connection_pool.py", line 353, in aclose
    await self._close_connections(closing_connections)
  File "C:\Users\jimcr\AppData\Roaming\Python\Python313\site-packages\httpcore\_async\connection_pool.py", line 345, in _close_connections
    await connection.aclose()
  File "C:\Users\jimcr\AppData\Roaming\Python\Python313\site-packages\httpcore\_async\connection.py", line 173, in aclose
    await self._connection.aclose()
  File "C:\Users\jimcr\AppData\Roaming\Python\Python313\site-packages\httpcore\_async\http11.py", line 258, in aclose
    await self._network_stream.aclose()
  File "C:\Users\jimcr\AppData\Roaming\Python\Python313\site-packages\httpcore\_backends\anyio.py", line 53, in aclose
    await self._stream.aclose()
  File "C:\Users\jimcr\AppData\Roaming\Python\Python313\site-packages\anyio\streams\tls.py", line 236, in aclose
    await self.transport_stream.aclose()
  File "C:\Users\jimcr\AppData\Roaming\Python\Python313\site-packages\anyio\_backends\_asyncio.py", line 1344, in aclose
    self._transport.close()
    ~~~~~~~~~~~~~~~~~~~~~^^
  File "C:\Python313\Lib\asyncio\proactor_events.py", line 109, in close
    self._loop.call_soon(self._call_connection_lost, None)
    ~~~~~~~~~~~~~~~~~~~~^^^^^^^^^^^^^^^^^^^^^^^^^^^^^^^^^^
  File "C:\Python313\Lib\asyncio\base_events.py", line 828, in call_soon
    self._check_closed()
    ~~~~~~~~~~~~~~~~~~^^
  File "C:\Python313\Lib\asyncio\base_events.py", line 551, in _check_closed
    raise RuntimeError('Event loop is closed')
RuntimeError: Event loop is closed
INFO:regular_website_pipeline:  🤖 Starting DeepSeek analysis...
INFO:simple_llm_analysis:  ⏳ Initializing DeepSeek client...
INFO:simple_llm_analysis:  ⏱️ DeepSeek client initialized in 2.17 seconds
INFO:httpx:HTTP Request: POST https://api.deepseek.com/chat/completions "HTTP/1.1 200 OK"
INFO:regular_website_pipeline:  ✓ Analysis complete. Found 1 opportunities.
ERROR:asyncio:Task exception was never retrieved
future: <Task finished name='Task-1209' coro=<AsyncClient.aclose() done, defined at C:\Users\jimcr\AppData\Roaming\Python\Python313\site-packages\httpx\_client.py:1996> exception=RuntimeError('Event loop is closed')>
Traceback (most recent call last):
  File "C:\Users\jimcr\AppData\Roaming\Python\Python313\site-packages\httpx\_client.py", line 2003, in aclose
    await self._transport.aclose()
  File "C:\Users\jimcr\AppData\Roaming\Python\Python313\site-packages\httpx\_transports\default.py", line 383, in aclose
    await self._pool.aclose()
  File "C:\Users\jimcr\AppData\Roaming\Python\Python313\site-packages\httpcore\_async\connection_pool.py", line 353, in aclose
    await self._close_connections(closing_connections)
  File "C:\Users\jimcr\AppData\Roaming\Python\Python313\site-packages\httpcore\_async\connection_pool.py", line 345, in _close_connections
    await connection.aclose()
  File "C:\Users\jimcr\AppData\Roaming\Python\Python313\site-packages\httpcore\_async\connection.py", line 173, in aclose
    await self._connection.aclose()
  File "C:\Users\jimcr\AppData\Roaming\Python\Python313\site-packages\httpcore\_async\http11.py", line 258, in aclose
    await self._network_stream.aclose()
  File "C:\Users\jimcr\AppData\Roaming\Python\Python313\site-packages\httpcore\_backends\anyio.py", line 53, in aclose
    await self._stream.aclose()
  File "C:\Users\jimcr\AppData\Roaming\Python\Python313\site-packages\anyio\streams\tls.py", line 236, in aclose
    await self.transport_stream.aclose()
  File "C:\Users\jimcr\AppData\Roaming\Python\Python313\site-packages\anyio\_backends\_asyncio.py", line 1344, in aclose
    self._transport.close()
    ~~~~~~~~~~~~~~~~~~~~~^^
  File "C:\Python313\Lib\asyncio\proactor_events.py", line 109, in close
    self._loop.call_soon(self._call_connection_lost, None)
    ~~~~~~~~~~~~~~~~~~~~^^^^^^^^^^^^^^^^^^^^^^^^^^^^^^^^^^
  File "C:\Python313\Lib\asyncio\base_events.py", line 828, in call_soon
    self._check_closed()
    ~~~~~~~~~~~~~~~~~~^^
  File "C:\Python313\Lib\asyncio\base_events.py", line 551, in _check_closed
    raise RuntimeError('Event loop is closed')
RuntimeError: Event loop is closed
INFO:regular_website_pipeline:  🤖 Starting DeepSeek analysis...
INFO:simple_llm_analysis:  ⏳ Initializing DeepSeek client...
INFO:simple_llm_analysis:  ⏱️ DeepSeek client initialized in 1.46 seconds
INFO:httpx:HTTP Request: POST https://api.deepseek.com/chat/completions "HTTP/1.1 200 OK"
INFO:regular_website_pipeline:  ✓ Analysis complete. Found 3 opportunities.
ERROR:asyncio:Task exception was never retrieved
future: <Task finished name='Task-1240' coro=<AsyncClient.aclose() done, defined at C:\Users\jimcr\AppData\Roaming\Python\Python313\site-packages\httpx\_client.py:1996> exception=RuntimeError('Event loop is closed')>
Traceback (most recent call last):
  File "C:\Users\jimcr\AppData\Roaming\Python\Python313\site-packages\httpx\_client.py", line 2003, in aclose
    await self._transport.aclose()
  File "C:\Users\jimcr\AppData\Roaming\Python\Python313\site-packages\httpx\_transports\default.py", line 383, in aclose
    await self._pool.aclose()
  File "C:\Users\jimcr\AppData\Roaming\Python\Python313\site-packages\httpcore\_async\connection_pool.py", line 353, in aclose
    await self._close_connections(closing_connections)
  File "C:\Users\jimcr\AppData\Roaming\Python\Python313\site-packages\httpcore\_async\connection_pool.py", line 345, in _close_connections
    await connection.aclose()
  File "C:\Users\jimcr\AppData\Roaming\Python\Python313\site-packages\httpcore\_async\connection.py", line 173, in aclose
    await self._connection.aclose()
  File "C:\Users\jimcr\AppData\Roaming\Python\Python313\site-packages\httpcore\_async\http11.py", line 258, in aclose
    await self._network_stream.aclose()
  File "C:\Users\jimcr\AppData\Roaming\Python\Python313\site-packages\httpcore\_backends\anyio.py", line 53, in aclose
    await self._stream.aclose()
  File "C:\Users\jimcr\AppData\Roaming\Python\Python313\site-packages\anyio\streams\tls.py", line 236, in aclose
    await self.transport_stream.aclose()
  File "C:\Users\jimcr\AppData\Roaming\Python\Python313\site-packages\anyio\_backends\_asyncio.py", line 1344, in aclose
    self._transport.close()
    ~~~~~~~~~~~~~~~~~~~~~^^
  File "C:\Python313\Lib\asyncio\proactor_events.py", line 109, in close
    self._loop.call_soon(self._call_connection_lost, None)
    ~~~~~~~~~~~~~~~~~~~~^^^^^^^^^^^^^^^^^^^^^^^^^^^^^^^^^^
  File "C:\Python313\Lib\asyncio\base_events.py", line 828, in call_soon
    self._check_closed()
    ~~~~~~~~~~~~~~~~~~^^
  File "C:\Python313\Lib\asyncio\base_events.py", line 551, in _check_closed
    raise RuntimeError('Event loop is closed')
RuntimeError: Event loop is closed
INFO:regular_website_pipeline:  🤖 Starting DeepSeek analysis...
INFO:simple_llm_analysis:  ⏳ Initializing DeepSeek client...
INFO:simple_llm_analysis:  ⏱️ DeepSeek client initialized in 2.40 seconds
INFO:httpx:HTTP Request: POST https://api.deepseek.com/chat/completions "HTTP/1.1 200 OK"
INFO:regular_website_pipeline:  ✓ Analysis complete. Found 1 opportunities.
ERROR:asyncio:Task exception was never retrieved
future: <Task finished name='Task-1264' coro=<AsyncClient.aclose() done, defined at C:\Users\jimcr\AppData\Roaming\Python\Python313\site-packages\httpx\_client.py:1996> exception=RuntimeError('Event loop is closed')>
Traceback (most recent call last):
  File "C:\Users\jimcr\AppData\Roaming\Python\Python313\site-packages\httpx\_client.py", line 2003, in aclose
    await self._transport.aclose()
  File "C:\Users\jimcr\AppData\Roaming\Python\Python313\site-packages\httpx\_transports\default.py", line 383, in aclose
    await self._pool.aclose()
  File "C:\Users\jimcr\AppData\Roaming\Python\Python313\site-packages\httpcore\_async\connection_pool.py", line 353, in aclose
    await self._close_connections(closing_connections)
  File "C:\Users\jimcr\AppData\Roaming\Python\Python313\site-packages\httpcore\_async\connection_pool.py", line 345, in _close_connections
    await connection.aclose()
  File "C:\Users\jimcr\AppData\Roaming\Python\Python313\site-packages\httpcore\_async\connection.py", line 173, in aclose
    await self._connection.aclose()
  File "C:\Users\jimcr\AppData\Roaming\Python\Python313\site-packages\httpcore\_async\http11.py", line 258, in aclose
    await self._network_stream.aclose()
  File "C:\Users\jimcr\AppData\Roaming\Python\Python313\site-packages\httpcore\_backends\anyio.py", line 53, in aclose
    await self._stream.aclose()
  File "C:\Users\jimcr\AppData\Roaming\Python\Python313\site-packages\anyio\streams\tls.py", line 236, in aclose
    await self.transport_stream.aclose()
  File "C:\Users\jimcr\AppData\Roaming\Python\Python313\site-packages\anyio\_backends\_asyncio.py", line 1344, in aclose
    self._transport.close()
    ~~~~~~~~~~~~~~~~~~~~~^^
  File "C:\Python313\Lib\asyncio\proactor_events.py", line 109, in close
    self._loop.call_soon(self._call_connection_lost, None)
    ~~~~~~~~~~~~~~~~~~~~^^^^^^^^^^^^^^^^^^^^^^^^^^^^^^^^^^
  File "C:\Python313\Lib\asyncio\base_events.py", line 828, in call_soon
    self._check_closed()
    ~~~~~~~~~~~~~~~~~~^^
  File "C:\Python313\Lib\asyncio\base_events.py", line 551, in _check_closed
    raise RuntimeError('Event loop is closed')
RuntimeError: Event loop is closed
INFO:regular_website_pipeline:  🤖 Starting DeepSeek analysis...
INFO:simple_llm_analysis:  ⏳ Initializing DeepSeek client...
INFO:simple_llm_analysis:  ⏱️ DeepSeek client initialized in 1.41 seconds
INFO:httpx:HTTP Request: POST https://api.deepseek.com/chat/completions "HTTP/1.1 200 OK"
INFO:regular_website_pipeline:  ✓ Analysis complete. Found 1 opportunities.
ERROR:asyncio:Task exception was never retrieved
future: <Task finished name='Task-1288' coro=<AsyncClient.aclose() done, defined at C:\Users\jimcr\AppData\Roaming\Python\Python313\site-packages\httpx\_client.py:1996> exception=RuntimeError('Event loop is closed')>
Traceback (most recent call last):
  File "C:\Users\jimcr\AppData\Roaming\Python\Python313\site-packages\httpx\_client.py", line 2003, in aclose
    await self._transport.aclose()
  File "C:\Users\jimcr\AppData\Roaming\Python\Python313\site-packages\httpx\_transports\default.py", line 383, in aclose
    await self._pool.aclose()
  File "C:\Users\jimcr\AppData\Roaming\Python\Python313\site-packages\httpcore\_async\connection_pool.py", line 353, in aclose
    await self._close_connections(closing_connections)
  File "C:\Users\jimcr\AppData\Roaming\Python\Python313\site-packages\httpcore\_async\connection_pool.py", line 345, in _close_connections
    await connection.aclose()
  File "C:\Users\jimcr\AppData\Roaming\Python\Python313\site-packages\httpcore\_async\connection.py", line 173, in aclose
    await self._connection.aclose()
  File "C:\Users\jimcr\AppData\Roaming\Python\Python313\site-packages\httpcore\_async\http11.py", line 258, in aclose
    await self._network_stream.aclose()
  File "C:\Users\jimcr\AppData\Roaming\Python\Python313\site-packages\httpcore\_backends\anyio.py", line 53, in aclose
    await self._stream.aclose()
  File "C:\Users\jimcr\AppData\Roaming\Python\Python313\site-packages\anyio\streams\tls.py", line 236, in aclose
    await self.transport_stream.aclose()
  File "C:\Users\jimcr\AppData\Roaming\Python\Python313\site-packages\anyio\_backends\_asyncio.py", line 1344, in aclose
    self._transport.close()
    ~~~~~~~~~~~~~~~~~~~~~^^
  File "C:\Python313\Lib\asyncio\proactor_events.py", line 109, in close
    self._loop.call_soon(self._call_connection_lost, None)
    ~~~~~~~~~~~~~~~~~~~~^^^^^^^^^^^^^^^^^^^^^^^^^^^^^^^^^^
  File "C:\Python313\Lib\asyncio\base_events.py", line 828, in call_soon
    self._check_closed()
    ~~~~~~~~~~~~~~~~~~^^
  File "C:\Python313\Lib\asyncio\base_events.py", line 551, in _check_closed
    raise RuntimeError('Event loop is closed')
RuntimeError: Event loop is closed
INFO:regular_website_pipeline:  🤖 Starting DeepSeek analysis...
INFO:simple_llm_analysis:  ⏳ Initializing DeepSeek client...
INFO:simple_llm_analysis:  ⏱️ DeepSeek client initialized in 1.96 seconds
INFO:httpx:HTTP Request: POST https://api.deepseek.com/chat/completions "HTTP/1.1 200 OK"
INFO:regular_website_pipeline:  ✓ Analysis complete. Found 1 opportunities.
ERROR:asyncio:Task exception was never retrieved
future: <Task finished name='Task-1311' coro=<AsyncClient.aclose() done, defined at C:\Users\jimcr\AppData\Roaming\Python\Python313\site-packages\httpx\_client.py:1996> exception=RuntimeError('Event loop is closed')>
Traceback (most recent call last):
  File "C:\Users\jimcr\AppData\Roaming\Python\Python313\site-packages\httpx\_client.py", line 2003, in aclose
    await self._transport.aclose()
  File "C:\Users\jimcr\AppData\Roaming\Python\Python313\site-packages\httpx\_transports\default.py", line 383, in aclose
    await self._pool.aclose()
  File "C:\Users\jimcr\AppData\Roaming\Python\Python313\site-packages\httpcore\_async\connection_pool.py", line 353, in aclose
    await self._close_connections(closing_connections)
  File "C:\Users\jimcr\AppData\Roaming\Python\Python313\site-packages\httpcore\_async\connection_pool.py", line 345, in _close_connections
    await connection.aclose()
  File "C:\Users\jimcr\AppData\Roaming\Python\Python313\site-packages\httpcore\_async\connection.py", line 173, in aclose
    await self._connection.aclose()
  File "C:\Users\jimcr\AppData\Roaming\Python\Python313\site-packages\httpcore\_async\http11.py", line 258, in aclose
    await self._network_stream.aclose()
  File "C:\Users\jimcr\AppData\Roaming\Python\Python313\site-packages\httpcore\_backends\anyio.py", line 53, in aclose
    await self._stream.aclose()
  File "C:\Users\jimcr\AppData\Roaming\Python\Python313\site-packages\anyio\streams\tls.py", line 236, in aclose
    await self.transport_stream.aclose()
  File "C:\Users\jimcr\AppData\Roaming\Python\Python313\site-packages\anyio\_backends\_asyncio.py", line 1344, in aclose
    self._transport.close()
    ~~~~~~~~~~~~~~~~~~~~~^^
  File "C:\Python313\Lib\asyncio\proactor_events.py", line 109, in close
    self._loop.call_soon(self._call_connection_lost, None)
    ~~~~~~~~~~~~~~~~~~~~^^^^^^^^^^^^^^^^^^^^^^^^^^^^^^^^^^
  File "C:\Python313\Lib\asyncio\base_events.py", line 828, in call_soon
    self._check_closed()
    ~~~~~~~~~~~~~~~~~~^^
  File "C:\Python313\Lib\asyncio\base_events.py", line 551, in _check_closed
    raise RuntimeError('Event loop is closed')
RuntimeError: Event loop is closed
INFO:regular_website_pipeline:  🤖 Starting DeepSeek analysis...
INFO:simple_llm_analysis:  ⏳ Initializing DeepSeek client...
INFO:simple_llm_analysis:  ⏱️ DeepSeek client initialized in 1.75 seconds
INFO:httpx:HTTP Request: POST https://api.deepseek.com/chat/completions "HTTP/1.1 200 OK"
INFO:regular_website_pipeline:  ✓ Analysis complete. Found 1 opportunities.
ERROR:asyncio:Task exception was never retrieved
future: <Task finished name='Task-1342' coro=<AsyncClient.aclose() done, defined at C:\Users\jimcr\AppData\Roaming\Python\Python313\site-packages\httpx\_client.py:1996> exception=RuntimeError('Event loop is closed')>
Traceback (most recent call last):
  File "C:\Users\jimcr\AppData\Roaming\Python\Python313\site-packages\httpx\_client.py", line 2003, in aclose
    await self._transport.aclose()
  File "C:\Users\jimcr\AppData\Roaming\Python\Python313\site-packages\httpx\_transports\default.py", line 383, in aclose
    await self._pool.aclose()
  File "C:\Users\jimcr\AppData\Roaming\Python\Python313\site-packages\httpcore\_async\connection_pool.py", line 353, in aclose
    await self._close_connections(closing_connections)
  File "C:\Users\jimcr\AppData\Roaming\Python\Python313\site-packages\httpcore\_async\connection_pool.py", line 345, in _close_connections
    await connection.aclose()
  File "C:\Users\jimcr\AppData\Roaming\Python\Python313\site-packages\httpcore\_async\connection.py", line 173, in aclose
    await self._connection.aclose()
  File "C:\Users\jimcr\AppData\Roaming\Python\Python313\site-packages\httpcore\_async\http11.py", line 258, in aclose
    await self._network_stream.aclose()
  File "C:\Users\jimcr\AppData\Roaming\Python\Python313\site-packages\httpcore\_backends\anyio.py", line 53, in aclose
    await self._stream.aclose()
  File "C:\Users\jimcr\AppData\Roaming\Python\Python313\site-packages\anyio\streams\tls.py", line 236, in aclose
    await self.transport_stream.aclose()
  File "C:\Users\jimcr\AppData\Roaming\Python\Python313\site-packages\anyio\_backends\_asyncio.py", line 1344, in aclose
    self._transport.close()
    ~~~~~~~~~~~~~~~~~~~~~^^
  File "C:\Python313\Lib\asyncio\proactor_events.py", line 109, in close
    self._loop.call_soon(self._call_connection_lost, None)
    ~~~~~~~~~~~~~~~~~~~~^^^^^^^^^^^^^^^^^^^^^^^^^^^^^^^^^^
  File "C:\Python313\Lib\asyncio\base_events.py", line 828, in call_soon
    self._check_closed()
    ~~~~~~~~~~~~~~~~~~^^
  File "C:\Python313\Lib\asyncio\base_events.py", line 551, in _check_closed
    raise RuntimeError('Event loop is closed')
RuntimeError: Event loop is closed
INFO:regular_website_pipeline:  🤖 Starting DeepSeek analysis...
INFO:simple_llm_analysis:  ⏳ Initializing DeepSeek client...
INFO:simple_llm_analysis:  ⏱️ DeepSeek client initialized in 1.76 seconds
INFO:httpx:HTTP Request: POST https://api.deepseek.com/chat/completions "HTTP/1.1 200 OK"
INFO:regular_website_pipeline:  ✓ Analysis complete. Found 5 opportunities.
ERROR:asyncio:Task exception was never retrieved
future: <Task finished name='Task-1373' coro=<AsyncClient.aclose() done, defined at C:\Users\jimcr\AppData\Roaming\Python\Python313\site-packages\httpx\_client.py:1996> exception=RuntimeError('Event loop is closed')>
Traceback (most recent call last):
  File "C:\Users\jimcr\AppData\Roaming\Python\Python313\site-packages\httpx\_client.py", line 2003, in aclose
    await self._transport.aclose()
  File "C:\Users\jimcr\AppData\Roaming\Python\Python313\site-packages\httpx\_transports\default.py", line 383, in aclose
    await self._pool.aclose()
  File "C:\Users\jimcr\AppData\Roaming\Python\Python313\site-packages\httpcore\_async\connection_pool.py", line 353, in aclose
    await self._close_connections(closing_connections)
  File "C:\Users\jimcr\AppData\Roaming\Python\Python313\site-packages\httpcore\_async\connection_pool.py", line 345, in _close_connections
    await connection.aclose()
  File "C:\Users\jimcr\AppData\Roaming\Python\Python313\site-packages\httpcore\_async\connection.py", line 173, in aclose
    await self._connection.aclose()
  File "C:\Users\jimcr\AppData\Roaming\Python\Python313\site-packages\httpcore\_async\http11.py", line 258, in aclose
    await self._network_stream.aclose()
  File "C:\Users\jimcr\AppData\Roaming\Python\Python313\site-packages\httpcore\_backends\anyio.py", line 53, in aclose
    await self._stream.aclose()
  File "C:\Users\jimcr\AppData\Roaming\Python\Python313\site-packages\anyio\streams\tls.py", line 236, in aclose
    await self.transport_stream.aclose()
  File "C:\Users\jimcr\AppData\Roaming\Python\Python313\site-packages\anyio\_backends\_asyncio.py", line 1344, in aclose
    self._transport.close()
    ~~~~~~~~~~~~~~~~~~~~~^^
  File "C:\Python313\Lib\asyncio\proactor_events.py", line 109, in close
    self._loop.call_soon(self._call_connection_lost, None)
    ~~~~~~~~~~~~~~~~~~~~^^^^^^^^^^^^^^^^^^^^^^^^^^^^^^^^^^
  File "C:\Python313\Lib\asyncio\base_events.py", line 828, in call_soon
    self._check_closed()
    ~~~~~~~~~~~~~~~~~~^^
  File "C:\Python313\Lib\asyncio\base_events.py", line 551, in _check_closed
    raise RuntimeError('Event loop is closed')
RuntimeError: Event loop is closed
INFO:regular_website_pipeline:  🤖 Starting DeepSeek analysis...
INFO:simple_llm_analysis:  ⏳ Initializing DeepSeek client...
INFO:simple_llm_analysis:  ⏱️ DeepSeek client initialized in 3.38 seconds
INFO:httpx:HTTP Request: POST https://api.deepseek.com/chat/completions "HTTP/1.1 200 OK"
INFO:regular_website_pipeline:  ✓ Analysis complete. Found 1 opportunities.
                                                                                                                                                                                                                                                                                                                                                                                                                                                                                                                                                                                                                                                                                                                                                                                                                                                                                                                                                                                                                                                                                                                                                                                                                                                                                                                                                                                                                                                                                                                                                                                                                                                                                                                                                                                                                                                                                                                                                                                                                                                                                                                                                                                                                                                                                                                                                                                                                                                                                                                                                                                                                                                                                                                                                                                                                                                                                                                                                                                                                                                                                                                                                                                                                                                                                                                                                                                                                                                                                                                                                                                                                                                                                                                                                                                                                                                                                                                                                                                                                                                                                                                                                                                                                                                                                                                                                                                                                                                                                                                                                                                                                                                                                                                                                                                                                                                                                                                                                                                                                                                                                                                                                                                                                                                                                                                                                                                                                                                                                                                                                                                                                                                                                                                                                                                                                                                                                                                                                                                                                                                                                                                                                                                                                                                                                                                                                                                                                                                                                                                                                                                                                                                                                                                                                                                                                                                                                                                                                                                                                                                                                                                                                                                                                                                                                                                                                                                                                                                                                                                                                                                                                                                                                                                                                                                                                                                                                                                                                                                                                                                                                                                                                                                                                                                                                                                                                                                                                                                                                                                                                                                                                                                                                                                                                                                                                                                                                                                                                                                                                                                                                                                                                                                                                                                                                                                                                                                                                                                                                                                                                                                                                                                                                                                                                                                                                                                                                                                                                                                                                                                                                                                                                                                                                                                                                                                                                                                                                                                                                                                                                                                                                                                                                                                                                                                                                                                                                                                                                                                                                                                                                                                                                                                                                                                                                                                                                                                                                                                                                                                                                                                                                                                                                                                                                                                                                                                                                                                                                                                                                                                                                                                                                                                                                                                                                                                                                                                                                                                                                                                                                                                                                                                                                                                                                                                                                                                                                                                                                                                                                                                                                                                                                                                                                                                                                                                                                                                                                                                                                                                                                                                                                                                                                                                                                                                                                                                                                                                                                                                                                                                                                                                                                                                                                                                                                                                                                                                                                                                                                                                                                                                                                                                                                                                                                                                                                                                                                                                                                                                                                                                                                                                                                                                                                                                                                                                                                                                                                                                                                                                                                                                                                                                                                                                                                                                                                                                                                                                                                                                                                                                                                                                                                                                                                                                                                                                                                                                                                                                                                                                                                                                                                                                                                                                                                                                                                                                                                                                                                                                                                                                                                                                                                                                                                                                                                                                                                                                                                                                                                                                                                                                                                                                                                                                                                                                                                                                                                                                                                                                                                                                                                                                                                                                                                                                                                                                                                                                                                                                                                                                                                                                                                                                                                                                                                                                                                                                                                                                                                                                                                                                                                                                                                                                                                                                                                                                                                                                                                                                                                                                                                                                                                                                                                                                                                                                                                                                                                                                                                                                                                                                                                                                                                                                                                                                                                                                                                                                                                                                                                                                                                                                                                                                                                                                                                                                                                                                                                                                                                                                                                                                                                                                                                                                                                                                                                                                                                                                                                                                                                                                                                                                                                                                                                                                                                                                                                                                                                                                                                                                                                                                                                                                                                                                                                                                                                                                                                                                                                                                                                                                                                                                                                                                                                                                                                                                                                                                                                                                                                                                                                                                                                                                                                                                                                                                                                                                                                                                                                                                                                                                                                                                                                                                                                                                                                                                                                                                                                                                                                                                                                                                                                                                                                                                                                                                                                                                                                                                                                                                                                                                                                                                                                                                                                                                                                                                                                                                                                                                                                                                                                                                                                                                                                                                                                                                                                                                                                                                                                                                                                                                                                                                                                                                                                                                                                                                                                                                                                                                                                                                                                                                                                                                                                                                                                                                                                                                                                                                                                                                                                                                                                                                                                                                                                                                                                                                                                                                                                                                                                                                                                                                                                                                                                                                                                                                                                                                                                                                                                                                                                                                                                                                                                                                                                                                                                                                                                                                                                                                                                                                                                                                                                                                                                                                                                                                                                                                                                                                                                                                                                                                                                                                                                                                                                                                                                                                                                                                                                                                                                                                                                                                                                                                                                                                                                                                                                                                                                                                                                                                                                                                                                                                                                                                                                                                                                                                                                                                                                                                                                                                                                                                                                                                                                                                                                                                                                                                                                                                                                                                                                                                                                                                                                                                                                                                                                                                                                                                                                                                                                                                                                                                                                                                                                                                                                                                                                                                                                                                                                                                                                                                                                                                                                                                                                                                                                                                                                                                                                                                                                                                                                                                                                                                                                                                                                                                                                                                                                                                                                                                                                                                                                                                                                                                                                                                                                                                                                                                                                                                                                                                                                                                                                                                                                                                                                                                                                                                                                                                                                                                                                                                                                                                                                                                                                                                                                                                                                                                                                                                                                                                                                                                                                                                                                                                                                                                                                                                                                                                                                                                                                                                                                                                                                                                                                                                                                                                                                                                                                                                                                                                                                                                                                                                                                                                                                                                                                                                                                                                                                                                                                                                                                                                                                                                                                                                                                                                                                                                                                                                                                                                                                                                                                                                                                                                                                                                                                                                                                                                                                                                                                                                                                                                                                                                                                                                                                                                                                                                                                                                                                                                                                                                                                                                                                                                                                                                                                                                                                                                                                                                                                                                                                                                                                                                                                                                                                                                                                                                                                                                                                                                                                                                                                                                                                                                                                                                                                                                                                                                                                                                                                                                                                                                                                                                                                                                                                                                                                                                                                                                                                                                                                                                                                                                                                                                                                                                                                                                                                                                                                                                                                                                                                                                                                                                                                                                                                                                                                                                                                                                                                                                                                                                                                                                                                                                                                                                                                                                                                                                                                                                                                                                                                                                                                                                                                                                                                                                                                                                                                                                                                                                                                                                                                                                                                                                                                                                                                                                                                                                                                                                                                                                                                                                                                                                                                                                                                                                                                                                                                                                                                                                                                                                                                                                                                                                                                                                                                                                                                                                                                                                                                                                                                                                                                                                                                                                                                                                                                                                                                                                                                                                                                                                                                                                                                                                                                                                                                                                                                                                                                                                                                                                                                                                                                                                                                                                                                                                                                                                                                                                                                                                                                                                                                                                                                                                                                                                                                                                                                                                                                                                                                                                                                                                                                                                                                                                                                                                                                                                                                                                                                                                                                                                                                                                                                                                                                                                                                                                                                                                                                                                                                                                                                                                                                                                                                                                                                                                                                                                                                                                                                                                                                                                                                                                                                                                                                                                                                                                                                                                                                                                                                                                                                                                                                                                                                                                                                                                                                                                                                                                                                                                                                                                                                                                                                                                                                                                                                                                                                                                                                                                                                                                                                                                                                                                                                                                                                                                                                                                                                                                                                                                                                                                                                                                                                                                                                                                                                                                                                                                                                                                                                                                                                                                                                                                                                                                                                                                                                                                                                                                                                                                                                                                                                                                                                                                                                                                                                                                                                                                                                                                                                                                                                                                                                                                                                                                                                                                                                                                                                                                                                                                                                                                                                                                                                                                                                                                                                                                                                                                                                                                                                                                                                                                                                                                                                                                                                                                                                                                                                                                                                                                                                                                                                                                                                                                                                                                                                                                                                                                                                                                                                                                                                                                                                                                                                                                                                                                                                                                                                                                                                                                                                                                                                                                                                                                                                                                                                                                                                                                                                                                                                                                                                                                                                                                                                                                                                                                                                                                                                                                                                                                                                                                                                                                                                                                                                                                                                                                                                                                                                                                                                                                                                                                                                                                                                                                                                                                                                                                                                                                                                                                                                                                                                                                                                                                                                                                                                                                                                                                                                                                                                                                                                                                                                                                                                                                                                                                                                                                                                                                                                                                                                                                                                                                                                                                                                                                                                                                                                                                                                                                                                                                                                                                                                                                                                                                                                                                                                                                                                                                                                                                                                                                                                                                                                                                                                                                                                                                                                                                                                                                                                                                                                                                                                                                                                                                                                                                                                                                                                                                                                                                                                                                                                                                                                                                                                                                                                                                                                                                                                                                                                                                                                                                                                                                                                                                                                                                                                                                                                                                                                                                                                                                                                                                                                                                                                                                                                                                                                                                                                                                                                                                                                                                                                                                                                                                                                                                                                                                                                                                                                                                                                                                                                                                                                                                                                                                                                                                                                                                                                                                                                                                                                                                                                                                                                                                                                                                                                                                                                                                                                                                                                                                                                                                                                                                                                                                                                                                                                                                                                                                                                                                                                                                                                                                                                                                                                                                                                                                                                                                                                                                                                                                                                                                                                                                                                                                                                                                                                                                                                                                                                                                                                                                                                                                                                                                                                                                                                                                                                                                                                                                                                                                                                                                                                                                                                                                                                                                                                                                                                                                                                                                                                                                                                                                                                                                                                                                                                                                                                                                                                                                                                                                                                                                                                                                                                                                                                                                                                                                                                                                                                                                                                                                                                                                                                                                                                                                                                                                                                                                                                                                                                                                                                                                                                                                                                                                                                                                                                                                                                                                                                                                                                                                                                                                                                                                                                                                                                                                                                                                                                                                                                                                                                                                                                                                                                                                                                                                                                                                                                                                                                                                                                                                                                                                                                                                                                                                                                                                                                                                                                                                                                                                                                                                                                                                                                                                                                                                                                                                                                                                                                                                                                                                                                                                                                                                                                                                                                                                                                                                                                                                                                                                                                                                                                                                                                                                                                                                                                                                                                                                                                                                                                                                                                                                                                                                                                                                                                                                                                                                                                                                                                                                                                                                                                                                                                                                                                                                                                                                                                                                                                                                                                                                                                                                                                                                                                                                                                                                                                                                                                                                                                                                                                                                                                                                                                                                                                                                                                                                                                                                                                                                                                                                                                                                                                                                                                                                                                                                                                                                                                                                                                                                                                                                                                                                                                                                                                                                                                                                                                                                                                                                                                                                                                                                                                                                                                                                                                                                                                                                                                                                                                                                                                                                                                                                                                                                                                                                                                                                                                                                                                                                                                                                                                                                                                                                                                                                                                                                                                                                                                                                                                                                                                                                                                                                                                                                                                                                                                                                                                                                                                                                                                                                                                                                                                                                                                                                                                                                                                                                                                                                                                                                                                                                                                                                                                                                                                                                                                                                                                                                                                                                                                                                                                                                                                                                                                                                                                                                                                                                                                                                                                                                                                                                                                                                                                                                                                                                                                                                                                                                                                                                                                                                                                                                                                                                                                                                                                                                                                                                                                                                                                                                                                                                                                                                                                                                                                                                                                                                                                                                                                                                                                                                                                                                                                                                                                                                                                                                                                                                                                                                                                                                                                                                                                                                                                                                                                                                                                                                                                                                                                                                                                                                                                                                                                                                                                                                                                                                                                                                                                                                                                                                                                                                                                                                                                                                                                                                                                                                                                                                                                                                                                                                                                                                                                                                                                                                                                                                                                                                                                                                                                                                                                                                                                                                                                                                                                                                                                                                                                                                                                                                                                                                                                                                                                                                                                                                                                                                                                                                                                                                                                                                                                                                                                                                                                                                                                                                                                                                                                                                                                                                                                                                                                                                                                                                                                                                                                                                                                                                                                                                                                                                                                                                                                                                                                                                                                                                                                                                                                                                                                                                                                                                                                                                                                                                                                                                                                                                                                                                                                                                                                                                                                                                                                                                                                                                                                                                                                                                                                                                                                                                                                                                                                                                                                                                                                                                                                                                                                                                                                                                                                                                                                                                                                                                                                                                                                                                                                                                                                                                                                                                                                                                                                                                                                                                                                                                                                                                                                                                                                                                                                                                                                                                                                                                                                                                                                                                                                                                                                                                                                                                                                                                                                                                                                                                                                                                                                                                                                                                                                                                                                                                                                                                                                                                                                                                                                                                                                                                                                                                                                                                                                                                                                                                                                                                                                                                                                                                                                                                                                                                                                                                                                                                                                                                                                                                                                                                                                                                                                                                                                                                                                                                                                                                                                                                                                                                                                                                                                                                                                                                                                                                                                                                                                                                                                                                                                                                                                                                                                                                                                                                                                                                                                                                                                                                                                                                                                                                                                                                                                                                                                                                                                                                                                                                                                                                                                                                                                                                                                                                                                                                                                                                                                                                                                                                                                                                                                                                                                                                                                                                                                                                                                                                                                                                                                                                                                                                                                                                                                                                                                                                                                                                                                                                                                                                                                                                                                                                                                                                                                                                                                                                                                                                                                                                                                                                                                                                                                                                                                                                                                                                                                                                                                                                                                                                                                                                                                                                                                                                                                                                                                                                                                                                                                                                                                                                                                                                                                                                                                                                                                                                                                                                                                                                                                                                                                                                                                                                                                                                                                                                                                                                                                                                                                                                                                                                                                                                                                                                                                                                                                                                                                                                                                                                                                                                                                                                                                                                                                                                                                                                                                                                                                                                                                                                                                                                                                                                                                                                                                                                                                                                                                                                                                                                                                                                                                                                                                                                                                                                                                                                                                                                                                                                                                                                                                                                                                                                                                                                                                                                                                                                                                                                                                                                                                                                                                                                                                                                                                                                                                                                                                                                                                                                                                                                                                                                                                                                                                                                                                                                                                                                                                                                                                                                                                                                                                                                                                                                                                                                                                                                                                                                                                                                                                                                                                                                                                                                                                                                                                                                                                                                                                                                                                                                                                                                                                                                                                                                                                                                                                                                                                                                                                                                                                                                                                                                                                                                                                                                                                                                                                                                                                                                                                                                                                                                                                                                                                                                                                                                                                                                                                                                                                                                                                                                                                                                                                                                                                                                                                                                                                                                                                                                                                                                                                                                                                                                                                                                                                                                                                                                                                                                                                                                                                                                                                                                                                                                                                                                                                                                                                                                                                                                                                                                                                                                                                                                                                                                                                                                                                                                                                                                                                                                                                                                                                                                                                                                                                                                                                                                                                                                                                                                                                                                                                                                                                                                                                                                                                                                                                                                                                                                                                                                                                                                                                                                                                                                                                                                                                                                                                                                                                                                                                                                                                                                                                                                                                                                                                                                                                                                                       INFO:regular_website_pipeline:  🤖 Starting DeepSeek analysis...
INFO:simple_llm_analysis:  ⏳ Initializing DeepSeek client...
INFO:simple_llm_analysis:  ⏱️ DeepSeek client initialized in 1.21 seconds
INFO:httpx:HTTP Request: POST https://api.deepseek.com/chat/completions "HTTP/1.1 200 OK"
INFO:regular_website_pipeline:  ✓ Analysis complete. Found 1 opportunities.
ERROR:asyncio:Task exception was never retrieved
future: <Task finished name='Task-2395' coro=<AsyncClient.aclose() done, defined at C:\Users\jimcr\AppData\Roaming\Python\Python313\site-packages\httpx\_client.py:1996> exception=RuntimeError('Event loop is closed')>
Traceback (most recent call last):
  File "C:\Users\jimcr\AppData\Roaming\Python\Python313\site-packages\httpx\_client.py", line 2003, in aclose
    await self._transport.aclose()
  File "C:\Users\jimcr\AppData\Roaming\Python\Python313\site-packages\httpx\_transports\default.py", line 383, in aclose
    await self._pool.aclose()
  File "C:\Users\jimcr\AppData\Roaming\Python\Python313\site-packages\httpcore\_async\connection_pool.py", line 353, in aclose
    await self._close_connections(closing_connections)
  File "C:\Users\jimcr\AppData\Roaming\Python\Python313\site-packages\httpcore\_async\connection_pool.py", line 345, in _close_connections
    await connection.aclose()
  File "C:\Users\jimcr\AppData\Roaming\Python\Python313\site-packages\httpcore\_async\connection.py", line 173, in aclose
    await self._connection.aclose()
  File "C:\Users\jimcr\AppData\Roaming\Python\Python313\site-packages\httpcore\_async\http11.py", line 258, in aclose
    await self._network_stream.aclose()
  File "C:\Users\jimcr\AppData\Roaming\Python\Python313\site-packages\httpcore\_backends\anyio.py", line 53, in aclose
    await self._stream.aclose()
  File "C:\Users\jimcr\AppData\Roaming\Python\Python313\site-packages\anyio\streams\tls.py", line 236, in aclose
    await self.transport_stream.aclose()
  File "C:\Users\jimcr\AppData\Roaming\Python\Python313\site-packages\anyio\_backends\_asyncio.py", line 1344, in aclose
    self._transport.close()
    ~~~~~~~~~~~~~~~~~~~~~^^
  File "C:\Python313\Lib\asyncio\proactor_events.py", line 109, in close
    self._loop.call_soon(self._call_connection_lost, None)
    ~~~~~~~~~~~~~~~~~~~~^^^^^^^^^^^^^^^^^^^^^^^^^^^^^^^^^^
  File "C:\Python313\Lib\asyncio\base_events.py", line 828, in call_soon
    self._check_closed()
    ~~~~~~~~~~~~~~~~~~^^
  File "C:\Python313\Lib\asyncio\base_events.py", line 551, in _check_closed
    raise RuntimeError('Event loop is closed')
RuntimeError: Event loop is closed
INFO:regular_website_pipeline:  🤖 Starting DeepSeek analysis...
INFO:simple_llm_analysis:  ⏳ Initializing DeepSeek client...
INFO:simple_llm_analysis:  ⏱️ DeepSeek client initialized in 1.59 seconds
INFO:httpx:HTTP Request: POST https://api.deepseek.com/chat/completions "HTTP/1.1 200 OK"
INFO:regular_website_pipeline:  ✓ Analysis complete. Found 0 opportunities.
ERROR:asyncio:Task exception was never retrieved
future: <Task finished name='Task-2419' coro=<AsyncClient.aclose() done, defined at C:\Users\jimcr\AppData\Roaming\Python\Python313\site-packages\httpx\_client.py:1996> exception=RuntimeError('Event loop is closed')>
Traceback (most recent call last):
  File "C:\Users\jimcr\AppData\Roaming\Python\Python313\site-packages\httpx\_client.py", line 2003, in aclose
    await self._transport.aclose()
  File "C:\Users\jimcr\AppData\Roaming\Python\Python313\site-packages\httpx\_transports\default.py", line 383, in aclose
    await self._pool.aclose()
  File "C:\Users\jimcr\AppData\Roaming\Python\Python313\site-packages\httpcore\_async\connection_pool.py", line 353, in aclose
    await self._close_connections(closing_connections)
  File "C:\Users\jimcr\AppData\Roaming\Python\Python313\site-packages\httpcore\_async\connection_pool.py", line 345, in _close_connections
    await connection.aclose()
  File "C:\Users\jimcr\AppData\Roaming\Python\Python313\site-packages\httpcore\_async\connection.py", line 173, in aclose
    await self._connection.aclose()
  File "C:\Users\jimcr\AppData\Roaming\Python\Python313\site-packages\httpcore\_async\http11.py", line 258, in aclose
    await self._network_stream.aclose()
  File "C:\Users\jimcr\AppData\Roaming\Python\Python313\site-packages\httpcore\_backends\anyio.py", line 53, in aclose
    await self._stream.aclose()
  File "C:\Users\jimcr\AppData\Roaming\Python\Python313\site-packages\anyio\streams\tls.py", line 236, in aclose
    await self.transport_stream.aclose()
  File "C:\Users\jimcr\AppData\Roaming\Python\Python313\site-packages\anyio\_backends\_asyncio.py", line 1344, in aclose
    self._transport.close()
    ~~~~~~~~~~~~~~~~~~~~~^^
  File "C:\Python313\Lib\asyncio\proactor_events.py", line 109, in close
    self._loop.call_soon(self._call_connection_lost, None)
    ~~~~~~~~~~~~~~~~~~~~^^^^^^^^^^^^^^^^^^^^^^^^^^^^^^^^^^
  File "C:\Python313\Lib\asyncio\base_events.py", line 828, in call_soon
    self._check_closed()
    ~~~~~~~~~~~~~~~~~~^^
  File "C:\Python313\Lib\asyncio\base_events.py", line 551, in _check_closed
    raise RuntimeError('Event loop is closed')
RuntimeError: Event loop is closed
INFO:regular_website_pipeline:  🤖 Starting DeepSeek analysis...
INFO:simple_llm_analysis:  ⏳ Initializing DeepSeek client...
INFO:simple_llm_analysis:  ⏱️ DeepSeek client initialized in 1.55 seconds
INFO:httpx:HTTP Request: POST https://api.deepseek.com/chat/completions "HTTP/1.1 200 OK"
INFO:regular_website_pipeline:  ✓ Analysis complete. Found 2 opportunities.
ERROR:asyncio:Task exception was never retrieved
future: <Task finished name='Task-2450' coro=<AsyncClient.aclose() done, defined at C:\Users\jimcr\AppData\Roaming\Python\Python313\site-packages\httpx\_client.py:1996> exception=RuntimeError('Event loop is closed')>
Traceback (most recent call last):
  File "C:\Users\jimcr\AppData\Roaming\Python\Python313\site-packages\httpx\_client.py", line 2003, in aclose
    await self._transport.aclose()
  File "C:\Users\jimcr\AppData\Roaming\Python\Python313\site-packages\httpx\_transports\default.py", line 383, in aclose
    await self._pool.aclose()
  File "C:\Users\jimcr\AppData\Roaming\Python\Python313\site-packages\httpcore\_async\connection_pool.py", line 353, in aclose
    await self._close_connections(closing_connections)
  File "C:\Users\jimcr\AppData\Roaming\Python\Python313\site-packages\httpcore\_async\connection_pool.py", line 345, in _close_connections
    await connection.aclose()
  File "C:\Users\jimcr\AppData\Roaming\Python\Python313\site-packages\httpcore\_async\connection.py", line 173, in aclose
    await self._connection.aclose()
  File "C:\Users\jimcr\AppData\Roaming\Python\Python313\site-packages\httpcore\_async\http11.py", line 258, in aclose
    await self._network_stream.aclose()
  File "C:\Users\jimcr\AppData\Roaming\Python\Python313\site-packages\httpcore\_backends\anyio.py", line 53, in aclose
    await self._stream.aclose()
  File "C:\Users\jimcr\AppData\Roaming\Python\Python313\site-packages\anyio\streams\tls.py", line 236, in aclose
    await self.transport_stream.aclose()
  File "C:\Users\jimcr\AppData\Roaming\Python\Python313\site-packages\anyio\_backends\_asyncio.py", line 1344, in aclose
    self._transport.close()
    ~~~~~~~~~~~~~~~~~~~~~^^
  File "C:\Python313\Lib\asyncio\proactor_events.py", line 109, in close
    self._loop.call_soon(self._call_connection_lost, None)
    ~~~~~~~~~~~~~~~~~~~~^^^^^^^^^^^^^^^^^^^^^^^^^^^^^^^^^^
  File "C:\Python313\Lib\asyncio\base_events.py", line 828, in call_soon
    self._check_closed()
    ~~~~~~~~~~~~~~~~~~^^
  File "C:\Python313\Lib\asyncio\base_events.py", line 551, in _check_closed
    raise RuntimeError('Event loop is closed')
RuntimeError: Event loop is closed
INFO:regular_website_pipeline:  🤖 Starting DeepSeek analysis...
INFO:simple_llm_analysis:  ⏳ Initializing DeepSeek client...
INFO:simple_llm_analysis:  ⏱️ DeepSeek client initialized in 1.79 seconds
INFO:httpx:HTTP Request: POST https://api.deepseek.com/chat/completions "HTTP/1.1 200 OK"
INFO:regular_website_pipeline:  ✓ Analysis complete. Found 1 opportunities.
ERROR:asyncio:Task exception was never retrieved
future: <Task finished name='Task-2474' coro=<AsyncClient.aclose() done, defined at C:\Users\jimcr\AppData\Roaming\Python\Python313\site-packages\httpx\_client.py:1996> exception=RuntimeError('Event loop is closed')>
Traceback (most recent call last):
  File "C:\Users\jimcr\AppData\Roaming\Python\Python313\site-packages\httpx\_client.py", line 2003, in aclose
    await self._transport.aclose()
  File "C:\Users\jimcr\AppData\Roaming\Python\Python313\site-packages\httpx\_transports\default.py", line 383, in aclose
    await self._pool.aclose()
  File "C:\Users\jimcr\AppData\Roaming\Python\Python313\site-packages\httpcore\_async\connection_pool.py", line 353, in aclose
    await self._close_connections(closing_connections)
  File "C:\Users\jimcr\AppData\Roaming\Python\Python313\site-packages\httpcore\_async\connection_pool.py", line 345, in _close_connections
    await connection.aclose()
  File "C:\Users\jimcr\AppData\Roaming\Python\Python313\site-packages\httpcore\_async\connection.py", line 173, in aclose
    await self._connection.aclose()
  File "C:\Users\jimcr\AppData\Roaming\Python\Python313\site-packages\httpcore\_async\http11.py", line 258, in aclose
    await self._network_stream.aclose()
  File "C:\Users\jimcr\AppData\Roaming\Python\Python313\site-packages\httpcore\_backends\anyio.py", line 53, in aclose
    await self._stream.aclose()
  File "C:\Users\jimcr\AppData\Roaming\Python\Python313\site-packages\anyio\streams\tls.py", line 236, in aclose
    await self.transport_stream.aclose()
  File "C:\Users\jimcr\AppData\Roaming\Python\Python313\site-packages\anyio\_backends\_asyncio.py", line 1344, in aclose
    self._transport.close()
    ~~~~~~~~~~~~~~~~~~~~~^^
  File "C:\Python313\Lib\asyncio\proactor_events.py", line 109, in close
    self._loop.call_soon(self._call_connection_lost, None)
    ~~~~~~~~~~~~~~~~~~~~^^^^^^^^^^^^^^^^^^^^^^^^^^^^^^^^^^
  File "C:\Python313\Lib\asyncio\base_events.py", line 828, in call_soon
    self._check_closed()
    ~~~~~~~~~~~~~~~~~~^^
  File "C:\Python313\Lib\asyncio\base_events.py", line 551, in _check_closed
    raise RuntimeError('Event loop is closed')
RuntimeError: Event loop is closed
INFO:regular_website_pipeline:  🤖 Starting DeepSeek analysis...
INFO:simple_llm_analysis:  ⏳ Initializing DeepSeek client...
INFO:simple_llm_analysis:  ⏱️ DeepSeek client initialized in 1.68 seconds
INFO:httpx:HTTP Request: POST https://api.deepseek.com/chat/completions "HTTP/1.1 200 OK"
INFO:regular_website_pipeline:  ✓ Analysis complete. Found 1 opportunities.
ERROR:asyncio:Task exception was never retrieved
future: <Task finished name='Task-2505' coro=<AsyncClient.aclose() done, defined at C:\Users\jimcr\AppData\Roaming\Python\Python313\site-packages\httpx\_client.py:1996> exception=RuntimeError('Event loop is closed')>
Traceback (most recent call last):
  File "C:\Users\jimcr\AppData\Roaming\Python\Python313\site-packages\httpx\_client.py", line 2003, in aclose
    await self._transport.aclose()
  File "C:\Users\jimcr\AppData\Roaming\Python\Python313\site-packages\httpx\_transports\default.py", line 383, in aclose
    await self._pool.aclose()
  File "C:\Users\jimcr\AppData\Roaming\Python\Python313\site-packages\httpcore\_async\connection_pool.py", line 353, in aclose
    await self._close_connections(closing_connections)
  File "C:\Users\jimcr\AppData\Roaming\Python\Python313\site-packages\httpcore\_async\connection_pool.py", line 345, in _close_connections
    await connection.aclose()
  File "C:\Users\jimcr\AppData\Roaming\Python\Python313\site-packages\httpcore\_async\connection.py", line 173, in aclose
    await self._connection.aclose()
  File "C:\Users\jimcr\AppData\Roaming\Python\Python313\site-packages\httpcore\_async\http11.py", line 258, in aclose
    await self._network_stream.aclose()
  File "C:\Users\jimcr\AppData\Roaming\Python\Python313\site-packages\httpcore\_backends\anyio.py", line 53, in aclose
    await self._stream.aclose()
  File "C:\Users\jimcr\AppData\Roaming\Python\Python313\site-packages\anyio\streams\tls.py", line 236, in aclose
    await self.transport_stream.aclose()
  File "C:\Users\jimcr\AppData\Roaming\Python\Python313\site-packages\anyio\_backends\_asyncio.py", line 1344, in aclose
    self._transport.close()
    ~~~~~~~~~~~~~~~~~~~~~^^
  File "C:\Python313\Lib\asyncio\proactor_events.py", line 109, in close
    self._loop.call_soon(self._call_connection_lost, None)
    ~~~~~~~~~~~~~~~~~~~~^^^^^^^^^^^^^^^^^^^^^^^^^^^^^^^^^^
  File "C:\Python313\Lib\asyncio\base_events.py", line 828, in call_soon
    self._check_closed()
    ~~~~~~~~~~~~~~~~~~^^
  File "C:\Python313\Lib\asyncio\base_events.py", line 551, in _check_closed
    raise RuntimeError('Event loop is closed')
RuntimeError: Event loop is closed
INFO:regular_website_pipeline:  🤖 Starting DeepSeek analysis...
INFO:simple_llm_analysis:  ⏳ Initializing DeepSeek client...
INFO:simple_llm_analysis:  ⏱️ DeepSeek client initialized in 1.91 seconds
INFO:httpx:HTTP Request: POST https://api.deepseek.com/chat/completions "HTTP/1.1 200 OK"
INFO:regular_website_pipeline:  ✓ Analysis complete. Found 1 opportunities.
ERROR:asyncio:Task exception was never retrieved
future: <Task finished name='Task-2529' coro=<AsyncClient.aclose() done, defined at C:\Users\jimcr\AppData\Roaming\Python\Python313\site-packages\httpx\_client.py:1996> exception=RuntimeError('Event loop is closed')>
Traceback (most recent call last):
  File "C:\Users\jimcr\AppData\Roaming\Python\Python313\site-packages\httpx\_client.py", line 2003, in aclose
    await self._transport.aclose()
  File "C:\Users\jimcr\AppData\Roaming\Python\Python313\site-packages\httpx\_transports\default.py", line 383, in aclose
    await self._pool.aclose()
  File "C:\Users\jimcr\AppData\Roaming\Python\Python313\site-packages\httpcore\_async\connection_pool.py", line 353, in aclose
    await self._close_connections(closing_connections)
  File "C:\Users\jimcr\AppData\Roaming\Python\Python313\site-packages\httpcore\_async\connection_pool.py", line 345, in _close_connections
    await connection.aclose()
  File "C:\Users\jimcr\AppData\Roaming\Python\Python313\site-packages\httpcore\_async\connection.py", line 173, in aclose
    await self._connection.aclose()
  File "C:\Users\jimcr\AppData\Roaming\Python\Python313\site-packages\httpcore\_async\http11.py", line 258, in aclose
    await self._network_stream.aclose()
  File "C:\Users\jimcr\AppData\Roaming\Python\Python313\site-packages\httpcore\_backends\anyio.py", line 53, in aclose
    await self._stream.aclose()
  File "C:\Users\jimcr\AppData\Roaming\Python\Python313\site-packages\anyio\streams\tls.py", line 236, in aclose
    await self.transport_stream.aclose()
  File "C:\Users\jimcr\AppData\Roaming\Python\Python313\site-packages\anyio\_backends\_asyncio.py", line 1344, in aclose
    self._transport.close()
    ~~~~~~~~~~~~~~~~~~~~~^^
  File "C:\Python313\Lib\asyncio\proactor_events.py", line 109, in close
    self._loop.call_soon(self._call_connection_lost, None)
    ~~~~~~~~~~~~~~~~~~~~^^^^^^^^^^^^^^^^^^^^^^^^^^^^^^^^^^
  File "C:\Python313\Lib\asyncio\base_events.py", line 828, in call_soon
    self._check_closed()
    ~~~~~~~~~~~~~~~~~~^^
  File "C:\Python313\Lib\asyncio\base_events.py", line 551, in _check_closed
    raise RuntimeError('Event loop is closed')
RuntimeError: Event loop is closed
INFO:regular_website_pipeline:  🤖 Starting DeepSeek analysis...
INFO:simple_llm_analysis:  ⏳ Initializing DeepSeek client...
INFO:simple_llm_analysis:  ⏱️ DeepSeek client initialized in 1.79 seconds
INFO:httpx:HTTP Request: POST https://api.deepseek.com/chat/completions "HTTP/1.1 200 OK"
INFO:regular_website_pipeline:  ✓ Analysis complete. Found 0 opportunities.
ERROR:asyncio:Task exception was never retrieved
future: <Task finished name='Task-2553' coro=<AsyncClient.aclose() done, defined at C:\Users\jimcr\AppData\Roaming\Python\Python313\site-packages\httpx\_client.py:1996> exception=RuntimeError('Event loop is closed')>
Traceback (most recent call last):
  File "C:\Users\jimcr\AppData\Roaming\Python\Python313\site-packages\httpx\_client.py", line 2003, in aclose
    await self._transport.aclose()
  File "C:\Users\jimcr\AppData\Roaming\Python\Python313\site-packages\httpx\_transports\default.py", line 383, in aclose
    await self._pool.aclose()
  File "C:\Users\jimcr\AppData\Roaming\Python\Python313\site-packages\httpcore\_async\connection_pool.py", line 353, in aclose
    await self._close_connections(closing_connections)
  File "C:\Users\jimcr\AppData\Roaming\Python\Python313\site-packages\httpcore\_async\connection_pool.py", line 345, in _close_connections
    await connection.aclose()
  File "C:\Users\jimcr\AppData\Roaming\Python\Python313\site-packages\httpcore\_async\connection.py", line 173, in aclose
    await self._connection.aclose()
  File "C:\Users\jimcr\AppData\Roaming\Python\Python313\site-packages\httpcore\_async\http11.py", line 258, in aclose
    await self._network_stream.aclose()
  File "C:\Users\jimcr\AppData\Roaming\Python\Python313\site-packages\httpcore\_backends\anyio.py", line 53, in aclose
    await self._stream.aclose()
  File "C:\Users\jimcr\AppData\Roaming\Python\Python313\site-packages\anyio\streams\tls.py", line 236, in aclose
    await self.transport_stream.aclose()
  File "C:\Users\jimcr\AppData\Roaming\Python\Python313\site-packages\anyio\_backends\_asyncio.py", line 1344, in aclose
    self._transport.close()
    ~~~~~~~~~~~~~~~~~~~~~^^
  File "C:\Python313\Lib\asyncio\proactor_events.py", line 109, in close
    self._loop.call_soon(self._call_connection_lost, None)
    ~~~~~~~~~~~~~~~~~~~~^^^^^^^^^^^^^^^^^^^^^^^^^^^^^^^^^^
  File "C:\Python313\Lib\asyncio\base_events.py", line 828, in call_soon
    self._check_closed()
    ~~~~~~~~~~~~~~~~~~^^
  File "C:\Python313\Lib\asyncio\base_events.py", line 551, in _check_closed
    raise RuntimeError('Event loop is closed')
RuntimeError: Event loop is closed
INFO:regular_website_pipeline:  🤖 Starting DeepSeek analysis...
INFO:simple_llm_analysis:  ⏳ Initializing DeepSeek client...
INFO:simple_llm_analysis:  ⏱️ DeepSeek client initialized in 2.29 seconds
INFO:httpx:HTTP Request: POST https://api.deepseek.com/chat/completions "HTTP/1.1 200 OK"
INFO:regular_website_pipeline:  ✓ Analysis complete. Found 1 opportunities.
ERROR:asyncio:Task exception was never retrieved
future: <Task finished name='Task-2584' coro=<AsyncClient.aclose() done, defined at C:\Users\jimcr\AppData\Roaming\Python\Python313\site-packages\httpx\_client.py:1996> exception=RuntimeError('Event loop is closed')>
Traceback (most recent call last):
  File "C:\Users\jimcr\AppData\Roaming\Python\Python313\site-packages\httpx\_client.py", line 2003, in aclose
    await self._transport.aclose()
  File "C:\Users\jimcr\AppData\Roaming\Python\Python313\site-packages\httpx\_transports\default.py", line 383, in aclose
    await self._pool.aclose()
  File "C:\Users\jimcr\AppData\Roaming\Python\Python313\site-packages\httpcore\_async\connection_pool.py", line 353, in aclose
    await self._close_connections(closing_connections)
  File "C:\Users\jimcr\AppData\Roaming\Python\Python313\site-packages\httpcore\_async\connection_pool.py", line 345, in _close_connections
    await connection.aclose()
  File "C:\Users\jimcr\AppData\Roaming\Python\Python313\site-packages\httpcore\_async\connection.py", line 173, in aclose
    await self._connection.aclose()
  File "C:\Users\jimcr\AppData\Roaming\Python\Python313\site-packages\httpcore\_async\http11.py", line 258, in aclose
    await self._network_stream.aclose()
  File "C:\Users\jimcr\AppData\Roaming\Python\Python313\site-packages\httpcore\_backends\anyio.py", line 53, in aclose
    await self._stream.aclose()
  File "C:\Users\jimcr\AppData\Roaming\Python\Python313\site-packages\anyio\streams\tls.py", line 236, in aclose
    await self.transport_stream.aclose()
  File "C:\Users\jimcr\AppData\Roaming\Python\Python313\site-packages\anyio\_backends\_asyncio.py", line 1344, in aclose
    self._transport.close()
    ~~~~~~~~~~~~~~~~~~~~~^^
  File "C:\Python313\Lib\asyncio\proactor_events.py", line 109, in close
    self._loop.call_soon(self._call_connection_lost, None)
    ~~~~~~~~~~~~~~~~~~~~^^^^^^^^^^^^^^^^^^^^^^^^^^^^^^^^^^
  File "C:\Python313\Lib\asyncio\base_events.py", line 828, in call_soon
    self._check_closed()
    ~~~~~~~~~~~~~~~~~~^^
  File "C:\Python313\Lib\asyncio\base_events.py", line 551, in _check_closed
    raise RuntimeError('Event loop is closed')
RuntimeError: Event loop is closed
INFO:regular_website_pipeline:  🤖 Starting DeepSeek analysis...
INFO:simple_llm_analysis:  ⏳ Initializing DeepSeek client...
INFO:simple_llm_analysis:  ⏱️ DeepSeek client initialized in 1.52 seconds
INFO:httpx:HTTP Request: POST https://api.deepseek.com/chat/completions "HTTP/1.1 200 OK"
INFO:regular_website_pipeline:  ✓ Analysis complete. Found 2 opportunities.
ERROR:asyncio:Task exception was never retrieved
future: <Task finished name='Task-2615' coro=<AsyncClient.aclose() done, defined at C:\Users\jimcr\AppData\Roaming\Python\Python313\site-packages\httpx\_client.py:1996> exception=RuntimeError('Event loop is closed')>
Traceback (most recent call last):
  File "C:\Users\jimcr\AppData\Roaming\Python\Python313\site-packages\httpx\_client.py", line 2003, in aclose
    await self._transport.aclose()
  File "C:\Users\jimcr\AppData\Roaming\Python\Python313\site-packages\httpx\_transports\default.py", line 383, in aclose
    await self._pool.aclose()
  File "C:\Users\jimcr\AppData\Roaming\Python\Python313\site-packages\httpcore\_async\connection_pool.py", line 353, in aclose
    await self._close_connections(closing_connections)
  File "C:\Users\jimcr\AppData\Roaming\Python\Python313\site-packages\httpcore\_async\connection_pool.py", line 345, in _close_connections
    await connection.aclose()
  File "C:\Users\jimcr\AppData\Roaming\Python\Python313\site-packages\httpcore\_async\connection.py", line 173, in aclose
    await self._connection.aclose()
  File "C:\Users\jimcr\AppData\Roaming\Python\Python313\site-packages\httpcore\_async\http11.py", line 258, in aclose
    await self._network_stream.aclose()
  File "C:\Users\jimcr\AppData\Roaming\Python\Python313\site-packages\httpcore\_backends\anyio.py", line 53, in aclose
    await self._stream.aclose()
  File "C:\Users\jimcr\AppData\Roaming\Python\Python313\site-packages\anyio\streams\tls.py", line 236, in aclose
    await self.transport_stream.aclose()
  File "C:\Users\jimcr\AppData\Roaming\Python\Python313\site-packages\anyio\_backends\_asyncio.py", line 1344, in aclose
    self._transport.close()
    ~~~~~~~~~~~~~~~~~~~~~^^
  File "C:\Python313\Lib\asyncio\proactor_events.py", line 109, in close
    self._loop.call_soon(self._call_connection_lost, None)
    ~~~~~~~~~~~~~~~~~~~~^^^^^^^^^^^^^^^^^^^^^^^^^^^^^^^^^^
  File "C:\Python313\Lib\asyncio\base_events.py", line 828, in call_soon
    self._check_closed()
    ~~~~~~~~~~~~~~~~~~^^
  File "C:\Python313\Lib\asyncio\base_events.py", line 551, in _check_closed
    raise RuntimeError('Event loop is closed')
RuntimeError: Event loop is closed
INFO:regular_website_pipeline:  🤖 Starting DeepSeek analysis...
INFO:simple_llm_analysis:  ⏳ Initializing DeepSeek client...
INFO:simple_llm_analysis:  ⏱️ DeepSeek client initialized in 2.02 seconds
INFO:httpx:HTTP Request: POST https://api.deepseek.com/chat/completions "HTTP/1.1 200 OK"
INFO:regular_website_pipeline:  ✓ Analysis complete. Found 1 opportunities.
ERROR:asyncio:Task exception was never retrieved
future: <Task finished name='Task-2640' coro=<AsyncClient.aclose() done, defined at C:\Users\jimcr\AppData\Roaming\Python\Python313\site-packages\httpx\_client.py:1996> exception=RuntimeError('Event loop is closed')>
Traceback (most recent call last):
  File "C:\Users\jimcr\AppData\Roaming\Python\Python313\site-packages\httpx\_client.py", line 2003, in aclose
    await self._transport.aclose()
  File "C:\Users\jimcr\AppData\Roaming\Python\Python313\site-packages\httpx\_transports\default.py", line 383, in aclose
    await self._pool.aclose()
  File "C:\Users\jimcr\AppData\Roaming\Python\Python313\site-packages\httpcore\_async\connection_pool.py", line 353, in aclose
    await self._close_connections(closing_connections)
  File "C:\Users\jimcr\AppData\Roaming\Python\Python313\site-packages\httpcore\_async\connection_pool.py", line 345, in _close_connections
    await connection.aclose()
  File "C:\Users\jimcr\AppData\Roaming\Python\Python313\site-packages\httpcore\_async\connection.py", line 173, in aclose
    await self._connection.aclose()
  File "C:\Users\jimcr\AppData\Roaming\Python\Python313\site-packages\httpcore\_async\http11.py", line 258, in aclose
    await self._network_stream.aclose()
  File "C:\Users\jimcr\AppData\Roaming\Python\Python313\site-packages\httpcore\_backends\anyio.py", line 53, in aclose
    await self._stream.aclose()
  File "C:\Users\jimcr\AppData\Roaming\Python\Python313\site-packages\anyio\streams\tls.py", line 236, in aclose
    await self.transport_stream.aclose()
  File "C:\Users\jimcr\AppData\Roaming\Python\Python313\site-packages\anyio\_backends\_asyncio.py", line 1344, in aclose
    self._transport.close()
    ~~~~~~~~~~~~~~~~~~~~~^^
  File "C:\Python313\Lib\asyncio\proactor_events.py", line 109, in close
    self._loop.call_soon(self._call_connection_lost, None)
    ~~~~~~~~~~~~~~~~~~~~^^^^^^^^^^^^^^^^^^^^^^^^^^^^^^^^^^
  File "C:\Python313\Lib\asyncio\base_events.py", line 828, in call_soon
    self._check_closed()
    ~~~~~~~~~~~~~~~~~~^^
  File "C:\Python313\Lib\asyncio\base_events.py", line 551, in _check_closed
    raise RuntimeError('Event loop is closed')
RuntimeError: Event loop is closed
INFO:regular_website_pipeline:  🤖 Starting DeepSeek analysis...
INFO:simple_llm_analysis:  ⏳ Initializing DeepSeek client...
INFO:simple_llm_analysis:  ⏱️ DeepSeek client initialized in 1.99 seconds
INFO:httpx:HTTP Request: POST https://api.deepseek.com/chat/completions "HTTP/1.1 200 OK"
INFO:regular_website_pipeline:  ✓ Analysis complete. Found 0 opportunities.
ERROR:asyncio:Task exception was never retrieved
future: <Task finished name='Task-2664' coro=<AsyncClient.aclose() done, defined at C:\Users\jimcr\AppData\Roaming\Python\Python313\site-packages\httpx\_client.py:1996> exception=RuntimeError('Event loop is closed')>
Traceback (most recent call last):
  File "C:\Users\jimcr\AppData\Roaming\Python\Python313\site-packages\httpx\_client.py", line 2003, in aclose
    await self._transport.aclose()
  File "C:\Users\jimcr\AppData\Roaming\Python\Python313\site-packages\httpx\_transports\default.py", line 383, in aclose
    await self._pool.aclose()
  File "C:\Users\jimcr\AppData\Roaming\Python\Python313\site-packages\httpcore\_async\connection_pool.py", line 353, in aclose
    await self._close_connections(closing_connections)
  File "C:\Users\jimcr\AppData\Roaming\Python\Python313\site-packages\httpcore\_async\connection_pool.py", line 345, in _close_connections
    await connection.aclose()
  File "C:\Users\jimcr\AppData\Roaming\Python\Python313\site-packages\httpcore\_async\connection.py", line 173, in aclose
    await self._connection.aclose()
  File "C:\Users\jimcr\AppData\Roaming\Python\Python313\site-packages\httpcore\_async\http11.py", line 258, in aclose
    await self._network_stream.aclose()
  File "C:\Users\jimcr\AppData\Roaming\Python\Python313\site-packages\httpcore\_backends\anyio.py", line 53, in aclose
    await self._stream.aclose()
  File "C:\Users\jimcr\AppData\Roaming\Python\Python313\site-packages\anyio\streams\tls.py", line 236, in aclose
    await self.transport_stream.aclose()
  File "C:\Users\jimcr\AppData\Roaming\Python\Python313\site-packages\anyio\_backends\_asyncio.py", line 1344, in aclose
    self._transport.close()
    ~~~~~~~~~~~~~~~~~~~~~^^
  File "C:\Python313\Lib\asyncio\proactor_events.py", line 109, in close
    self._loop.call_soon(self._call_connection_lost, None)
    ~~~~~~~~~~~~~~~~~~~~^^^^^^^^^^^^^^^^^^^^^^^^^^^^^^^^^^
  File "C:\Python313\Lib\asyncio\base_events.py", line 828, in call_soon
    self._check_closed()
    ~~~~~~~~~~~~~~~~~~^^
  File "C:\Python313\Lib\asyncio\base_events.py", line 551, in _check_closed
    raise RuntimeError('Event loop is closed')
RuntimeError: Event loop is closed
INFO:regular_website_pipeline:  🤖 Starting DeepSeek analysis...
INFO:simple_llm_analysis:  ⏳ Initializing DeepSeek client...
INFO:simple_llm_analysis:  ⏱️ DeepSeek client initialized in 2.02 seconds
INFO:httpx:HTTP Request: POST https://api.deepseek.com/chat/completions "HTTP/1.1 200 OK"
INFO:regular_website_pipeline:  ✓ Analysis complete. Found 0 opportunities.
ERROR:asyncio:Task exception was never retrieved
future: <Task finished name='Task-2688' coro=<AsyncClient.aclose() done, defined at C:\Users\jimcr\AppData\Roaming\Python\Python313\site-packages\httpx\_client.py:1996> exception=RuntimeError('Event loop is closed')>
Traceback (most recent call last):
  File "C:\Users\jimcr\AppData\Roaming\Python\Python313\site-packages\httpx\_client.py", line 2003, in aclose
    await self._transport.aclose()
  File "C:\Users\jimcr\AppData\Roaming\Python\Python313\site-packages\httpx\_transports\default.py", line 383, in aclose
    await self._pool.aclose()
  File "C:\Users\jimcr\AppData\Roaming\Python\Python313\site-packages\httpcore\_async\connection_pool.py", line 353, in aclose
    await self._close_connections(closing_connections)
  File "C:\Users\jimcr\AppData\Roaming\Python\Python313\site-packages\httpcore\_async\connection_pool.py", line 345, in _close_connections
    await connection.aclose()
  File "C:\Users\jimcr\AppData\Roaming\Python\Python313\site-packages\httpcore\_async\connection.py", line 173, in aclose
    await self._connection.aclose()
  File "C:\Users\jimcr\AppData\Roaming\Python\Python313\site-packages\httpcore\_async\http11.py", line 258, in aclose
    await self._network_stream.aclose()
  File "C:\Users\jimcr\AppData\Roaming\Python\Python313\site-packages\httpcore\_backends\anyio.py", line 53, in aclose
    await self._stream.aclose()
  File "C:\Users\jimcr\AppData\Roaming\Python\Python313\site-packages\anyio\streams\tls.py", line 236, in aclose
    await self.transport_stream.aclose()
  File "C:\Users\jimcr\AppData\Roaming\Python\Python313\site-packages\anyio\_backends\_asyncio.py", line 1344, in aclose
    self._transport.close()
    ~~~~~~~~~~~~~~~~~~~~~^^
  File "C:\Python313\Lib\asyncio\proactor_events.py", line 109, in close
    self._loop.call_soon(self._call_connection_lost, None)
    ~~~~~~~~~~~~~~~~~~~~^^^^^^^^^^^^^^^^^^^^^^^^^^^^^^^^^^
  File "C:\Python313\Lib\asyncio\base_events.py", line 828, in call_soon
    self._check_closed()
    ~~~~~~~~~~~~~~~~~~^^
  File "C:\Python313\Lib\asyncio\base_events.py", line 551, in _check_closed
    raise RuntimeError('Event loop is closed')
RuntimeError: Event loop is closed
INFO:regular_website_pipeline:  🤖 Starting DeepSeek analysis...
INFO:simple_llm_analysis:  ⏳ Initializing DeepSeek client...
INFO:simple_llm_analysis:  ⏱️ DeepSeek client initialized in 1.63 seconds
INFO:httpx:HTTP Request: POST https://api.deepseek.com/chat/completions "HTTP/1.1 200 OK"
INFO:regular_website_pipeline:  ✓ Analysis complete. Found 0 opportunities.
ERROR:asyncio:Task exception was never retrieved
future: <Task finished name='Task-2719' coro=<AsyncClient.aclose() done, defined at C:\Users\jimcr\AppData\Roaming\Python\Python313\site-packages\httpx\_client.py:1996> exception=RuntimeError('Event loop is closed')>
Traceback (most recent call last):
  File "C:\Users\jimcr\AppData\Roaming\Python\Python313\site-packages\httpx\_client.py", line 2003, in aclose
    await self._transport.aclose()
  File "C:\Users\jimcr\AppData\Roaming\Python\Python313\site-packages\httpx\_transports\default.py", line 383, in aclose
    await self._pool.aclose()
  File "C:\Users\jimcr\AppData\Roaming\Python\Python313\site-packages\httpcore\_async\connection_pool.py", line 353, in aclose
    await self._close_connections(closing_connections)
  File "C:\Users\jimcr\AppData\Roaming\Python\Python313\site-packages\httpcore\_async\connection_pool.py", line 345, in _close_connections
    await connection.aclose()
  File "C:\Users\jimcr\AppData\Roaming\Python\Python313\site-packages\httpcore\_async\connection.py", line 173, in aclose
    await self._connection.aclose()
  File "C:\Users\jimcr\AppData\Roaming\Python\Python313\site-packages\httpcore\_async\http11.py", line 258, in aclose
    await self._network_stream.aclose()
  File "C:\Users\jimcr\AppData\Roaming\Python\Python313\site-packages\httpcore\_backends\anyio.py", line 53, in aclose
    await self._stream.aclose()
  File "C:\Users\jimcr\AppData\Roaming\Python\Python313\site-packages\anyio\streams\tls.py", line 236, in aclose
    await self.transport_stream.aclose()
  File "C:\Users\jimcr\AppData\Roaming\Python\Python313\site-packages\anyio\_backends\_asyncio.py", line 1344, in aclose
    self._transport.close()
    ~~~~~~~~~~~~~~~~~~~~~^^
  File "C:\Python313\Lib\asyncio\proactor_events.py", line 109, in close
    self._loop.call_soon(self._call_connection_lost, None)
    ~~~~~~~~~~~~~~~~~~~~^^^^^^^^^^^^^^^^^^^^^^^^^^^^^^^^^^
  File "C:\Python313\Lib\asyncio\base_events.py", line 828, in call_soon
    self._check_closed()
    ~~~~~~~~~~~~~~~~~~^^
  File "C:\Python313\Lib\asyncio\base_events.py", line 551, in _check_closed
    raise RuntimeError('Event loop is closed')
RuntimeError: Event loop is closed
INFO:regular_website_pipeline:  🤖 Starting DeepSeek analysis...
INFO:simple_llm_analysis:  ⏳ Initializing DeepSeek client...
INFO:simple_llm_analysis:  ⏱️ DeepSeek client initialized in 1.99 seconds
INFO:httpx:HTTP Request: POST https://api.deepseek.com/chat/completions "HTTP/1.1 200 OK"
INFO:regular_website_pipeline:  ✓ Analysis complete. Found 7 opportunities.
ERROR:asyncio:Task exception was never retrieved
future: <Task finished name='Task-2750' coro=<AsyncClient.aclose() done, defined at C:\Users\jimcr\AppData\Roaming\Python\Python313\site-packages\httpx\_client.py:1996> exception=RuntimeError('Event loop is closed')>
Traceback (most recent call last):
  File "C:\Users\jimcr\AppData\Roaming\Python\Python313\site-packages\httpx\_client.py", line 2003, in aclose
    await self._transport.aclose()
  File "C:\Users\jimcr\AppData\Roaming\Python\Python313\site-packages\httpx\_transports\default.py", line 383, in aclose
    await self._pool.aclose()
  File "C:\Users\jimcr\AppData\Roaming\Python\Python313\site-packages\httpcore\_async\connection_pool.py", line 353, in aclose
    await self._close_connections(closing_connections)
  File "C:\Users\jimcr\AppData\Roaming\Python\Python313\site-packages\httpcore\_async\connection_pool.py", line 345, in _close_connections
    await connection.aclose()
  File "C:\Users\jimcr\AppData\Roaming\Python\Python313\site-packages\httpcore\_async\connection.py", line 173, in aclose
    await self._connection.aclose()
  File "C:\Users\jimcr\AppData\Roaming\Python\Python313\site-packages\httpcore\_async\http11.py", line 258, in aclose
    await self._network_stream.aclose()
  File "C:\Users\jimcr\AppData\Roaming\Python\Python313\site-packages\httpcore\_backends\anyio.py", line 53, in aclose
    await self._stream.aclose()
  File "C:\Users\jimcr\AppData\Roaming\Python\Python313\site-packages\anyio\streams\tls.py", line 236, in aclose
    await self.transport_stream.aclose()
  File "C:\Users\jimcr\AppData\Roaming\Python\Python313\site-packages\anyio\_backends\_asyncio.py", line 1344, in aclose
    self._transport.close()
    ~~~~~~~~~~~~~~~~~~~~~^^
  File "C:\Python313\Lib\asyncio\proactor_events.py", line 109, in close
    self._loop.call_soon(self._call_connection_lost, None)
    ~~~~~~~~~~~~~~~~~~~~^^^^^^^^^^^^^^^^^^^^^^^^^^^^^^^^^^
  File "C:\Python313\Lib\asyncio\base_events.py", line 828, in call_soon
    self._check_closed()
    ~~~~~~~~~~~~~~~~~~^^
  File "C:\Python313\Lib\asyncio\base_events.py", line 551, in _check_closed
    raise RuntimeError('Event loop is closed')
RuntimeError: Event loop is closed
INFO:regular_website_pipeline:  🤖 Starting DeepSeek analysis...
INFO:simple_llm_analysis:  ⏳ Initializing DeepSeek client...
INFO:simple_llm_analysis:  ⏱️ DeepSeek client initialized in 1.58 seconds
INFO:httpx:HTTP Request: POST https://api.deepseek.com/chat/completions "HTTP/1.1 200 OK"
INFO:regular_website_pipeline:  ✓ Analysis complete. Found 0 opportunities.
ERROR:asyncio:Task exception was never retrieved
future: <Task finished name='Task-2781' coro=<AsyncClient.aclose() done, defined at C:\Users\jimcr\AppData\Roaming\Python\Python313\site-packages\httpx\_client.py:1996> exception=RuntimeError('Event loop is closed')>
Traceback (most recent call last):
  File "C:\Users\jimcr\AppData\Roaming\Python\Python313\site-packages\httpx\_client.py", line 2003, in aclose
    await self._transport.aclose()
  File "C:\Users\jimcr\AppData\Roaming\Python\Python313\site-packages\httpx\_transports\default.py", line 383, in aclose
    await self._pool.aclose()
  File "C:\Users\jimcr\AppData\Roaming\Python\Python313\site-packages\httpcore\_async\connection_pool.py", line 353, in aclose
    await self._close_connections(closing_connections)
  File "C:\Users\jimcr\AppData\Roaming\Python\Python313\site-packages\httpcore\_async\connection_pool.py", line 345, in _close_connections
    await connection.aclose()
  File "C:\Users\jimcr\AppData\Roaming\Python\Python313\site-packages\httpcore\_async\connection.py", line 173, in aclose
    await self._connection.aclose()
  File "C:\Users\jimcr\AppData\Roaming\Python\Python313\site-packages\httpcore\_async\http11.py", line 258, in aclose
    await self._network_stream.aclose()
  File "C:\Users\jimcr\AppData\Roaming\Python\Python313\site-packages\httpcore\_backends\anyio.py", line 53, in aclose
    await self._stream.aclose()
  File "C:\Users\jimcr\AppData\Roaming\Python\Python313\site-packages\anyio\streams\tls.py", line 236, in aclose
    await self.transport_stream.aclose()
  File "C:\Users\jimcr\AppData\Roaming\Python\Python313\site-packages\anyio\_backends\_asyncio.py", line 1344, in aclose
    self._transport.close()
    ~~~~~~~~~~~~~~~~~~~~~^^
  File "C:\Python313\Lib\asyncio\proactor_events.py", line 109, in close
    self._loop.call_soon(self._call_connection_lost, None)
    ~~~~~~~~~~~~~~~~~~~~^^^^^^^^^^^^^^^^^^^^^^^^^^^^^^^^^^
  File "C:\Python313\Lib\asyncio\base_events.py", line 828, in call_soon
    self._check_closed()
    ~~~~~~~~~~~~~~~~~~^^
  File "C:\Python313\Lib\asyncio\base_events.py", line 551, in _check_closed
    raise RuntimeError('Event loop is closed')
RuntimeError: Event loop is closed
INFO:regular_website_pipeline:  🤖 Starting DeepSeek analysis...
INFO:simple_llm_analysis:  ⏳ Initializing DeepSeek client...
INFO:simple_llm_analysis:  ⏱️ DeepSeek client initialized in 3.02 seconds
INFO:httpx:HTTP Request: POST https://api.deepseek.com/chat/completions "HTTP/1.1 200 OK"
INFO:regular_website_pipeline:  ✓ Analysis complete. Found 0 opportunities.
ERROR:asyncio:Task exception was never retrieved
future: <Task finished name='Task-2812' coro=<AsyncClient.aclose() done, defined at C:\Users\jimcr\AppData\Roaming\Python\Python313\site-packages\httpx\_client.py:1996> exception=RuntimeError('Event loop is closed')>
Traceback (most recent call last):
  File "C:\Users\jimcr\AppData\Roaming\Python\Python313\site-packages\httpx\_client.py", line 2003, in aclose
    await self._transport.aclose()
  File "C:\Users\jimcr\AppData\Roaming\Python\Python313\site-packages\httpx\_transports\default.py", line 383, in aclose
    await self._pool.aclose()
  File "C:\Users\jimcr\AppData\Roaming\Python\Python313\site-packages\httpcore\_async\connection_pool.py", line 353, in aclose
    await self._close_connections(closing_connections)
  File "C:\Users\jimcr\AppData\Roaming\Python\Python313\site-packages\httpcore\_async\connection_pool.py", line 345, in _close_connections
    await connection.aclose()
  File "C:\Users\jimcr\AppData\Roaming\Python\Python313\site-packages\httpcore\_async\connection.py", line 173, in aclose
    await self._connection.aclose()
  File "C:\Users\jimcr\AppData\Roaming\Python\Python313\site-packages\httpcore\_async\http11.py", line 258, in aclose
    await self._network_stream.aclose()
  File "C:\Users\jimcr\AppData\Roaming\Python\Python313\site-packages\httpcore\_backends\anyio.py", line 53, in aclose
    await self._stream.aclose()
  File "C:\Users\jimcr\AppData\Roaming\Python\Python313\site-packages\anyio\streams\tls.py", line 236, in aclose
    await self.transport_stream.aclose()
  File "C:\Users\jimcr\AppData\Roaming\Python\Python313\site-packages\anyio\_backends\_asyncio.py", line 1344, in aclose
    self._transport.close()
    ~~~~~~~~~~~~~~~~~~~~~^^
  File "C:\Python313\Lib\asyncio\proactor_events.py", line 109, in close
    self._loop.call_soon(self._call_connection_lost, None)
    ~~~~~~~~~~~~~~~~~~~~^^^^^^^^^^^^^^^^^^^^^^^^^^^^^^^^^^
  File "C:\Python313\Lib\asyncio\base_events.py", line 828, in call_soon
    self._check_closed()
    ~~~~~~~~~~~~~~~~~~^^
  File "C:\Python313\Lib\asyncio\base_events.py", line 551, in _check_closed
    raise RuntimeError('Event loop is closed')
RuntimeError: Event loop is closed
INFO:regular_website_pipeline:  🤖 Starting DeepSeek analysis...
INFO:simple_llm_analysis:  ⏳ Initializing DeepSeek client...
INFO:simple_llm_analysis:  ⏱️ DeepSeek client initialized in 2.16 seconds
INFO:httpx:HTTP Request: POST https://api.deepseek.com/chat/completions "HTTP/1.1 200 OK"
INFO:regular_website_pipeline:  ✓ Analysis complete. Found 3 opportunities.
ERROR:asyncio:Task exception was never retrieved
future: <Task finished name='Task-2843' coro=<AsyncClient.aclose() done, defined at C:\Users\jimcr\AppData\Roaming\Python\Python313\site-packages\httpx\_client.py:1996> exception=RuntimeError('Event loop is closed')>
Traceback (most recent call last):
  File "C:\Users\jimcr\AppData\Roaming\Python\Python313\site-packages\httpx\_client.py", line 2003, in aclose
    await self._transport.aclose()
  File "C:\Users\jimcr\AppData\Roaming\Python\Python313\site-packages\httpx\_transports\default.py", line 383, in aclose
    await self._pool.aclose()
  File "C:\Users\jimcr\AppData\Roaming\Python\Python313\site-packages\httpcore\_async\connection_pool.py", line 353, in aclose
    await self._close_connections(closing_connections)
  File "C:\Users\jimcr\AppData\Roaming\Python\Python313\site-packages\httpcore\_async\connection_pool.py", line 345, in _close_connections
    await connection.aclose()
  File "C:\Users\jimcr\AppData\Roaming\Python\Python313\site-packages\httpcore\_async\connection.py", line 173, in aclose
    await self._connection.aclose()
  File "C:\Users\jimcr\AppData\Roaming\Python\Python313\site-packages\httpcore\_async\http11.py", line 258, in aclose
    await self._network_stream.aclose()
  File "C:\Users\jimcr\AppData\Roaming\Python\Python313\site-packages\httpcore\_backends\anyio.py", line 53, in aclose
    await self._stream.aclose()
  File "C:\Users\jimcr\AppData\Roaming\Python\Python313\site-packages\anyio\streams\tls.py", line 236, in aclose
    await self.transport_stream.aclose()
  File "C:\Users\jimcr\AppData\Roaming\Python\Python313\site-packages\anyio\_backends\_asyncio.py", line 1344, in aclose
    self._transport.close()
    ~~~~~~~~~~~~~~~~~~~~~^^
  File "C:\Python313\Lib\asyncio\proactor_events.py", line 109, in close
    self._loop.call_soon(self._call_connection_lost, None)
    ~~~~~~~~~~~~~~~~~~~~^^^^^^^^^^^^^^^^^^^^^^^^^^^^^^^^^^
  File "C:\Python313\Lib\asyncio\base_events.py", line 828, in call_soon
    self._check_closed()
    ~~~~~~~~~~~~~~~~~~^^
  File "C:\Python313\Lib\asyncio\base_events.py", line 551, in _check_closed
    raise RuntimeError('Event loop is closed')
RuntimeError: Event loop is closed
INFO:regular_website_pipeline:  🤖 Starting DeepSeek analysis...
INFO:simple_llm_analysis:  ⏳ Initializing DeepSeek client...
INFO:simple_llm_analysis:  ⏱️ DeepSeek client initialized in 2.23 seconds
INFO:httpx:HTTP Request: POST https://api.deepseek.com/chat/completions "HTTP/1.1 200 OK"
INFO:regular_website_pipeline:  ✓ Analysis complete. Found 2 opportunities.
ERROR:asyncio:Task exception was never retrieved
future: <Task finished name='Task-2867' coro=<AsyncClient.aclose() done, defined at C:\Users\jimcr\AppData\Roaming\Python\Python313\site-packages\httpx\_client.py:1996> exception=RuntimeError('Event loop is closed')>
Traceback (most recent call last):
  File "C:\Users\jimcr\AppData\Roaming\Python\Python313\site-packages\httpx\_client.py", line 2003, in aclose
    await self._transport.aclose()
  File "C:\Users\jimcr\AppData\Roaming\Python\Python313\site-packages\httpx\_transports\default.py", line 383, in aclose
    await self._pool.aclose()
  File "C:\Users\jimcr\AppData\Roaming\Python\Python313\site-packages\httpcore\_async\connection_pool.py", line 353, in aclose
    await self._close_connections(closing_connections)
  File "C:\Users\jimcr\AppData\Roaming\Python\Python313\site-packages\httpcore\_async\connection_pool.py", line 345, in _close_connections
    await connection.aclose()
  File "C:\Users\jimcr\AppData\Roaming\Python\Python313\site-packages\httpcore\_async\connection.py", line 173, in aclose
    await self._connection.aclose()
  File "C:\Users\jimcr\AppData\Roaming\Python\Python313\site-packages\httpcore\_async\http11.py", line 258, in aclose
    await self._network_stream.aclose()
  File "C:\Users\jimcr\AppData\Roaming\Python\Python313\site-packages\httpcore\_backends\anyio.py", line 53, in aclose
    await self._stream.aclose()
  File "C:\Users\jimcr\AppData\Roaming\Python\Python313\site-packages\anyio\streams\tls.py", line 236, in aclose
    await self.transport_stream.aclose()
  File "C:\Users\jimcr\AppData\Roaming\Python\Python313\site-packages\anyio\_backends\_asyncio.py", line 1344, in aclose
    self._transport.close()
    ~~~~~~~~~~~~~~~~~~~~~^^
  File "C:\Python313\Lib\asyncio\proactor_events.py", line 109, in close
    self._loop.call_soon(self._call_connection_lost, None)
    ~~~~~~~~~~~~~~~~~~~~^^^^^^^^^^^^^^^^^^^^^^^^^^^^^^^^^^
  File "C:\Python313\Lib\asyncio\base_events.py", line 828, in call_soon
    self._check_closed()
    ~~~~~~~~~~~~~~~~~~^^
  File "C:\Python313\Lib\asyncio\base_events.py", line 551, in _check_closed
    raise RuntimeError('Event loop is closed')
RuntimeError: Event loop is closed
INFO:regular_website_pipeline:  🤖 Starting DeepSeek analysis...
INFO:simple_llm_analysis:  ⏳ Initializing DeepSeek client...
INFO:simple_llm_analysis:  ⏱️ DeepSeek client initialized in 1.53 seconds
INFO:httpx:HTTP Request: POST https://api.deepseek.com/chat/completions "HTTP/1.1 200 OK"
INFO:regular_website_pipeline:  ✓ Analysis complete. Found 1 opportunities.
ERROR:asyncio:Task exception was never retrieved
future: <Task finished name='Task-2891' coro=<AsyncClient.aclose() done, defined at C:\Users\jimcr\AppData\Roaming\Python\Python313\site-packages\httpx\_client.py:1996> exception=RuntimeError('Event loop is closed')>
Traceback (most recent call last):
  File "C:\Users\jimcr\AppData\Roaming\Python\Python313\site-packages\httpx\_client.py", line 2003, in aclose
    await self._transport.aclose()
  File "C:\Users\jimcr\AppData\Roaming\Python\Python313\site-packages\httpx\_transports\default.py", line 383, in aclose
    await self._pool.aclose()
  File "C:\Users\jimcr\AppData\Roaming\Python\Python313\site-packages\httpcore\_async\connection_pool.py", line 353, in aclose
    await self._close_connections(closing_connections)
  File "C:\Users\jimcr\AppData\Roaming\Python\Python313\site-packages\httpcore\_async\connection_pool.py", line 345, in _close_connections
    await connection.aclose()
  File "C:\Users\jimcr\AppData\Roaming\Python\Python313\site-packages\httpcore\_async\connection.py", line 173, in aclose
    await self._connection.aclose()
  File "C:\Users\jimcr\AppData\Roaming\Python\Python313\site-packages\httpcore\_async\http11.py", line 258, in aclose
    await self._network_stream.aclose()
  File "C:\Users\jimcr\AppData\Roaming\Python\Python313\site-packages\httpcore\_backends\anyio.py", line 53, in aclose
    await self._stream.aclose()
  File "C:\Users\jimcr\AppData\Roaming\Python\Python313\site-packages\anyio\streams\tls.py", line 236, in aclose
    await self.transport_stream.aclose()
  File "C:\Users\jimcr\AppData\Roaming\Python\Python313\site-packages\anyio\_backends\_asyncio.py", line 1344, in aclose
    self._transport.close()
    ~~~~~~~~~~~~~~~~~~~~~^^
  File "C:\Python313\Lib\asyncio\proactor_events.py", line 109, in close
    self._loop.call_soon(self._call_connection_lost, None)
    ~~~~~~~~~~~~~~~~~~~~^^^^^^^^^^^^^^^^^^^^^^^^^^^^^^^^^^
  File "C:\Python313\Lib\asyncio\base_events.py", line 828, in call_soon
    self._check_closed()
    ~~~~~~~~~~~~~~~~~~^^
  File "C:\Python313\Lib\asyncio\base_events.py", line 551, in _check_closed
    raise RuntimeError('Event loop is closed')
RuntimeError: Event loop is closed
INFO:regular_website_pipeline:  🤖 Starting DeepSeek analysis...
INFO:simple_llm_analysis:  ⏳ Initializing DeepSeek client...
INFO:simple_llm_analysis:  ⏱️ DeepSeek client initialized in 2.16 seconds
INFO:httpx:HTTP Request: POST https://api.deepseek.com/chat/completions "HTTP/1.1 200 OK"
INFO:regular_website_pipeline:  ✓ Analysis complete. Found 1 opportunities.
ERROR:asyncio:Task exception was never retrieved
future: <Task finished name='Task-2915' coro=<AsyncClient.aclose() done, defined at C:\Users\jimcr\AppData\Roaming\Python\Python313\site-packages\httpx\_client.py:1996> exception=RuntimeError('Event loop is closed')>
Traceback (most recent call last):
  File "C:\Users\jimcr\AppData\Roaming\Python\Python313\site-packages\httpx\_client.py", line 2003, in aclose
    await self._transport.aclose()
  File "C:\Users\jimcr\AppData\Roaming\Python\Python313\site-packages\httpx\_transports\default.py", line 383, in aclose
    await self._pool.aclose()
  File "C:\Users\jimcr\AppData\Roaming\Python\Python313\site-packages\httpcore\_async\connection_pool.py", line 353, in aclose
    await self._close_connections(closing_connections)
  File "C:\Users\jimcr\AppData\Roaming\Python\Python313\site-packages\httpcore\_async\connection_pool.py", line 345, in _close_connections
    await connection.aclose()
  File "C:\Users\jimcr\AppData\Roaming\Python\Python313\site-packages\httpcore\_async\connection.py", line 173, in aclose
    await self._connection.aclose()
  File "C:\Users\jimcr\AppData\Roaming\Python\Python313\site-packages\httpcore\_async\http11.py", line 258, in aclose
    await self._network_stream.aclose()
  File "C:\Users\jimcr\AppData\Roaming\Python\Python313\site-packages\httpcore\_backends\anyio.py", line 53, in aclose
    await self._stream.aclose()
  File "C:\Users\jimcr\AppData\Roaming\Python\Python313\site-packages\anyio\streams\tls.py", line 236, in aclose
    await self.transport_stream.aclose()
  File "C:\Users\jimcr\AppData\Roaming\Python\Python313\site-packages\anyio\_backends\_asyncio.py", line 1344, in aclose
    self._transport.close()
    ~~~~~~~~~~~~~~~~~~~~~^^
  File "C:\Python313\Lib\asyncio\proactor_events.py", line 109, in close
    self._loop.call_soon(self._call_connection_lost, None)
    ~~~~~~~~~~~~~~~~~~~~^^^^^^^^^^^^^^^^^^^^^^^^^^^^^^^^^^
  File "C:\Python313\Lib\asyncio\base_events.py", line 828, in call_soon
    self._check_closed()
    ~~~~~~~~~~~~~~~~~~^^
  File "C:\Python313\Lib\asyncio\base_events.py", line 551, in _check_closed
    raise RuntimeError('Event loop is closed')
RuntimeError: Event loop is closed
INFO:regular_website_pipeline:  🤖 Starting DeepSeek analysis...
INFO:simple_llm_analysis:  ⏳ Initializing DeepSeek client...
INFO:simple_llm_analysis:  ⏱️ DeepSeek client initialized in 2.26 seconds
INFO:httpx:HTTP Request: POST https://api.deepseek.com/chat/completions "HTTP/1.1 200 OK"
INFO:regular_website_pipeline:  ✓ Analysis complete. Found 0 opportunities.
ERROR:asyncio:Task exception was never retrieved
future: <Task finished name='Task-2939' coro=<AsyncClient.aclose() done, defined at C:\Users\jimcr\AppData\Roaming\Python\Python313\site-packages\httpx\_client.py:1996> exception=RuntimeError('Event loop is closed')>
Traceback (most recent call last):
  File "C:\Users\jimcr\AppData\Roaming\Python\Python313\site-packages\httpx\_client.py", line 2003, in aclose
    await self._transport.aclose()
  File "C:\Users\jimcr\AppData\Roaming\Python\Python313\site-packages\httpx\_transports\default.py", line 383, in aclose
    await self._pool.aclose()
  File "C:\Users\jimcr\AppData\Roaming\Python\Python313\site-packages\httpcore\_async\connection_pool.py", line 353, in aclose
    await self._close_connections(closing_connections)
  File "C:\Users\jimcr\AppData\Roaming\Python\Python313\site-packages\httpcore\_async\connection_pool.py", line 345, in _close_connections
    await connection.aclose()
  File "C:\Users\jimcr\AppData\Roaming\Python\Python313\site-packages\httpcore\_async\connection.py", line 173, in aclose
    await self._connection.aclose()
  File "C:\Users\jimcr\AppData\Roaming\Python\Python313\site-packages\httpcore\_async\http11.py", line 258, in aclose
    await self._network_stream.aclose()
  File "C:\Users\jimcr\AppData\Roaming\Python\Python313\site-packages\httpcore\_backends\anyio.py", line 53, in aclose
    await self._stream.aclose()
  File "C:\Users\jimcr\AppData\Roaming\Python\Python313\site-packages\anyio\streams\tls.py", line 236, in aclose
    await self.transport_stream.aclose()
  File "C:\Users\jimcr\AppData\Roaming\Python\Python313\site-packages\anyio\_backends\_asyncio.py", line 1344, in aclose
    self._transport.close()
    ~~~~~~~~~~~~~~~~~~~~~^^
  File "C:\Python313\Lib\asyncio\proactor_events.py", line 109, in close
    self._loop.call_soon(self._call_connection_lost, None)
    ~~~~~~~~~~~~~~~~~~~~^^^^^^^^^^^^^^^^^^^^^^^^^^^^^^^^^^
  File "C:\Python313\Lib\asyncio\base_events.py", line 828, in call_soon
    self._check_closed()
    ~~~~~~~~~~~~~~~~~~^^
  File "C:\Python313\Lib\asyncio\base_events.py", line 551, in _check_closed
    raise RuntimeError('Event loop is closed')
RuntimeError: Event loop is closed
INFO:regular_website_pipeline:  🤖 Starting DeepSeek analysis...
INFO:simple_llm_analysis:  ⏳ Initializing DeepSeek client...
INFO:simple_llm_analysis:  ⏱️ DeepSeek client initialized in 2.01 seconds
INFO:httpx:HTTP Request: POST https://api.deepseek.com/chat/completions "HTTP/1.1 200 OK"
INFO:regular_website_pipeline:  ✓ Analysis complete. Found 1 opportunities.
ERROR:asyncio:Task exception was never retrieved
future: <Task finished name='Task-2962' coro=<AsyncClient.aclose() done, defined at C:\Users\jimcr\AppData\Roaming\Python\Python313\site-packages\httpx\_client.py:1996> exception=RuntimeError('Event loop is closed')>
Traceback (most recent call last):
  File "C:\Users\jimcr\AppData\Roaming\Python\Python313\site-packages\httpx\_client.py", line 2003, in aclose
    await self._transport.aclose()
  File "C:\Users\jimcr\AppData\Roaming\Python\Python313\site-packages\httpx\_transports\default.py", line 383, in aclose
    await self._pool.aclose()
  File "C:\Users\jimcr\AppData\Roaming\Python\Python313\site-packages\httpcore\_async\connection_pool.py", line 353, in aclose
    await self._close_connections(closing_connections)
  File "C:\Users\jimcr\AppData\Roaming\Python\Python313\site-packages\httpcore\_async\connection_pool.py", line 345, in _close_connections
    await connection.aclose()
  File "C:\Users\jimcr\AppData\Roaming\Python\Python313\site-packages\httpcore\_async\connection.py", line 173, in aclose
    await self._connection.aclose()
  File "C:\Users\jimcr\AppData\Roaming\Python\Python313\site-packages\httpcore\_async\http11.py", line 258, in aclose
    await self._network_stream.aclose()
  File "C:\Users\jimcr\AppData\Roaming\Python\Python313\site-packages\httpcore\_backends\anyio.py", line 53, in aclose
    await self._stream.aclose()
  File "C:\Users\jimcr\AppData\Roaming\Python\Python313\site-packages\anyio\streams\tls.py", line 236, in aclose
    await self.transport_stream.aclose()
  File "C:\Users\jimcr\AppData\Roaming\Python\Python313\site-packages\anyio\_backends\_asyncio.py", line 1344, in aclose
    self._transport.close()
    ~~~~~~~~~~~~~~~~~~~~~^^
  File "C:\Python313\Lib\asyncio\proactor_events.py", line 109, in close
    self._loop.call_soon(self._call_connection_lost, None)
    ~~~~~~~~~~~~~~~~~~~~^^^^^^^^^^^^^^^^^^^^^^^^^^^^^^^^^^
  File "C:\Python313\Lib\asyncio\base_events.py", line 828, in call_soon
    self._check_closed()
    ~~~~~~~~~~~~~~~~~~^^
  File "C:\Python313\Lib\asyncio\base_events.py", line 551, in _check_closed
    raise RuntimeError('Event loop is closed')
RuntimeError: Event loop is closed
INFO:regular_website_pipeline:  🤖 Starting DeepSeek analysis...
INFO:simple_llm_analysis:  ⏳ Initializing DeepSeek client...
INFO:simple_llm_analysis:  ⏱️ DeepSeek client initialized in 2.30 seconds
INFO:httpx:HTTP Request: POST https://api.deepseek.com/chat/completions "HTTP/1.1 200 OK"
INFO:regular_website_pipeline:  ✓ Analysis complete. Found 3 opportunities.
ERROR:asyncio:Task exception was never retrieved
future: <Task finished name='Task-2993' coro=<AsyncClient.aclose() done, defined at C:\Users\jimcr\AppData\Roaming\Python\Python313\site-packages\httpx\_client.py:1996> exception=RuntimeError('Event loop is closed')>
Traceback (most recent call last):
  File "C:\Users\jimcr\AppData\Roaming\Python\Python313\site-packages\httpx\_client.py", line 2003, in aclose
    await self._transport.aclose()
  File "C:\Users\jimcr\AppData\Roaming\Python\Python313\site-packages\httpx\_transports\default.py", line 383, in aclose
    await self._pool.aclose()
  File "C:\Users\jimcr\AppData\Roaming\Python\Python313\site-packages\httpcore\_async\connection_pool.py", line 353, in aclose
    await self._close_connections(closing_connections)
  File "C:\Users\jimcr\AppData\Roaming\Python\Python313\site-packages\httpcore\_async\connection_pool.py", line 345, in _close_connections
    await connection.aclose()
  File "C:\Users\jimcr\AppData\Roaming\Python\Python313\site-packages\httpcore\_async\connection.py", line 173, in aclose
    await self._connection.aclose()
  File "C:\Users\jimcr\AppData\Roaming\Python\Python313\site-packages\httpcore\_async\http11.py", line 258, in aclose
    await self._network_stream.aclose()
  File "C:\Users\jimcr\AppData\Roaming\Python\Python313\site-packages\httpcore\_backends\anyio.py", line 53, in aclose
    await self._stream.aclose()
  File "C:\Users\jimcr\AppData\Roaming\Python\Python313\site-packages\anyio\streams\tls.py", line 236, in aclose
    await self.transport_stream.aclose()
  File "C:\Users\jimcr\AppData\Roaming\Python\Python313\site-packages\anyio\_backends\_asyncio.py", line 1344, in aclose
    self._transport.close()
    ~~~~~~~~~~~~~~~~~~~~~^^
  File "C:\Python313\Lib\asyncio\proactor_events.py", line 109, in close
    self._loop.call_soon(self._call_connection_lost, None)
    ~~~~~~~~~~~~~~~~~~~~^^^^^^^^^^^^^^^^^^^^^^^^^^^^^^^^^^
  File "C:\Python313\Lib\asyncio\base_events.py", line 828, in call_soon
    self._check_closed()
    ~~~~~~~~~~~~~~~~~~^^
  File "C:\Python313\Lib\asyncio\base_events.py", line 551, in _check_closed
    raise RuntimeError('Event loop is closed')
RuntimeError: Event loop is closed
INFO:regular_website_pipeline:  🤖 Starting DeepSeek analysis...
INFO:simple_llm_analysis:  ⏳ Initializing DeepSeek client...
INFO:simple_llm_analysis:  ⏱️ DeepSeek client initialized in 1.38 seconds
INFO:httpx:HTTP Request: POST https://api.deepseek.com/chat/completions "HTTP/1.1 200 OK"
INFO:regular_website_pipeline:  ✓ Analysis complete. Found 1 opportunities.
ERROR:asyncio:Task exception was never retrieved
future: <Task finished name='Task-3017' coro=<AsyncClient.aclose() done, defined at C:\Users\jimcr\AppData\Roaming\Python\Python313\site-packages\httpx\_client.py:1996> exception=RuntimeError('Event loop is closed')>
Traceback (most recent call last):
  File "C:\Users\jimcr\AppData\Roaming\Python\Python313\site-packages\httpx\_client.py", line 2003, in aclose
    await self._transport.aclose()
  File "C:\Users\jimcr\AppData\Roaming\Python\Python313\site-packages\httpx\_transports\default.py", line 383, in aclose
    await self._pool.aclose()
  File "C:\Users\jimcr\AppData\Roaming\Python\Python313\site-packages\httpcore\_async\connection_pool.py", line 353, in aclose
    await self._close_connections(closing_connections)
  File "C:\Users\jimcr\AppData\Roaming\Python\Python313\site-packages\httpcore\_async\connection_pool.py", line 345, in _close_connections
    await connection.aclose()
  File "C:\Users\jimcr\AppData\Roaming\Python\Python313\site-packages\httpcore\_async\connection.py", line 173, in aclose
    await self._connection.aclose()
  File "C:\Users\jimcr\AppData\Roaming\Python\Python313\site-packages\httpcore\_async\http11.py", line 258, in aclose
    await self._network_stream.aclose()
  File "C:\Users\jimcr\AppData\Roaming\Python\Python313\site-packages\httpcore\_backends\anyio.py", line 53, in aclose
    await self._stream.aclose()
  File "C:\Users\jimcr\AppData\Roaming\Python\Python313\site-packages\anyio\streams\tls.py", line 236, in aclose
    await self.transport_stream.aclose()
  File "C:\Users\jimcr\AppData\Roaming\Python\Python313\site-packages\anyio\_backends\_asyncio.py", line 1344, in aclose
    self._transport.close()
    ~~~~~~~~~~~~~~~~~~~~~^^
  File "C:\Python313\Lib\asyncio\proactor_events.py", line 109, in close
    self._loop.call_soon(self._call_connection_lost, None)
    ~~~~~~~~~~~~~~~~~~~~^^^^^^^^^^^^^^^^^^^^^^^^^^^^^^^^^^
  File "C:\Python313\Lib\asyncio\base_events.py", line 828, in call_soon
    self._check_closed()
    ~~~~~~~~~~~~~~~~~~^^
  File "C:\Python313\Lib\asyncio\base_events.py", line 551, in _check_closed
    raise RuntimeError('Event loop is closed')
RuntimeError: Event loop is closed
INFO:regular_website_pipeline:  🤖 Starting DeepSeek analysis...
INFO:simple_llm_analysis:  ⏳ Initializing DeepSeek client...
INFO:simple_llm_analysis:  ⏱️ DeepSeek client initialized in 1.47 seconds
INFO:httpx:HTTP Request: POST https://api.deepseek.com/chat/completions "HTTP/1.1 200 OK"
INFO:regular_website_pipeline:  ✓ Analysis complete. Found 3 opportunities.
ERROR:asyncio:Task exception was never retrieved
future: <Task finished name='Task-3048' coro=<AsyncClient.aclose() done, defined at C:\Users\jimcr\AppData\Roaming\Python\Python313\site-packages\httpx\_client.py:1996> exception=RuntimeError('Event loop is closed')>
Traceback (most recent call last):
  File "C:\Users\jimcr\AppData\Roaming\Python\Python313\site-packages\httpx\_client.py", line 2003, in aclose
    await self._transport.aclose()
  File "C:\Users\jimcr\AppData\Roaming\Python\Python313\site-packages\httpx\_transports\default.py", line 383, in aclose
    await self._pool.aclose()
  File "C:\Users\jimcr\AppData\Roaming\Python\Python313\site-packages\httpcore\_async\connection_pool.py", line 353, in aclose
    await self._close_connections(closing_connections)
  File "C:\Users\jimcr\AppData\Roaming\Python\Python313\site-packages\httpcore\_async\connection_pool.py", line 345, in _close_connections
    await connection.aclose()
  File "C:\Users\jimcr\AppData\Roaming\Python\Python313\site-packages\httpcore\_async\connection.py", line 173, in aclose
    await self._connection.aclose()
  File "C:\Users\jimcr\AppData\Roaming\Python\Python313\site-packages\httpcore\_async\http11.py", line 258, in aclose
    await self._network_stream.aclose()
  File "C:\Users\jimcr\AppData\Roaming\Python\Python313\site-packages\httpcore\_backends\anyio.py", line 53, in aclose
    await self._stream.aclose()
  File "C:\Users\jimcr\AppData\Roaming\Python\Python313\site-packages\anyio\streams\tls.py", line 236, in aclose
    await self.transport_stream.aclose()
  File "C:\Users\jimcr\AppData\Roaming\Python\Python313\site-packages\anyio\_backends\_asyncio.py", line 1344, in aclose
    self._transport.close()
    ~~~~~~~~~~~~~~~~~~~~~^^
  File "C:\Python313\Lib\asyncio\proactor_events.py", line 109, in close
    self._loop.call_soon(self._call_connection_lost, None)
    ~~~~~~~~~~~~~~~~~~~~^^^^^^^^^^^^^^^^^^^^^^^^^^^^^^^^^^
  File "C:\Python313\Lib\asyncio\base_events.py", line 828, in call_soon
    self._check_closed()
    ~~~~~~~~~~~~~~~~~~^^
  File "C:\Python313\Lib\asyncio\base_events.py", line 551, in _check_closed
    raise RuntimeError('Event loop is closed')
RuntimeError: Event loop is closed
INFO:regular_website_pipeline:  🤖 Starting DeepSeek analysis...
INFO:simple_llm_analysis:  ⏳ Initializing DeepSeek client...
INFO:simple_llm_analysis:  ⏱️ DeepSeek client initialized in 1.75 seconds
INFO:httpx:HTTP Request: POST https://api.deepseek.com/chat/completions "HTTP/1.1 200 OK"
INFO:regular_website_pipeline:  ✓ Analysis complete. Found 0 opportunities.
ERROR:asyncio:Task exception was never retrieved
future: <Task finished name='Task-3079' coro=<AsyncClient.aclose() done, defined at C:\Users\jimcr\AppData\Roaming\Python\Python313\site-packages\httpx\_client.py:1996> exception=RuntimeError('Event loop is closed')>
Traceback (most recent call last):
  File "C:\Users\jimcr\AppData\Roaming\Python\Python313\site-packages\httpx\_client.py", line 2003, in aclose
    await self._transport.aclose()
  File "C:\Users\jimcr\AppData\Roaming\Python\Python313\site-packages\httpx\_transports\default.py", line 383, in aclose
    await self._pool.aclose()
  File "C:\Users\jimcr\AppData\Roaming\Python\Python313\site-packages\httpcore\_async\connection_pool.py", line 353, in aclose
    await self._close_connections(closing_connections)
  File "C:\Users\jimcr\AppData\Roaming\Python\Python313\site-packages\httpcore\_async\connection_pool.py", line 345, in _close_connections
    await connection.aclose()
  File "C:\Users\jimcr\AppData\Roaming\Python\Python313\site-packages\httpcore\_async\connection.py", line 173, in aclose
    await self._connection.aclose()
  File "C:\Users\jimcr\AppData\Roaming\Python\Python313\site-packages\httpcore\_async\http11.py", line 258, in aclose
    await self._network_stream.aclose()
  File "C:\Users\jimcr\AppData\Roaming\Python\Python313\site-packages\httpcore\_backends\anyio.py", line 53, in aclose
    await self._stream.aclose()
  File "C:\Users\jimcr\AppData\Roaming\Python\Python313\site-packages\anyio\streams\tls.py", line 236, in aclose
    await self.transport_stream.aclose()
  File "C:\Users\jimcr\AppData\Roaming\Python\Python313\site-packages\anyio\_backends\_asyncio.py", line 1344, in aclose
    self._transport.close()
    ~~~~~~~~~~~~~~~~~~~~~^^
  File "C:\Python313\Lib\asyncio\proactor_events.py", line 109, in close
    self._loop.call_soon(self._call_connection_lost, None)
    ~~~~~~~~~~~~~~~~~~~~^^^^^^^^^^^^^^^^^^^^^^^^^^^^^^^^^^
  File "C:\Python313\Lib\asyncio\base_events.py", line 828, in call_soon
    self._check_closed()
    ~~~~~~~~~~~~~~~~~~^^
  File "C:\Python313\Lib\asyncio\base_events.py", line 551, in _check_closed
    raise RuntimeError('Event loop is closed')
RuntimeError: Event loop is closed
INFO:regular_website_pipeline:  🤖 Starting DeepSeek analysis...
INFO:simple_llm_analysis:  ⏳ Initializing DeepSeek client...
INFO:simple_llm_analysis:  ⏱️ DeepSeek client initialized in 2.50 seconds
INFO:httpx:HTTP Request: POST https://api.deepseek.com/chat/completions "HTTP/1.1 200 OK"
INFO:regular_website_pipeline:  ✓ Analysis complete. Found 0 opportunities.
ERROR:asyncio:Task exception was never retrieved
future: <Task finished name='Task-3110' coro=<AsyncClient.aclose() done, defined at C:\Users\jimcr\AppData\Roaming\Python\Python313\site-packages\httpx\_client.py:1996> exception=RuntimeError('Event loop is closed')>
Traceback (most recent call last):
  File "C:\Users\jimcr\AppData\Roaming\Python\Python313\site-packages\httpx\_client.py", line 2003, in aclose
    await self._transport.aclose()
  File "C:\Users\jimcr\AppData\Roaming\Python\Python313\site-packages\httpx\_transports\default.py", line 383, in aclose
    await self._pool.aclose()
  File "C:\Users\jimcr\AppData\Roaming\Python\Python313\site-packages\httpcore\_async\connection_pool.py", line 353, in aclose
    await self._close_connections(closing_connections)
  File "C:\Users\jimcr\AppData\Roaming\Python\Python313\site-packages\httpcore\_async\connection_pool.py", line 345, in _close_connections
    await connection.aclose()
  File "C:\Users\jimcr\AppData\Roaming\Python\Python313\site-packages\httpcore\_async\connection.py", line 173, in aclose
    await self._connection.aclose()
  File "C:\Users\jimcr\AppData\Roaming\Python\Python313\site-packages\httpcore\_async\http11.py", line 258, in aclose
    await self._network_stream.aclose()
  File "C:\Users\jimcr\AppData\Roaming\Python\Python313\site-packages\httpcore\_backends\anyio.py", line 53, in aclose
    await self._stream.aclose()
  File "C:\Users\jimcr\AppData\Roaming\Python\Python313\site-packages\anyio\streams\tls.py", line 236, in aclose
    await self.transport_stream.aclose()
  File "C:\Users\jimcr\AppData\Roaming\Python\Python313\site-packages\anyio\_backends\_asyncio.py", line 1344, in aclose
    self._transport.close()
    ~~~~~~~~~~~~~~~~~~~~~^^
  File "C:\Python313\Lib\asyncio\proactor_events.py", line 109, in close
    self._loop.call_soon(self._call_connection_lost, None)
    ~~~~~~~~~~~~~~~~~~~~^^^^^^^^^^^^^^^^^^^^^^^^^^^^^^^^^^
  File "C:\Python313\Lib\asyncio\base_events.py", line 828, in call_soon
    self._check_closed()
    ~~~~~~~~~~~~~~~~~~^^
  File "C:\Python313\Lib\asyncio\base_events.py", line 551, in _check_closed
    raise RuntimeError('Event loop is closed')
RuntimeError: Event loop is closed
INFO:regular_website_pipeline:  🤖 Starting DeepSeek analysis...
INFO:simple_llm_analysis:  ⏳ Initializing DeepSeek client...
INFO:simple_llm_analysis:  ⏱️ DeepSeek client initialized in 2.25 seconds
INFO:httpx:HTTP Request: POST https://api.deepseek.com/chat/completions "HTTP/1.1 200 OK"
INFO:regular_website_pipeline:  ✓ Analysis complete. Found 1 opportunities.
ERROR:asyncio:Task exception was never retrieved
future: <Task finished name='Task-3141' coro=<AsyncClient.aclose() done, defined at C:\Users\jimcr\AppData\Roaming\Python\Python313\site-packages\httpx\_client.py:1996> exception=RuntimeError('Event loop is closed')>
Traceback (most recent call last):
  File "C:\Users\jimcr\AppData\Roaming\Python\Python313\site-packages\httpx\_client.py", line 2003, in aclose
    await self._transport.aclose()
  File "C:\Users\jimcr\AppData\Roaming\Python\Python313\site-packages\httpx\_transports\default.py", line 383, in aclose
    await self._pool.aclose()
  File "C:\Users\jimcr\AppData\Roaming\Python\Python313\site-packages\httpcore\_async\connection_pool.py", line 353, in aclose
    await self._close_connections(closing_connections)
  File "C:\Users\jimcr\AppData\Roaming\Python\Python313\site-packages\httpcore\_async\connection_pool.py", line 345, in _close_connections
    await connection.aclose()
  File "C:\Users\jimcr\AppData\Roaming\Python\Python313\site-packages\httpcore\_async\connection.py", line 173, in aclose
    await self._connection.aclose()
  File "C:\Users\jimcr\AppData\Roaming\Python\Python313\site-packages\httpcore\_async\http11.py", line 258, in aclose
    await self._network_stream.aclose()
  File "C:\Users\jimcr\AppData\Roaming\Python\Python313\site-packages\httpcore\_backends\anyio.py", line 53, in aclose
    await self._stream.aclose()
  File "C:\Users\jimcr\AppData\Roaming\Python\Python313\site-packages\anyio\streams\tls.py", line 236, in aclose
    await self.transport_stream.aclose()
  File "C:\Users\jimcr\AppData\Roaming\Python\Python313\site-packages\anyio\_backends\_asyncio.py", line 1344, in aclose
    self._transport.close()
    ~~~~~~~~~~~~~~~~~~~~~^^
  File "C:\Python313\Lib\asyncio\proactor_events.py", line 109, in close
    self._loop.call_soon(self._call_connection_lost, None)
    ~~~~~~~~~~~~~~~~~~~~^^^^^^^^^^^^^^^^^^^^^^^^^^^^^^^^^^
  File "C:\Python313\Lib\asyncio\base_events.py", line 828, in call_soon
    self._check_closed()
    ~~~~~~~~~~~~~~~~~~^^
  File "C:\Python313\Lib\asyncio\base_events.py", line 551, in _check_closed
    raise RuntimeError('Event loop is closed')
RuntimeError: Event loop is closed
INFO:regular_website_pipeline:  🤖 Starting DeepSeek analysis...
INFO:simple_llm_analysis:  ⏳ Initializing DeepSeek client...
INFO:simple_llm_analysis:  ⏱️ DeepSeek client initialized in 3.07 seconds
INFO:httpx:HTTP Request: POST https://api.deepseek.com/chat/completions "HTTP/1.1 200 OK"
INFO:regular_website_pipeline:  ✓ Analysis complete. Found 3 opportunities.
ERROR:asyncio:Task exception was never retrieved
future: <Task finished name='Task-3172' coro=<AsyncClient.aclose() done, defined at C:\Users\jimcr\AppData\Roaming\Python\Python313\site-packages\httpx\_client.py:1996> exception=RuntimeError('Event loop is closed')>
Traceback (most recent call last):
  File "C:\Users\jimcr\AppData\Roaming\Python\Python313\site-packages\httpx\_client.py", line 2003, in aclose
    await self._transport.aclose()
  File "C:\Users\jimcr\AppData\Roaming\Python\Python313\site-packages\httpx\_transports\default.py", line 383, in aclose
    await self._pool.aclose()
  File "C:\Users\jimcr\AppData\Roaming\Python\Python313\site-packages\httpcore\_async\connection_pool.py", line 353, in aclose
    await self._close_connections(closing_connections)
  File "C:\Users\jimcr\AppData\Roaming\Python\Python313\site-packages\httpcore\_async\connection_pool.py", line 345, in _close_connections
    await connection.aclose()
  File "C:\Users\jimcr\AppData\Roaming\Python\Python313\site-packages\httpcore\_async\connection.py", line 173, in aclose
    await self._connection.aclose()
  File "C:\Users\jimcr\AppData\Roaming\Python\Python313\site-packages\httpcore\_async\http11.py", line 258, in aclose
    await self._network_stream.aclose()
  File "C:\Users\jimcr\AppData\Roaming\Python\Python313\site-packages\httpcore\_backends\anyio.py", line 53, in aclose
    await self._stream.aclose()
  File "C:\Users\jimcr\AppData\Roaming\Python\Python313\site-packages\anyio\streams\tls.py", line 236, in aclose
    await self.transport_stream.aclose()
  File "C:\Users\jimcr\AppData\Roaming\Python\Python313\site-packages\anyio\_backends\_asyncio.py", line 1344, in aclose
    self._transport.close()
    ~~~~~~~~~~~~~~~~~~~~~^^
  File "C:\Python313\Lib\asyncio\proactor_events.py", line 109, in close
    self._loop.call_soon(self._call_connection_lost, None)
    ~~~~~~~~~~~~~~~~~~~~^^^^^^^^^^^^^^^^^^^^^^^^^^^^^^^^^^
  File "C:\Python313\Lib\asyncio\base_events.py", line 828, in call_soon
    self._check_closed()
    ~~~~~~~~~~~~~~~~~~^^
  File "C:\Python313\Lib\asyncio\base_events.py", line 551, in _check_closed
    raise RuntimeError('Event loop is closed')
RuntimeError: Event loop is closed
INFO:regular_website_pipeline:  🤖 Starting DeepSeek analysis...
INFO:simple_llm_analysis:  ⏳ Initializing DeepSeek client...
INFO:simple_llm_analysis:  ⏱️ DeepSeek client initialized in 2.02 seconds
INFO:httpx:HTTP Request: POST https://api.deepseek.com/chat/completions "HTTP/1.1 200 OK"
INFO:regular_website_pipeline:  ✓ Analysis complete. Found 1 opportunities.
ERROR:asyncio:Task exception was never retrieved
future: <Task finished name='Task-3196' coro=<AsyncClient.aclose() done, defined at C:\Users\jimcr\AppData\Roaming\Python\Python313\site-packages\httpx\_client.py:1996> exception=RuntimeError('Event loop is closed')>
Traceback (most recent call last):
  File "C:\Users\jimcr\AppData\Roaming\Python\Python313\site-packages\httpx\_client.py", line 2003, in aclose
    await self._transport.aclose()
  File "C:\Users\jimcr\AppData\Roaming\Python\Python313\site-packages\httpx\_transports\default.py", line 383, in aclose
    await self._pool.aclose()
  File "C:\Users\jimcr\AppData\Roaming\Python\Python313\site-packages\httpcore\_async\connection_pool.py", line 353, in aclose
    await self._close_connections(closing_connections)
  File "C:\Users\jimcr\AppData\Roaming\Python\Python313\site-packages\httpcore\_async\connection_pool.py", line 345, in _close_connections
    await connection.aclose()
  File "C:\Users\jimcr\AppData\Roaming\Python\Python313\site-packages\httpcore\_async\connection.py", line 173, in aclose
    await self._connection.aclose()
  File "C:\Users\jimcr\AppData\Roaming\Python\Python313\site-packages\httpcore\_async\http11.py", line 258, in aclose
    await self._network_stream.aclose()
  File "C:\Users\jimcr\AppData\Roaming\Python\Python313\site-packages\httpcore\_backends\anyio.py", line 53, in aclose
    await self._stream.aclose()
  File "C:\Users\jimcr\AppData\Roaming\Python\Python313\site-packages\anyio\streams\tls.py", line 236, in aclose
    await self.transport_stream.aclose()
  File "C:\Users\jimcr\AppData\Roaming\Python\Python313\site-packages\anyio\_backends\_asyncio.py", line 1344, in aclose
    self._transport.close()
    ~~~~~~~~~~~~~~~~~~~~~^^
  File "C:\Python313\Lib\asyncio\proactor_events.py", line 109, in close
    self._loop.call_soon(self._call_connection_lost, None)
    ~~~~~~~~~~~~~~~~~~~~^^^^^^^^^^^^^^^^^^^^^^^^^^^^^^^^^^
  File "C:\Python313\Lib\asyncio\base_events.py", line 828, in call_soon
    self._check_closed()
    ~~~~~~~~~~~~~~~~~~^^
  File "C:\Python313\Lib\asyncio\base_events.py", line 551, in _check_closed
    raise RuntimeError('Event loop is closed')
RuntimeError: Event loop is closed
INFO:regular_website_pipeline:  🤖 Starting DeepSeek analysis...
INFO:simple_llm_analysis:  ⏳ Initializing DeepSeek client...
INFO:simple_llm_analysis:  ⏱️ DeepSeek client initialized in 1.67 seconds
INFO:httpx:HTTP Request: POST https://api.deepseek.com/chat/completions "HTTP/1.1 200 OK"
INFO:regular_website_pipeline:  ✓ Analysis complete. Found 1 opportunities.
ERROR:asyncio:Task exception was never retrieved
future: <Task finished name='Task-3227' coro=<AsyncClient.aclose() done, defined at C:\Users\jimcr\AppData\Roaming\Python\Python313\site-packages\httpx\_client.py:1996> exception=RuntimeError('Event loop is closed')>
Traceback (most recent call last):
  File "C:\Users\jimcr\AppData\Roaming\Python\Python313\site-packages\httpx\_client.py", line 2003, in aclose
    await self._transport.aclose()
  File "C:\Users\jimcr\AppData\Roaming\Python\Python313\site-packages\httpx\_transports\default.py", line 383, in aclose
    await self._pool.aclose()
  File "C:\Users\jimcr\AppData\Roaming\Python\Python313\site-packages\httpcore\_async\connection_pool.py", line 353, in aclose
    await self._close_connections(closing_connections)
  File "C:\Users\jimcr\AppData\Roaming\Python\Python313\site-packages\httpcore\_async\connection_pool.py", line 345, in _close_connections
    await connection.aclose()
  File "C:\Users\jimcr\AppData\Roaming\Python\Python313\site-packages\httpcore\_async\connection.py", line 173, in aclose
    await self._connection.aclose()
  File "C:\Users\jimcr\AppData\Roaming\Python\Python313\site-packages\httpcore\_async\http11.py", line 258, in aclose
    await self._network_stream.aclose()
  File "C:\Users\jimcr\AppData\Roaming\Python\Python313\site-packages\httpcore\_backends\anyio.py", line 53, in aclose
    await self._stream.aclose()
  File "C:\Users\jimcr\AppData\Roaming\Python\Python313\site-packages\anyio\streams\tls.py", line 236, in aclose
    await self.transport_stream.aclose()
  File "C:\Users\jimcr\AppData\Roaming\Python\Python313\site-packages\anyio\_backends\_asyncio.py", line 1344, in aclose
    self._transport.close()
    ~~~~~~~~~~~~~~~~~~~~~^^
  File "C:\Python313\Lib\asyncio\proactor_events.py", line 109, in close
    self._loop.call_soon(self._call_connection_lost, None)
    ~~~~~~~~~~~~~~~~~~~~^^^^^^^^^^^^^^^^^^^^^^^^^^^^^^^^^^
  File "C:\Python313\Lib\asyncio\base_events.py", line 828, in call_soon
    self._check_closed()
    ~~~~~~~~~~~~~~~~~~^^
  File "C:\Python313\Lib\asyncio\base_events.py", line 551, in _check_closed
    raise RuntimeError('Event loop is closed')
RuntimeError: Event loop is closed
INFO:regular_website_pipeline:  🤖 Starting DeepSeek analysis...
INFO:simple_llm_analysis:  ⏳ Initializing DeepSeek client...
INFO:simple_llm_analysis:  ⏱️ DeepSeek client initialized in 2.13 seconds
INFO:httpx:HTTP Request: POST https://api.deepseek.com/chat/completions "HTTP/1.1 200 OK"
INFO:regular_website_pipeline:  ✓ Analysis complete. Found 1 opportunities.
ERROR:asyncio:Task exception was never retrieved
future: <Task finished name='Task-3251' coro=<AsyncClient.aclose() done, defined at C:\Users\jimcr\AppData\Roaming\Python\Python313\site-packages\httpx\_client.py:1996> exception=RuntimeError('Event loop is closed')>
Traceback (most recent call last):
  File "C:\Users\jimcr\AppData\Roaming\Python\Python313\site-packages\httpx\_client.py", line 2003, in aclose
    await self._transport.aclose()
  File "C:\Users\jimcr\AppData\Roaming\Python\Python313\site-packages\httpx\_transports\default.py", line 383, in aclose
    await self._pool.aclose()
  File "C:\Users\jimcr\AppData\Roaming\Python\Python313\site-packages\httpcore\_async\connection_pool.py", line 353, in aclose
    await self._close_connections(closing_connections)
  File "C:\Users\jimcr\AppData\Roaming\Python\Python313\site-packages\httpcore\_async\connection_pool.py", line 345, in _close_connections
    await connection.aclose()
  File "C:\Users\jimcr\AppData\Roaming\Python\Python313\site-packages\httpcore\_async\connection.py", line 173, in aclose
    await self._connection.aclose()
  File "C:\Users\jimcr\AppData\Roaming\Python\Python313\site-packages\httpcore\_async\http11.py", line 258, in aclose
    await self._network_stream.aclose()
  File "C:\Users\jimcr\AppData\Roaming\Python\Python313\site-packages\httpcore\_backends\anyio.py", line 53, in aclose
    await self._stream.aclose()
  File "C:\Users\jimcr\AppData\Roaming\Python\Python313\site-packages\anyio\streams\tls.py", line 236, in aclose
    await self.transport_stream.aclose()
  File "C:\Users\jimcr\AppData\Roaming\Python\Python313\site-packages\anyio\_backends\_asyncio.py", line 1344, in aclose
    self._transport.close()
    ~~~~~~~~~~~~~~~~~~~~~^^
  File "C:\Python313\Lib\asyncio\proactor_events.py", line 109, in close
    self._loop.call_soon(self._call_connection_lost, None)
    ~~~~~~~~~~~~~~~~~~~~^^^^^^^^^^^^^^^^^^^^^^^^^^^^^^^^^^
  File "C:\Python313\Lib\asyncio\base_events.py", line 828, in call_soon
    self._check_closed()
    ~~~~~~~~~~~~~~~~~~^^
  File "C:\Python313\Lib\asyncio\base_events.py", line 551, in _check_closed
    raise RuntimeError('Event loop is closed')
RuntimeError: Event loop is closed
INFO:regular_website_pipeline:  🤖 Starting DeepSeek analysis...
INFO:simple_llm_analysis:  ⏳ Initializing DeepSeek client...
INFO:simple_llm_analysis:  ⏱️ DeepSeek client initialized in 1.87 seconds
INFO:httpx:HTTP Request: POST https://api.deepseek.com/chat/completions "HTTP/1.1 200 OK"
INFO:regular_website_pipeline:  ✓ Analysis complete. Found 1 opportunities.
ERROR:asyncio:Task exception was never retrieved
future: <Task finished name='Task-3275' coro=<AsyncClient.aclose() done, defined at C:\Users\jimcr\AppData\Roaming\Python\Python313\site-packages\httpx\_client.py:1996> exception=RuntimeError('Event loop is closed')>
Traceback (most recent call last):
  File "C:\Users\jimcr\AppData\Roaming\Python\Python313\site-packages\httpx\_client.py", line 2003, in aclose
    await self._transport.aclose()
  File "C:\Users\jimcr\AppData\Roaming\Python\Python313\site-packages\httpx\_transports\default.py", line 383, in aclose
    await self._pool.aclose()
  File "C:\Users\jimcr\AppData\Roaming\Python\Python313\site-packages\httpcore\_async\connection_pool.py", line 353, in aclose
    await self._close_connections(closing_connections)
  File "C:\Users\jimcr\AppData\Roaming\Python\Python313\site-packages\httpcore\_async\connection_pool.py", line 345, in _close_connections
    await connection.aclose()
  File "C:\Users\jimcr\AppData\Roaming\Python\Python313\site-packages\httpcore\_async\connection.py", line 173, in aclose
    await self._connection.aclose()
  File "C:\Users\jimcr\AppData\Roaming\Python\Python313\site-packages\httpcore\_async\http11.py", line 258, in aclose
    await self._network_stream.aclose()
  File "C:\Users\jimcr\AppData\Roaming\Python\Python313\site-packages\httpcore\_backends\anyio.py", line 53, in aclose
    await self._stream.aclose()
  File "C:\Users\jimcr\AppData\Roaming\Python\Python313\site-packages\anyio\streams\tls.py", line 236, in aclose
    await self.transport_stream.aclose()
  File "C:\Users\jimcr\AppData\Roaming\Python\Python313\site-packages\anyio\_backends\_asyncio.py", line 1344, in aclose
    self._transport.close()
    ~~~~~~~~~~~~~~~~~~~~~^^
  File "C:\Python313\Lib\asyncio\proactor_events.py", line 109, in close
    self._loop.call_soon(self._call_connection_lost, None)
    ~~~~~~~~~~~~~~~~~~~~^^^^^^^^^^^^^^^^^^^^^^^^^^^^^^^^^^
  File "C:\Python313\Lib\asyncio\base_events.py", line 828, in call_soon
    self._check_closed()
    ~~~~~~~~~~~~~~~~~~^^
  File "C:\Python313\Lib\asyncio\base_events.py", line 551, in _check_closed
    raise RuntimeError('Event loop is closed')
RuntimeError: Event loop is closed
INFO:regular_website_pipeline:  🤖 Starting DeepSeek analysis...
INFO:simple_llm_analysis:  ⏳ Initializing DeepSeek client...
INFO:simple_llm_analysis:  ⏱️ DeepSeek client initialized in 2.62 seconds
INFO:httpx:HTTP Request: POST https://api.deepseek.com/chat/completions "HTTP/1.1 200 OK"
INFO:regular_website_pipeline:  ✓ Analysis complete. Found 1 opportunities.
INFO:regular_website_pipeline:  🤖 Starting DeepSeek analysis...
INFO:simple_llm_analysis:  ⏳ Initializing DeepSeek client...
INFO:simple_llm_analysis:  ⏱️ DeepSeek client initialized in 1.68 seconds
INFO:httpx:HTTP Request: POST https://api.deepseek.com/chat/completions "HTTP/1.1 200 OK"
INFO:regular_website_pipeline:  ✓ Analysis complete. Found 1 opportunities.
ERROR:asyncio:Task exception was never retrieved
future: <Task finished name='Task-3329' coro=<AsyncClient.aclose() done, defined at C:\Users\jimcr\AppData\Roaming\Python\Python313\site-packages\httpx\_client.py:1996> exception=RuntimeError('Event loop is closed')>
Traceback (most recent call last):
  File "C:\Users\jimcr\AppData\Roaming\Python\Python313\site-packages\httpx\_client.py", line 2003, in aclose
    await self._transport.aclose()
  File "C:\Users\jimcr\AppData\Roaming\Python\Python313\site-packages\httpx\_transports\default.py", line 383, in aclose
    await self._pool.aclose()
  File "C:\Users\jimcr\AppData\Roaming\Python\Python313\site-packages\httpcore\_async\connection_pool.py", line 353, in aclose
    await self._close_connections(closing_connections)
  File "C:\Users\jimcr\AppData\Roaming\Python\Python313\site-packages\httpcore\_async\connection_pool.py", line 345, in _close_connections
    await connection.aclose()
  File "C:\Users\jimcr\AppData\Roaming\Python\Python313\site-packages\httpcore\_async\connection.py", line 173, in aclose
    await self._connection.aclose()
  File "C:\Users\jimcr\AppData\Roaming\Python\Python313\site-packages\httpcore\_async\http11.py", line 258, in aclose
    await self._network_stream.aclose()
  File "C:\Users\jimcr\AppData\Roaming\Python\Python313\site-packages\httpcore\_backends\anyio.py", line 53, in aclose
    await self._stream.aclose()
  File "C:\Users\jimcr\AppData\Roaming\Python\Python313\site-packages\anyio\streams\tls.py", line 236, in aclose
    await self.transport_stream.aclose()
  File "C:\Users\jimcr\AppData\Roaming\Python\Python313\site-packages\anyio\_backends\_asyncio.py", line 1344, in aclose
    self._transport.close()
    ~~~~~~~~~~~~~~~~~~~~~^^
  File "C:\Python313\Lib\asyncio\proactor_events.py", line 109, in close
    self._loop.call_soon(self._call_connection_lost, None)
    ~~~~~~~~~~~~~~~~~~~~^^^^^^^^^^^^^^^^^^^^^^^^^^^^^^^^^^
  File "C:\Python313\Lib\asyncio\base_events.py", line 828, in call_soon
    self._check_closed()
    ~~~~~~~~~~~~~~~~~~^^
  File "C:\Python313\Lib\asyncio\base_events.py", line 551, in _check_closed
    raise RuntimeError('Event loop is closed')
RuntimeError: Event loop is closed
INFO:regular_website_pipeline:  🤖 Starting DeepSeek analysis...
INFO:simple_llm_analysis:  ⏳ Initializing DeepSeek client...
INFO:simple_llm_analysis:  ⏱️ DeepSeek client initialized in 3.24 seconds
INFO:httpx:HTTP Request: POST https://api.deepseek.com/chat/completions "HTTP/1.1 200 OK"
INFO:regular_website_pipeline:  ✓ Analysis complete. Found 0 opportunities.
ERROR:asyncio:Task exception was never retrieved
future: <Task finished name='Task-3354' coro=<AsyncClient.aclose() done, defined at C:\Users\jimcr\AppData\Roaming\Python\Python313\site-packages\httpx\_client.py:1996> exception=RuntimeError('Event loop is closed')>
Traceback (most recent call last):
  File "C:\Users\jimcr\AppData\Roaming\Python\Python313\site-packages\httpx\_client.py", line 2003, in aclose
    await self._transport.aclose()
  File "C:\Users\jimcr\AppData\Roaming\Python\Python313\site-packages\httpx\_transports\default.py", line 383, in aclose
    await self._pool.aclose()
  File "C:\Users\jimcr\AppData\Roaming\Python\Python313\site-packages\httpcore\_async\connection_pool.py", line 353, in aclose
    await self._close_connections(closing_connections)
  File "C:\Users\jimcr\AppData\Roaming\Python\Python313\site-packages\httpcore\_async\connection_pool.py", line 345, in _close_connections
    await connection.aclose()
  File "C:\Users\jimcr\AppData\Roaming\Python\Python313\site-packages\httpcore\_async\connection.py", line 173, in aclose
    await self._connection.aclose()
  File "C:\Users\jimcr\AppData\Roaming\Python\Python313\site-packages\httpcore\_async\http11.py", line 258, in aclose
    await self._network_stream.aclose()
  File "C:\Users\jimcr\AppData\Roaming\Python\Python313\site-packages\httpcore\_backends\anyio.py", line 53, in aclose
    await self._stream.aclose()
  File "C:\Users\jimcr\AppData\Roaming\Python\Python313\site-packages\anyio\streams\tls.py", line 236, in aclose
    await self.transport_stream.aclose()
  File "C:\Users\jimcr\AppData\Roaming\Python\Python313\site-packages\anyio\_backends\_asyncio.py", line 1344, in aclose
    self._transport.close()
    ~~~~~~~~~~~~~~~~~~~~~^^
  File "C:\Python313\Lib\asyncio\proactor_events.py", line 109, in close
    self._loop.call_soon(self._call_connection_lost, None)
    ~~~~~~~~~~~~~~~~~~~~^^^^^^^^^^^^^^^^^^^^^^^^^^^^^^^^^^
  File "C:\Python313\Lib\asyncio\base_events.py", line 828, in call_soon
    self._check_closed()
    ~~~~~~~~~~~~~~~~~~^^
  File "C:\Python313\Lib\asyncio\base_events.py", line 551, in _check_closed
    raise RuntimeError('Event loop is closed')
RuntimeError: Event loop is closed
INFO:regular_website_pipeline:  🤖 Starting DeepSeek analysis...
INFO:simple_llm_analysis:  ⏳ Initializing DeepSeek client...
INFO:simple_llm_analysis:  ⏱️ DeepSeek client initialized in 1.26 seconds
INFO:httpx:HTTP Request: POST https://api.deepseek.com/chat/completions "HTTP/1.1 200 OK"
INFO:regular_website_pipeline:  ✓ Analysis complete. Found 3 opportunities.
ERROR:asyncio:Task exception was never retrieved
future: <Task finished name='Task-3384' coro=<AsyncClient.aclose() done, defined at C:\Users\jimcr\AppData\Roaming\Python\Python313\site-packages\httpx\_client.py:1996> exception=RuntimeError('Event loop is closed')>
Traceback (most recent call last):
  File "C:\Users\jimcr\AppData\Roaming\Python\Python313\site-packages\httpx\_client.py", line 2003, in aclose
    await self._transport.aclose()
  File "C:\Users\jimcr\AppData\Roaming\Python\Python313\site-packages\httpx\_transports\default.py", line 383, in aclose
    await self._pool.aclose()
  File "C:\Users\jimcr\AppData\Roaming\Python\Python313\site-packages\httpcore\_async\connection_pool.py", line 353, in aclose
    await self._close_connections(closing_connections)
  File "C:\Users\jimcr\AppData\Roaming\Python\Python313\site-packages\httpcore\_async\connection_pool.py", line 345, in _close_connections
    await connection.aclose()
  File "C:\Users\jimcr\AppData\Roaming\Python\Python313\site-packages\httpcore\_async\connection.py", line 173, in aclose
    await self._connection.aclose()
  File "C:\Users\jimcr\AppData\Roaming\Python\Python313\site-packages\httpcore\_async\http11.py", line 258, in aclose
    await self._network_stream.aclose()
  File "C:\Users\jimcr\AppData\Roaming\Python\Python313\site-packages\httpcore\_backends\anyio.py", line 53, in aclose
    await self._stream.aclose()
  File "C:\Users\jimcr\AppData\Roaming\Python\Python313\site-packages\anyio\streams\tls.py", line 236, in aclose
    await self.transport_stream.aclose()
  File "C:\Users\jimcr\AppData\Roaming\Python\Python313\site-packages\anyio\_backends\_asyncio.py", line 1344, in aclose
    self._transport.close()
    ~~~~~~~~~~~~~~~~~~~~~^^
  File "C:\Python313\Lib\asyncio\proactor_events.py", line 109, in close
    self._loop.call_soon(self._call_connection_lost, None)
    ~~~~~~~~~~~~~~~~~~~~^^^^^^^^^^^^^^^^^^^^^^^^^^^^^^^^^^
  File "C:\Python313\Lib\asyncio\base_events.py", line 828, in call_soon
    self._check_closed()
    ~~~~~~~~~~~~~~~~~~^^
  File "C:\Python313\Lib\asyncio\base_events.py", line 551, in _check_closed
    raise RuntimeError('Event loop is closed')
RuntimeError: Event loop is closed
INFO:regular_website_pipeline:  🤖 Starting DeepSeek analysis...
INFO:simple_llm_analysis:  ⏳ Initializing DeepSeek client...
INFO:simple_llm_analysis:  ⏱️ DeepSeek client initialized in 2.06 seconds
INFO:httpx:HTTP Request: POST https://api.deepseek.com/chat/completions "HTTP/1.1 200 OK"
INFO:regular_website_pipeline:  ✓ Analysis complete. Found 14 opportunities.
ERROR:asyncio:Task exception was never retrieved
future: <Task finished name='Task-3415' coro=<AsyncClient.aclose() done, defined at C:\Users\jimcr\AppData\Roaming\Python\Python313\site-packages\httpx\_client.py:1996> exception=RuntimeError('Event loop is closed')>
Traceback (most recent call last):
  File "C:\Users\jimcr\AppData\Roaming\Python\Python313\site-packages\httpx\_client.py", line 2003, in aclose
    await self._transport.aclose()
  File "C:\Users\jimcr\AppData\Roaming\Python\Python313\site-packages\httpx\_transports\default.py", line 383, in aclose
    await self._pool.aclose()
  File "C:\Users\jimcr\AppData\Roaming\Python\Python313\site-packages\httpcore\_async\connection_pool.py", line 353, in aclose
    await self._close_connections(closing_connections)
  File "C:\Users\jimcr\AppData\Roaming\Python\Python313\site-packages\httpcore\_async\connection_pool.py", line 345, in _close_connections
    await connection.aclose()
  File "C:\Users\jimcr\AppData\Roaming\Python\Python313\site-packages\httpcore\_async\connection.py", line 173, in aclose
    await self._connection.aclose()
  File "C:\Users\jimcr\AppData\Roaming\Python\Python313\site-packages\httpcore\_async\http11.py", line 258, in aclose
    await self._network_stream.aclose()
  File "C:\Users\jimcr\AppData\Roaming\Python\Python313\site-packages\httpcore\_backends\anyio.py", line 53, in aclose
    await self._stream.aclose()
  File "C:\Users\jimcr\AppData\Roaming\Python\Python313\site-packages\anyio\streams\tls.py", line 236, in aclose
    await self.transport_stream.aclose()
  File "C:\Users\jimcr\AppData\Roaming\Python\Python313\site-packages\anyio\_backends\_asyncio.py", line 1344, in aclose
    self._transport.close()
    ~~~~~~~~~~~~~~~~~~~~~^^
  File "C:\Python313\Lib\asyncio\proactor_events.py", line 109, in close
    self._loop.call_soon(self._call_connection_lost, None)
    ~~~~~~~~~~~~~~~~~~~~^^^^^^^^^^^^^^^^^^^^^^^^^^^^^^^^^^
  File "C:\Python313\Lib\asyncio\base_events.py", line 828, in call_soon
    self._check_closed()
    ~~~~~~~~~~~~~~~~~~^^
  File "C:\Python313\Lib\asyncio\base_events.py", line 551, in _check_closed
    raise RuntimeError('Event loop is closed')
RuntimeError: Event loop is closed
INFO:regular_website_pipeline:  🤖 Starting DeepSeek analysis...
INFO:simple_llm_analysis:  ⏳ Initializing DeepSeek client...
INFO:simple_llm_analysis:  ⏱️ DeepSeek client initialized in 1.74 seconds
INFO:httpx:HTTP Request: POST https://api.deepseek.com/chat/completions "HTTP/1.1 200 OK"
INFO:regular_website_pipeline:  ✓ Analysis complete. Found 1 opportunities.
ERROR:asyncio:Task exception was never retrieved
future: <Task finished name='Task-3446' coro=<AsyncClient.aclose() done, defined at C:\Users\jimcr\AppData\Roaming\Python\Python313\site-packages\httpx\_client.py:1996> exception=RuntimeError('Event loop is closed')>
Traceback (most recent call last):
  File "C:\Users\jimcr\AppData\Roaming\Python\Python313\site-packages\httpx\_client.py", line 2003, in aclose
    await self._transport.aclose()
  File "C:\Users\jimcr\AppData\Roaming\Python\Python313\site-packages\httpx\_transports\default.py", line 383, in aclose
    await self._pool.aclose()
  File "C:\Users\jimcr\AppData\Roaming\Python\Python313\site-packages\httpcore\_async\connection_pool.py", line 353, in aclose
    await self._close_connections(closing_connections)
  File "C:\Users\jimcr\AppData\Roaming\Python\Python313\site-packages\httpcore\_async\connection_pool.py", line 345, in _close_connections
    await connection.aclose()
  File "C:\Users\jimcr\AppData\Roaming\Python\Python313\site-packages\httpcore\_async\connection.py", line 173, in aclose
    await self._connection.aclose()
  File "C:\Users\jimcr\AppData\Roaming\Python\Python313\site-packages\httpcore\_async\http11.py", line 258, in aclose
    await self._network_stream.aclose()
  File "C:\Users\jimcr\AppData\Roaming\Python\Python313\site-packages\httpcore\_backends\anyio.py", line 53, in aclose
    await self._stream.aclose()
  File "C:\Users\jimcr\AppData\Roaming\Python\Python313\site-packages\anyio\streams\tls.py", line 236, in aclose
    await self.transport_stream.aclose()
  File "C:\Users\jimcr\AppData\Roaming\Python\Python313\site-packages\anyio\_backends\_asyncio.py", line 1344, in aclose
    self._transport.close()
    ~~~~~~~~~~~~~~~~~~~~~^^
  File "C:\Python313\Lib\asyncio\proactor_events.py", line 109, in close
    self._loop.call_soon(self._call_connection_lost, None)
    ~~~~~~~~~~~~~~~~~~~~^^^^^^^^^^^^^^^^^^^^^^^^^^^^^^^^^^
  File "C:\Python313\Lib\asyncio\base_events.py", line 828, in call_soon
    self._check_closed()
    ~~~~~~~~~~~~~~~~~~^^
  File "C:\Python313\Lib\asyncio\base_events.py", line 551, in _check_closed
    raise RuntimeError('Event loop is closed')
RuntimeError: Event loop is closed
INFO:regular_website_pipeline:  🤖 Starting DeepSeek analysis...
INFO:simple_llm_analysis:  ⏳ Initializing DeepSeek client...
INFO:simple_llm_analysis:  ⏱️ DeepSeek client initialized in 2.06 seconds
INFO:httpx:HTTP Request: POST https://api.deepseek.com/chat/completions "HTTP/1.1 200 OK"
INFO:regular_website_pipeline:  ✓ Analysis complete. Found 0 opportunities.
ERROR:asyncio:Task exception was never retrieved
future: <Task finished name='Task-3469' coro=<AsyncClient.aclose() done, defined at C:\Users\jimcr\AppData\Roaming\Python\Python313\site-packages\httpx\_client.py:1996> exception=RuntimeError('Event loop is closed')>
Traceback (most recent call last):
  File "C:\Users\jimcr\AppData\Roaming\Python\Python313\site-packages\httpx\_client.py", line 2003, in aclose
    await self._transport.aclose()
  File "C:\Users\jimcr\AppData\Roaming\Python\Python313\site-packages\httpx\_transports\default.py", line 383, in aclose
    await self._pool.aclose()
  File "C:\Users\jimcr\AppData\Roaming\Python\Python313\site-packages\httpcore\_async\connection_pool.py", line 353, in aclose
    await self._close_connections(closing_connections)
  File "C:\Users\jimcr\AppData\Roaming\Python\Python313\site-packages\httpcore\_async\connection_pool.py", line 345, in _close_connections
    await connection.aclose()
  File "C:\Users\jimcr\AppData\Roaming\Python\Python313\site-packages\httpcore\_async\connection.py", line 173, in aclose
    await self._connection.aclose()
  File "C:\Users\jimcr\AppData\Roaming\Python\Python313\site-packages\httpcore\_async\http11.py", line 258, in aclose
    await self._network_stream.aclose()
  File "C:\Users\jimcr\AppData\Roaming\Python\Python313\site-packages\httpcore\_backends\anyio.py", line 53, in aclose
    await self._stream.aclose()
  File "C:\Users\jimcr\AppData\Roaming\Python\Python313\site-packages\anyio\streams\tls.py", line 236, in aclose
    await self.transport_stream.aclose()
  File "C:\Users\jimcr\AppData\Roaming\Python\Python313\site-packages\anyio\_backends\_asyncio.py", line 1344, in aclose
    self._transport.close()
    ~~~~~~~~~~~~~~~~~~~~~^^
  File "C:\Python313\Lib\asyncio\proactor_events.py", line 109, in close
    self._loop.call_soon(self._call_connection_lost, None)
    ~~~~~~~~~~~~~~~~~~~~^^^^^^^^^^^^^^^^^^^^^^^^^^^^^^^^^^
  File "C:\Python313\Lib\asyncio\base_events.py", line 828, in call_soon
    self._check_closed()
    ~~~~~~~~~~~~~~~~~~^^
  File "C:\Python313\Lib\asyncio\base_events.py", line 551, in _check_closed
    raise RuntimeError('Event loop is closed')
RuntimeError: Event loop is closed
INFO:regular_website_pipeline:  🤖 Starting DeepSeek analysis...
INFO:simple_llm_analysis:  ⏳ Initializing DeepSeek client...
INFO:simple_llm_analysis:  ⏱️ DeepSeek client initialized in 1.71 seconds
INFO:httpx:HTTP Request: POST https://api.deepseek.com/chat/completions "HTTP/1.1 200 OK"
INFO:regular_website_pipeline:  ✓ Analysis complete. Found 1 opportunities.
ERROR:asyncio:Task exception was never retrieved
future: <Task finished name='Task-3493' coro=<AsyncClient.aclose() done, defined at C:\Users\jimcr\AppData\Roaming\Python\Python313\site-packages\httpx\_client.py:1996> exception=RuntimeError('Event loop is closed')>
Traceback (most recent call last):
  File "C:\Users\jimcr\AppData\Roaming\Python\Python313\site-packages\httpx\_client.py", line 2003, in aclose
    await self._transport.aclose()
  File "C:\Users\jimcr\AppData\Roaming\Python\Python313\site-packages\httpx\_transports\default.py", line 383, in aclose
    await self._pool.aclose()
  File "C:\Users\jimcr\AppData\Roaming\Python\Python313\site-packages\httpcore\_async\connection_pool.py", line 353, in aclose
    await self._close_connections(closing_connections)
  File "C:\Users\jimcr\AppData\Roaming\Python\Python313\site-packages\httpcore\_async\connection_pool.py", line 345, in _close_connections
    await connection.aclose()
  File "C:\Users\jimcr\AppData\Roaming\Python\Python313\site-packages\httpcore\_async\connection.py", line 173, in aclose
    await self._connection.aclose()
  File "C:\Users\jimcr\AppData\Roaming\Python\Python313\site-packages\httpcore\_async\http11.py", line 258, in aclose
    await self._network_stream.aclose()
  File "C:\Users\jimcr\AppData\Roaming\Python\Python313\site-packages\httpcore\_backends\anyio.py", line 53, in aclose
    await self._stream.aclose()
  File "C:\Users\jimcr\AppData\Roaming\Python\Python313\site-packages\anyio\streams\tls.py", line 236, in aclose
    await self.transport_stream.aclose()
  File "C:\Users\jimcr\AppData\Roaming\Python\Python313\site-packages\anyio\_backends\_asyncio.py", line 1344, in aclose
    self._transport.close()
    ~~~~~~~~~~~~~~~~~~~~~^^
  File "C:\Python313\Lib\asyncio\proactor_events.py", line 109, in close
    self._loop.call_soon(self._call_connection_lost, None)
    ~~~~~~~~~~~~~~~~~~~~^^^^^^^^^^^^^^^^^^^^^^^^^^^^^^^^^^
  File "C:\Python313\Lib\asyncio\base_events.py", line 828, in call_soon
    self._check_closed()
    ~~~~~~~~~~~~~~~~~~^^
  File "C:\Python313\Lib\asyncio\base_events.py", line 551, in _check_closed
    raise RuntimeError('Event loop is closed')
RuntimeError: Event loop is closed
INFO:regular_website_pipeline:  🤖 Starting DeepSeek analysis...
INFO:simple_llm_analysis:  ⏳ Initializing DeepSeek client...
INFO:simple_llm_analysis:  ⏱️ DeepSeek client initialized in 1.69 seconds
INFO:httpx:HTTP Request: POST https://api.deepseek.com/chat/completions "HTTP/1.1 200 OK"
INFO:regular_website_pipeline:  ✓ Analysis complete. Found 0 opportunities.
ERROR:asyncio:Task exception was never retrieved
future: <Task finished name='Task-3517' coro=<AsyncClient.aclose() done, defined at C:\Users\jimcr\AppData\Roaming\Python\Python313\site-packages\httpx\_client.py:1996> exception=RuntimeError('Event loop is closed')>
Traceback (most recent call last):
  File "C:\Users\jimcr\AppData\Roaming\Python\Python313\site-packages\httpx\_client.py", line 2003, in aclose
    await self._transport.aclose()
  File "C:\Users\jimcr\AppData\Roaming\Python\Python313\site-packages\httpx\_transports\default.py", line 383, in aclose
    await self._pool.aclose()
  File "C:\Users\jimcr\AppData\Roaming\Python\Python313\site-packages\httpcore\_async\connection_pool.py", line 353, in aclose
    await self._close_connections(closing_connections)
  File "C:\Users\jimcr\AppData\Roaming\Python\Python313\site-packages\httpcore\_async\connection_pool.py", line 345, in _close_connections
    await connection.aclose()
  File "C:\Users\jimcr\AppData\Roaming\Python\Python313\site-packages\httpcore\_async\connection.py", line 173, in aclose
    await self._connection.aclose()
  File "C:\Users\jimcr\AppData\Roaming\Python\Python313\site-packages\httpcore\_async\http11.py", line 258, in aclose
    await self._network_stream.aclose()
  File "C:\Users\jimcr\AppData\Roaming\Python\Python313\site-packages\httpcore\_backends\anyio.py", line 53, in aclose
    await self._stream.aclose()
  File "C:\Users\jimcr\AppData\Roaming\Python\Python313\site-packages\anyio\streams\tls.py", line 236, in aclose
    await self.transport_stream.aclose()
  File "C:\Users\jimcr\AppData\Roaming\Python\Python313\site-packages\anyio\_backends\_asyncio.py", line 1344, in aclose
    self._transport.close()
    ~~~~~~~~~~~~~~~~~~~~~^^
  File "C:\Python313\Lib\asyncio\proactor_events.py", line 109, in close
    self._loop.call_soon(self._call_connection_lost, None)
    ~~~~~~~~~~~~~~~~~~~~^^^^^^^^^^^^^^^^^^^^^^^^^^^^^^^^^^
  File "C:\Python313\Lib\asyncio\base_events.py", line 828, in call_soon
    self._check_closed()
    ~~~~~~~~~~~~~~~~~~^^
  File "C:\Python313\Lib\asyncio\base_events.py", line 551, in _check_closed
    raise RuntimeError('Event loop is closed')
RuntimeError: Event loop is closed
INFO:regular_website_pipeline:  🤖 Starting DeepSeek analysis...
INFO:simple_llm_analysis:  ⏳ Initializing DeepSeek client...
INFO:simple_llm_analysis:  ⏱️ DeepSeek client initialized in 2.49 seconds
INFO:httpx:HTTP Request: POST https://api.deepseek.com/chat/completions "HTTP/1.1 200 OK"
INFO:regular_website_pipeline:  ✓ Analysis complete. Found 1 opportunities.
ERROR:asyncio:Task exception was never retrieved
future: <Task finished name='Task-3548' coro=<AsyncClient.aclose() done, defined at C:\Users\jimcr\AppData\Roaming\Python\Python313\site-packages\httpx\_client.py:1996> exception=RuntimeError('Event loop is closed')>
Traceback (most recent call last):
  File "C:\Users\jimcr\AppData\Roaming\Python\Python313\site-packages\httpx\_client.py", line 2003, in aclose
    await self._transport.aclose()
  File "C:\Users\jimcr\AppData\Roaming\Python\Python313\site-packages\httpx\_transports\default.py", line 383, in aclose
    await self._pool.aclose()
  File "C:\Users\jimcr\AppData\Roaming\Python\Python313\site-packages\httpcore\_async\connection_pool.py", line 353, in aclose
    await self._close_connections(closing_connections)
  File "C:\Users\jimcr\AppData\Roaming\Python\Python313\site-packages\httpcore\_async\connection_pool.py", line 345, in _close_connections
    await connection.aclose()
  File "C:\Users\jimcr\AppData\Roaming\Python\Python313\site-packages\httpcore\_async\connection.py", line 173, in aclose
    await self._connection.aclose()
  File "C:\Users\jimcr\AppData\Roaming\Python\Python313\site-packages\httpcore\_async\http11.py", line 258, in aclose
    await self._network_stream.aclose()
  File "C:\Users\jimcr\AppData\Roaming\Python\Python313\site-packages\httpcore\_backends\anyio.py", line 53, in aclose
    await self._stream.aclose()
  File "C:\Users\jimcr\AppData\Roaming\Python\Python313\site-packages\anyio\streams\tls.py", line 236, in aclose
    await self.transport_stream.aclose()
  File "C:\Users\jimcr\AppData\Roaming\Python\Python313\site-packages\anyio\_backends\_asyncio.py", line 1344, in aclose
    self._transport.close()
    ~~~~~~~~~~~~~~~~~~~~~^^
  File "C:\Python313\Lib\asyncio\proactor_events.py", line 109, in close
    self._loop.call_soon(self._call_connection_lost, None)
    ~~~~~~~~~~~~~~~~~~~~^^^^^^^^^^^^^^^^^^^^^^^^^^^^^^^^^^
  File "C:\Python313\Lib\asyncio\base_events.py", line 828, in call_soon
    self._check_closed()
    ~~~~~~~~~~~~~~~~~~^^
  File "C:\Python313\Lib\asyncio\base_events.py", line 551, in _check_closed
    raise RuntimeError('Event loop is closed')
RuntimeError: Event loop is closed
INFO:regular_website_pipeline:  🤖 Starting DeepSeek analysis...
INFO:simple_llm_analysis:  ⏳ Initializing DeepSeek client...
INFO:simple_llm_analysis:  ⏱️ DeepSeek client initialized in 1.58 seconds
INFO:httpx:HTTP Request: POST https://api.deepseek.com/chat/completions "HTTP/1.1 200 OK"
INFO:regular_website_pipeline:  ✓ Analysis complete. Found 1 opportunities.
ERROR:asyncio:Task exception was never retrieved
future: <Task finished name='Task-3571' coro=<AsyncClient.aclose() done, defined at C:\Users\jimcr\AppData\Roaming\Python\Python313\site-packages\httpx\_client.py:1996> exception=RuntimeError('Event loop is closed')>
Traceback (most recent call last):
  File "C:\Users\jimcr\AppData\Roaming\Python\Python313\site-packages\httpx\_client.py", line 2003, in aclose
    await self._transport.aclose()
  File "C:\Users\jimcr\AppData\Roaming\Python\Python313\site-packages\httpx\_transports\default.py", line 383, in aclose
    await self._pool.aclose()
  File "C:\Users\jimcr\AppData\Roaming\Python\Python313\site-packages\httpcore\_async\connection_pool.py", line 353, in aclose
    await self._close_connections(closing_connections)
  File "C:\Users\jimcr\AppData\Roaming\Python\Python313\site-packages\httpcore\_async\connection_pool.py", line 345, in _close_connections
    await connection.aclose()
  File "C:\Users\jimcr\AppData\Roaming\Python\Python313\site-packages\httpcore\_async\connection.py", line 173, in aclose
    await self._connection.aclose()
  File "C:\Users\jimcr\AppData\Roaming\Python\Python313\site-packages\httpcore\_async\http11.py", line 258, in aclose
    await self._network_stream.aclose()
  File "C:\Users\jimcr\AppData\Roaming\Python\Python313\site-packages\httpcore\_backends\anyio.py", line 53, in aclose
    await self._stream.aclose()
  File "C:\Users\jimcr\AppData\Roaming\Python\Python313\site-packages\anyio\streams\tls.py", line 236, in aclose
    await self.transport_stream.aclose()
  File "C:\Users\jimcr\AppData\Roaming\Python\Python313\site-packages\anyio\_backends\_asyncio.py", line 1344, in aclose
    self._transport.close()
    ~~~~~~~~~~~~~~~~~~~~~^^
  File "C:\Python313\Lib\asyncio\proactor_events.py", line 109, in close
    self._loop.call_soon(self._call_connection_lost, None)
    ~~~~~~~~~~~~~~~~~~~~^^^^^^^^^^^^^^^^^^^^^^^^^^^^^^^^^^
  File "C:\Python313\Lib\asyncio\base_events.py", line 828, in call_soon
    self._check_closed()
    ~~~~~~~~~~~~~~~~~~^^
  File "C:\Python313\Lib\asyncio\base_events.py", line 551, in _check_closed
    raise RuntimeError('Event loop is closed')
RuntimeError: Event loop is closed
INFO:regular_website_pipeline:  🤖 Starting DeepSeek analysis...
INFO:simple_llm_analysis:  ⏳ Initializing DeepSeek client...
INFO:simple_llm_analysis:  ⏱️ DeepSeek client initialized in 2.07 seconds
INFO:httpx:HTTP Request: POST https://api.deepseek.com/chat/completions "HTTP/1.1 200 OK"
INFO:regular_website_pipeline:  ✓ Analysis complete. Found 3 opportunities.
ERROR:asyncio:Task exception was never retrieved
future: <Task finished name='Task-3602' coro=<AsyncClient.aclose() done, defined at C:\Users\jimcr\AppData\Roaming\Python\Python313\site-packages\httpx\_client.py:1996> exception=RuntimeError('Event loop is closed')>
Traceback (most recent call last):
  File "C:\Users\jimcr\AppData\Roaming\Python\Python313\site-packages\httpx\_client.py", line 2003, in aclose
    await self._transport.aclose()
  File "C:\Users\jimcr\AppData\Roaming\Python\Python313\site-packages\httpx\_transports\default.py", line 383, in aclose
    await self._pool.aclose()
  File "C:\Users\jimcr\AppData\Roaming\Python\Python313\site-packages\httpcore\_async\connection_pool.py", line 353, in aclose
    await self._close_connections(closing_connections)
  File "C:\Users\jimcr\AppData\Roaming\Python\Python313\site-packages\httpcore\_async\connection_pool.py", line 345, in _close_connections
    await connection.aclose()
  File "C:\Users\jimcr\AppData\Roaming\Python\Python313\site-packages\httpcore\_async\connection.py", line 173, in aclose
    await self._connection.aclose()
  File "C:\Users\jimcr\AppData\Roaming\Python\Python313\site-packages\httpcore\_async\http11.py", line 258, in aclose
    await self._network_stream.aclose()
  File "C:\Users\jimcr\AppData\Roaming\Python\Python313\site-packages\httpcore\_backends\anyio.py", line 53, in aclose
    await self._stream.aclose()
  File "C:\Users\jimcr\AppData\Roaming\Python\Python313\site-packages\anyio\streams\tls.py", line 236, in aclose
    await self.transport_stream.aclose()
  File "C:\Users\jimcr\AppData\Roaming\Python\Python313\site-packages\anyio\_backends\_asyncio.py", line 1344, in aclose
    self._transport.close()
    ~~~~~~~~~~~~~~~~~~~~~^^
  File "C:\Python313\Lib\asyncio\proactor_events.py", line 109, in close
    self._loop.call_soon(self._call_connection_lost, None)
    ~~~~~~~~~~~~~~~~~~~~^^^^^^^^^^^^^^^^^^^^^^^^^^^^^^^^^^
  File "C:\Python313\Lib\asyncio\base_events.py", line 828, in call_soon
    self._check_closed()
    ~~~~~~~~~~~~~~~~~~^^
  File "C:\Python313\Lib\asyncio\base_events.py", line 551, in _check_closed
    raise RuntimeError('Event loop is closed')
RuntimeError: Event loop is closed
INFO:regular_website_pipeline:  🤖 Starting DeepSeek analysis...
INFO:simple_llm_analysis:  ⏳ Initializing DeepSeek client...
INFO:simple_llm_analysis:  ⏱️ DeepSeek client initialized in 2.53 seconds
INFO:httpx:HTTP Request: POST https://api.deepseek.com/chat/completions "HTTP/1.1 200 OK"
INFO:regular_website_pipeline:  ✓ Analysis complete. Found 1 opportunities.
ERROR:asyncio:Task exception was never retrieved
future: <Task finished name='Task-3626' coro=<AsyncClient.aclose() done, defined at C:\Users\jimcr\AppData\Roaming\Python\Python313\site-packages\httpx\_client.py:1996> exception=RuntimeError('Event loop is closed')>
Traceback (most recent call last):
  File "C:\Users\jimcr\AppData\Roaming\Python\Python313\site-packages\httpx\_client.py", line 2003, in aclose
    await self._transport.aclose()
  File "C:\Users\jimcr\AppData\Roaming\Python\Python313\site-packages\httpx\_transports\default.py", line 383, in aclose
    await self._pool.aclose()
  File "C:\Users\jimcr\AppData\Roaming\Python\Python313\site-packages\httpcore\_async\connection_pool.py", line 353, in aclose
    await self._close_connections(closing_connections)
  File "C:\Users\jimcr\AppData\Roaming\Python\Python313\site-packages\httpcore\_async\connection_pool.py", line 345, in _close_connections
    await connection.aclose()
  File "C:\Users\jimcr\AppData\Roaming\Python\Python313\site-packages\httpcore\_async\connection.py", line 173, in aclose
    await self._connection.aclose()
  File "C:\Users\jimcr\AppData\Roaming\Python\Python313\site-packages\httpcore\_async\http11.py", line 258, in aclose
    await self._network_stream.aclose()
  File "C:\Users\jimcr\AppData\Roaming\Python\Python313\site-packages\httpcore\_backends\anyio.py", line 53, in aclose
    await self._stream.aclose()
  File "C:\Users\jimcr\AppData\Roaming\Python\Python313\site-packages\anyio\streams\tls.py", line 236, in aclose
    await self.transport_stream.aclose()
  File "C:\Users\jimcr\AppData\Roaming\Python\Python313\site-packages\anyio\_backends\_asyncio.py", line 1344, in aclose
    self._transport.close()
    ~~~~~~~~~~~~~~~~~~~~~^^
  File "C:\Python313\Lib\asyncio\proactor_events.py", line 109, in close
    self._loop.call_soon(self._call_connection_lost, None)
    ~~~~~~~~~~~~~~~~~~~~^^^^^^^^^^^^^^^^^^^^^^^^^^^^^^^^^^
  File "C:\Python313\Lib\asyncio\base_events.py", line 828, in call_soon
    self._check_closed()
    ~~~~~~~~~~~~~~~~~~^^
  File "C:\Python313\Lib\asyncio\base_events.py", line 551, in _check_closed
    raise RuntimeError('Event loop is closed')
RuntimeError: Event loop is closed
INFO:regular_website_pipeline:  🤖 Starting DeepSeek analysis...
INFO:simple_llm_analysis:  ⏳ Initializing DeepSeek client...
INFO:simple_llm_analysis:  ⏱️ DeepSeek client initialized in 1.93 seconds
INFO:httpx:HTTP Request: POST https://api.deepseek.com/chat/completions "HTTP/1.1 200 OK"
INFO:regular_website_pipeline:  ✓ Analysis complete. Found 1 opportunities.
ERROR:asyncio:Task exception was never retrieved
future: <Task finished name='Task-3650' coro=<AsyncClient.aclose() done, defined at C:\Users\jimcr\AppData\Roaming\Python\Python313\site-packages\httpx\_client.py:1996> exception=RuntimeError('Event loop is closed')>
Traceback (most recent call last):
  File "C:\Users\jimcr\AppData\Roaming\Python\Python313\site-packages\httpx\_client.py", line 2003, in aclose
    await self._transport.aclose()
  File "C:\Users\jimcr\AppData\Roaming\Python\Python313\site-packages\httpx\_transports\default.py", line 383, in aclose
    await self._pool.aclose()
  File "C:\Users\jimcr\AppData\Roaming\Python\Python313\site-packages\httpcore\_async\connection_pool.py", line 353, in aclose
    await self._close_connections(closing_connections)
  File "C:\Users\jimcr\AppData\Roaming\Python\Python313\site-packages\httpcore\_async\connection_pool.py", line 345, in _close_connections
    await connection.aclose()
  File "C:\Users\jimcr\AppData\Roaming\Python\Python313\site-packages\httpcore\_async\connection.py", line 173, in aclose
    await self._connection.aclose()
  File "C:\Users\jimcr\AppData\Roaming\Python\Python313\site-packages\httpcore\_async\http11.py", line 258, in aclose
    await self._network_stream.aclose()
  File "C:\Users\jimcr\AppData\Roaming\Python\Python313\site-packages\httpcore\_backends\anyio.py", line 53, in aclose
    await self._stream.aclose()
  File "C:\Users\jimcr\AppData\Roaming\Python\Python313\site-packages\anyio\streams\tls.py", line 236, in aclose
    await self.transport_stream.aclose()
  File "C:\Users\jimcr\AppData\Roaming\Python\Python313\site-packages\anyio\_backends\_asyncio.py", line 1344, in aclose
    self._transport.close()
    ~~~~~~~~~~~~~~~~~~~~~^^
  File "C:\Python313\Lib\asyncio\proactor_events.py", line 109, in close
    self._loop.call_soon(self._call_connection_lost, None)
    ~~~~~~~~~~~~~~~~~~~~^^^^^^^^^^^^^^^^^^^^^^^^^^^^^^^^^^
  File "C:\Python313\Lib\asyncio\base_events.py", line 828, in call_soon
    self._check_closed()
    ~~~~~~~~~~~~~~~~~~^^
  File "C:\Python313\Lib\asyncio\base_events.py", line 551, in _check_closed
    raise RuntimeError('Event loop is closed')
RuntimeError: Event loop is closed
INFO:regular_website_pipeline:  🤖 Starting DeepSeek analysis...
INFO:simple_llm_analysis:  ⏳ Initializing DeepSeek client...
INFO:simple_llm_analysis:  ⏱️ DeepSeek client initialized in 1.83 seconds
INFO:httpx:HTTP Request: POST https://api.deepseek.com/chat/completions "HTTP/1.1 200 OK"
INFO:regular_website_pipeline:  ✓ Analysis complete. Found 1 opportunities.
ERROR:asyncio:Task exception was never retrieved
future: <Task finished name='Task-3673' coro=<AsyncClient.aclose() done, defined at C:\Users\jimcr\AppData\Roaming\Python\Python313\site-packages\httpx\_client.py:1996> exception=RuntimeError('Event loop is closed')>
Traceback (most recent call last):
  File "C:\Users\jimcr\AppData\Roaming\Python\Python313\site-packages\httpx\_client.py", line 2003, in aclose
    await self._transport.aclose()
  File "C:\Users\jimcr\AppData\Roaming\Python\Python313\site-packages\httpx\_transports\default.py", line 383, in aclose
    await self._pool.aclose()
  File "C:\Users\jimcr\AppData\Roaming\Python\Python313\site-packages\httpcore\_async\connection_pool.py", line 353, in aclose
    await self._close_connections(closing_connections)
  File "C:\Users\jimcr\AppData\Roaming\Python\Python313\site-packages\httpcore\_async\connection_pool.py", line 345, in _close_connections
    await connection.aclose()
  File "C:\Users\jimcr\AppData\Roaming\Python\Python313\site-packages\httpcore\_async\connection.py", line 173, in aclose
    await self._connection.aclose()
  File "C:\Users\jimcr\AppData\Roaming\Python\Python313\site-packages\httpcore\_async\http11.py", line 258, in aclose
    await self._network_stream.aclose()
  File "C:\Users\jimcr\AppData\Roaming\Python\Python313\site-packages\httpcore\_backends\anyio.py", line 53, in aclose
    await self._stream.aclose()
  File "C:\Users\jimcr\AppData\Roaming\Python\Python313\site-packages\anyio\streams\tls.py", line 236, in aclose
    await self.transport_stream.aclose()
  File "C:\Users\jimcr\AppData\Roaming\Python\Python313\site-packages\anyio\_backends\_asyncio.py", line 1344, in aclose
    self._transport.close()
    ~~~~~~~~~~~~~~~~~~~~~^^
  File "C:\Python313\Lib\asyncio\proactor_events.py", line 109, in close
    self._loop.call_soon(self._call_connection_lost, None)
    ~~~~~~~~~~~~~~~~~~~~^^^^^^^^^^^^^^^^^^^^^^^^^^^^^^^^^^
  File "C:\Python313\Lib\asyncio\base_events.py", line 828, in call_soon
    self._check_closed()
    ~~~~~~~~~~~~~~~~~~^^
  File "C:\Python313\Lib\asyncio\base_events.py", line 551, in _check_closed
    raise RuntimeError('Event loop is closed')
RuntimeError: Event loop is closed
INFO:regular_website_pipeline:  🤖 Starting DeepSeek analysis...
INFO:simple_llm_analysis:  ⏳ Initializing DeepSeek client...
INFO:simple_llm_analysis:  ⏱️ DeepSeek client initialized in 2.01 seconds
INFO:httpx:HTTP Request: POST https://api.deepseek.com/chat/completions "HTTP/1.1 200 OK"
INFO:regular_website_pipeline:  ✓ Analysis complete. Found 1 opportunities.
ERROR:asyncio:Task exception was never retrieved
future: <Task finished name='Task-3704' coro=<AsyncClient.aclose() done, defined at C:\Users\jimcr\AppData\Roaming\Python\Python313\site-packages\httpx\_client.py:1996> exception=RuntimeError('Event loop is closed')>
Traceback (most recent call last):
  File "C:\Users\jimcr\AppData\Roaming\Python\Python313\site-packages\httpx\_client.py", line 2003, in aclose
    await self._transport.aclose()
  File "C:\Users\jimcr\AppData\Roaming\Python\Python313\site-packages\httpx\_transports\default.py", line 383, in aclose
    await self._pool.aclose()
  File "C:\Users\jimcr\AppData\Roaming\Python\Python313\site-packages\httpcore\_async\connection_pool.py", line 353, in aclose
    await self._close_connections(closing_connections)
  File "C:\Users\jimcr\AppData\Roaming\Python\Python313\site-packages\httpcore\_async\connection_pool.py", line 345, in _close_connections
    await connection.aclose()
  File "C:\Users\jimcr\AppData\Roaming\Python\Python313\site-packages\httpcore\_async\connection.py", line 173, in aclose
    await self._connection.aclose()
  File "C:\Users\jimcr\AppData\Roaming\Python\Python313\site-packages\httpcore\_async\http11.py", line 258, in aclose
    await self._network_stream.aclose()
  File "C:\Users\jimcr\AppData\Roaming\Python\Python313\site-packages\httpcore\_backends\anyio.py", line 53, in aclose
    await self._stream.aclose()
  File "C:\Users\jimcr\AppData\Roaming\Python\Python313\site-packages\anyio\streams\tls.py", line 236, in aclose
    await self.transport_stream.aclose()
  File "C:\Users\jimcr\AppData\Roaming\Python\Python313\site-packages\anyio\_backends\_asyncio.py", line 1344, in aclose
    self._transport.close()
    ~~~~~~~~~~~~~~~~~~~~~^^
  File "C:\Python313\Lib\asyncio\proactor_events.py", line 109, in close
    self._loop.call_soon(self._call_connection_lost, None)
    ~~~~~~~~~~~~~~~~~~~~^^^^^^^^^^^^^^^^^^^^^^^^^^^^^^^^^^
  File "C:\Python313\Lib\asyncio\base_events.py", line 828, in call_soon
    self._check_closed()
    ~~~~~~~~~~~~~~~~~~^^
  File "C:\Python313\Lib\asyncio\base_events.py", line 551, in _check_closed
    raise RuntimeError('Event loop is closed')
RuntimeError: Event loop is closed
INFO:regular_website_pipeline:  🤖 Starting DeepSeek analysis...
INFO:simple_llm_analysis:  ⏳ Initializing DeepSeek client...
INFO:simple_llm_analysis:  ⏱️ DeepSeek client initialized in 2.33 seconds
INFO:httpx:HTTP Request: POST https://api.deepseek.com/chat/completions "HTTP/1.1 200 OK"
INFO:regular_website_pipeline:  ✓ Analysis complete. Found 5 opportunities.
ERROR:asyncio:Task exception was never retrieved
future: <Task finished name='Task-3735' coro=<AsyncClient.aclose() done, defined at C:\Users\jimcr\AppData\Roaming\Python\Python313\site-packages\httpx\_client.py:1996> exception=RuntimeError('Event loop is closed')>
Traceback (most recent call last):
  File "C:\Users\jimcr\AppData\Roaming\Python\Python313\site-packages\httpx\_client.py", line 2003, in aclose
    await self._transport.aclose()
  File "C:\Users\jimcr\AppData\Roaming\Python\Python313\site-packages\httpx\_transports\default.py", line 383, in aclose
    await self._pool.aclose()
  File "C:\Users\jimcr\AppData\Roaming\Python\Python313\site-packages\httpcore\_async\connection_pool.py", line 353, in aclose
    await self._close_connections(closing_connections)
  File "C:\Users\jimcr\AppData\Roaming\Python\Python313\site-packages\httpcore\_async\connection_pool.py", line 345, in _close_connections
    await connection.aclose()
  File "C:\Users\jimcr\AppData\Roaming\Python\Python313\site-packages\httpcore\_async\connection.py", line 173, in aclose
    await self._connection.aclose()
  File "C:\Users\jimcr\AppData\Roaming\Python\Python313\site-packages\httpcore\_async\http11.py", line 258, in aclose
    await self._network_stream.aclose()
  File "C:\Users\jimcr\AppData\Roaming\Python\Python313\site-packages\httpcore\_backends\anyio.py", line 53, in aclose
    await self._stream.aclose()
  File "C:\Users\jimcr\AppData\Roaming\Python\Python313\site-packages\anyio\streams\tls.py", line 236, in aclose
    await self.transport_stream.aclose()
  File "C:\Users\jimcr\AppData\Roaming\Python\Python313\site-packages\anyio\_backends\_asyncio.py", line 1344, in aclose
    self._transport.close()
    ~~~~~~~~~~~~~~~~~~~~~^^
  File "C:\Python313\Lib\asyncio\proactor_events.py", line 109, in close
    self._loop.call_soon(self._call_connection_lost, None)
    ~~~~~~~~~~~~~~~~~~~~^^^^^^^^^^^^^^^^^^^^^^^^^^^^^^^^^^
  File "C:\Python313\Lib\asyncio\base_events.py", line 828, in call_soon
    self._check_closed()
    ~~~~~~~~~~~~~~~~~~^^
  File "C:\Python313\Lib\asyncio\base_events.py", line 551, in _check_closed
    raise RuntimeError('Event loop is closed')
RuntimeError: Event loop is closed
INFO:regular_website_pipeline:  🤖 Starting DeepSeek analysis...
INFO:simple_llm_analysis:  ⏳ Initializing DeepSeek client...
INFO:simple_llm_analysis:  ⏱️ DeepSeek client initialized in 3.36 seconds
INFO:httpx:HTTP Request: POST https://api.deepseek.com/chat/completions "HTTP/1.1 200 OK"
INFO:regular_website_pipeline:  ✓ Analysis complete. Found 1 opportunities.
